regime,n,R_tls,R_comb,dR_pp
multi (n_tr竕･2),15000,0.5086666666666667,0.4882666666666667,-2.0400000000000027
