tic,k,obs_R,ge_ref,ge_full,gate_ref,gate_full,gate_cur,n_cur,curtailed,t_full,t_cur,t_sealed,ge_sealed_live
100921427,13,0.6571441742328262,313,313,False,False,False,31,True,1.675058,0.05000800000000005,9.247133999999999,313.0
100975203,9,0.6909096156124621,293,293,False,False,False,23,True,1.618207,0.0362019999999994,9.358915999999999,293.0
100123131,33,0.32861094149241254,978,978,False,False,False,10,True,3.8997960000000003,0.038877999999999524,24.981825,978.0
100123854,8,0.6283351900569243,630,630,False,False,False,11,True,1.5985109999999985,0.018007000000000772,9.489308999999999,630.0
100990409,5,0.7709909296251236,348,348,False,False,False,35,True,1.5634540000000001,0.0533910000000013,9.010082000000004,348.0
101014057,12,0.5669634270133618,715,715,False,False,False,13,True,1.6662029999999959,0.020655000000004975,9.160567,715.0
100102303,32,0.33157192771227306,970,970,False,False,False,10,True,3.9559960000000003,0.03915299999999977,24.926084,970.0
100103683,26,0.3678020154460627,913,913,False,False,False,10,True,3.724893999999999,0.040172999999995795,24.812968000000005,913.0
100106368,28,0.4572651982692244,353,353,False,False,False,41,True,3.944297,0.1565380000000003,25.205636000000002,353.0
100107681,34,0.43799633232752244,168,168,False,False,False,58,True,4.047360000000001,0.2369160000000008,25.728747,168.0
100029948,28,0.9967491873524947,0,0,True,True,True,1000,False,3.150252,3.1107750000000003,24.881488,0.0
100067280,27,0.47055397624307005,228,228,False,False,False,31,True,3.884817999999999,0.11914999999999765,25.170675000000003,228.0
100100829,35,0.5497291993457553,6,6,True,True,True,1000,False,3.927167,3.839774000000001,25.418188,6.0
100101948,34,0.42421207823608365,380,380,False,False,False,22,True,3.888325000000002,0.08728399999999681,25.13854,380.0
101017159,12,0.5127945671787718,756,756,False,False,False,13,True,1.6391319999999965,0.023083999999997218,9.170312000000003,756.0
101017638,12,0.6768773030413139,164,164,False,False,False,94,True,1.6615249999999975,0.15436300000000358,9.327504000000005,164.0
101058021,8,0.6768521818429789,650,650,False,False,False,15,True,1.4787859999999995,0.024922000000003663,8.920456999999999,650.0
101070347,14,0.49147217502301066,832,832,False,False,False,12,True,1.6330129999999983,0.018693999999996436,9.605864999999994,832.0
101099031,4,0.9195059550318219,304,304,False,False,False,40,True,1.3977220000000017,0.056518000000004065,8.611366999999994,304.0
101100320,7,0.8846101375696442,99,99,False,False,False,75,True,1.4852810000000005,0.11126600000000053,9.285048000000003,99.0
101101390,14,0.51711158540584,771,771,False,False,False,13,True,1.6630579999999995,0.021370999999994922,9.326260999999995,771.0
101126095,10,0.6598549315757009,589,589,False,False,False,13,True,1.6193279999999959,0.02009799999999018,9.467742000000001,589.0
101139085,9,0.7865168076990889,162,162,False,False,False,35,True,1.5983330000000038,0.05783800000000383,9.443223999999994,162.0
101930558,16,0.44173840260103725,859,859,False,False,False,12,True,2.2546959999999956,0.026012000000008584,13.28750199999999,859.0
101933280,10,0.6880078489006378,618,618,False,False,False,15,True,1.8255339999999975,0.027358000000006655,12.518391000000008,618.0
101944261,11,0.6283358178997818,497,497,False,False,False,15,True,2.0264159999999976,0.03125699999999654,13.019407000000001,497.0
101932572,15,0.5256082442439971,399,399,False,False,False,26,True,2.2865210000000005,0.05893199999999865,13.289007000000012,399.0
101932654,19,0.42998870355827057,750,750,False,False,False,10,True,2.2907399999999996,0.025511999999991986,13.958860999999999,750.0
101948395,12,0.5290375674145482,730,730,False,False,False,10,True,2.2067359999999923,0.020683000000005336,13.228898999999998,730.0
101948780,15,0.47428076648896034,662,662,False,False,False,16,True,2.2861830000000083,0.03923600000000249,13.41494800000001,662.0
101949364,19,0.4669908820500219,732,732,False,False,False,18,True,2.2196969999999965,0.03822900000000118,13.159986000000004,732.0
101949836,11,0.712449602888999,121,121,False,False,False,56,True,2.197759999999988,0.12709300000000212,13.051353000000006,121.0
101963736,12,0.5955594814600425,197,197,False,False,False,66,True,2.2804880000000054,0.14624299999999835,13.380994000000001,197.0
101992165,17,0.560326256177954,243,243,False,False,False,40,True,2.3216560000000044,0.09029299999998841,13.375403000000006,243.0
10819194,7,0.6917943116576595,554,554,False,False,False,22,True,1.4922399999999953,0.03394299999999362,9.019097000000002,554.0
10838083,9,0.615854219146979,664,664,False,False,False,20,True,1.5823110000000042,0.03059400000000778,9.278458,664.0
102029678,18,0.38185391770943,979,979,False,False,False,10,True,2.2673350000000028,0.02301599999999837,14.248726000000005,979.0
102049230,14,0.6158303927029969,275,275,False,False,False,39,True,2.247330000000005,0.08544799999999952,13.282761999999991,275.0
111245072,13,0.6101443441167952,315,315,False,False,False,24,True,1.4722000000000008,0.03605300000000966,8.090059999999994,315.0
111267568,3,0.9918190008946336,147,147,False,False,False,68,True,1.4044369999999873,0.09416000000000224,8.662975000000003,147.0
102086414,25,0.38631092739577344,876,876,False,False,False,11,True,3.815211000000005,0.04021899999999334,25.175381,876.0
10802452,2,1.0,155,155,False,False,False,69,True,1.1222329999999943,0.08001800000000969,7.921560999999997,155.0
111269697,6,0.7873601322880631,400,400,False,False,False,30,True,1.391846000000001,0.04265800000000297,9.02215600000001,400.0
114750450,18,0.4613660800400683,758,758,False,False,False,19,True,2.276245000000003,0.0418860000000052,13.797234999999986,758.0
114750474,11,0.8625154679670021,61,61,False,False,False,128,True,2.15379200000001,0.2792400000000015,13.276381999999998,61.0
114818487,4,0.9289298891713825,324,324,False,False,False,32,True,1.8944769999999949,0.060410000000018726,12.484222999999986,324.0
114818789,10,0.6396427818566596,384,384,False,False,False,26,True,2.011507999999992,0.055959000000001424,13.231305000000006,384.0
114858562,11,0.5477234251666663,779,779,False,False,False,12,True,2.099347999999992,0.02465799999998808,13.159437999999994,779.0
102063797,29,0.3695755133834646,866,866,False,False,False,10,True,3.879244,0.03689200000000881,25.106566,866.0
102070608,28,0.4356130936773147,389,389,False,False,False,21,True,3.8361890000000045,0.08320899999999654,25.117856000000003,389.0
115114717,9,0.66407417498201,465,465,False,False,False,25,True,2.0738290000000177,0.05505000000002269,,
115115136,12,0.8756999601419702,6,6,True,True,True,1000,False,1.8041279999999915,1.7720369999999832,,
115150962,13,0.5813163947337865,703,703,False,False,False,13,True,2.1024170000000026,0.027639999999991005,,
11518255,8,0.8027799326018998,353,353,False,False,False,37,True,1.462886999999995,0.054961999999989075,,
114859570,17,0.4622799432544735,621,621,False,False,False,16,True,2.046755999999988,0.03242599999998674,13.435491999999982,621.0
114918596,13,0.5238735350425704,691,691,False,False,False,12,True,2.056874999999991,0.024535000000014406,13.640169999999983,691.0
115273603,14,0.5054160822368086,724,724,False,False,False,13,True,1.604832000000016,0.021576000000010254,,
115273621,6,0.761322069747814,470,470,False,False,False,25,True,1.602012000000002,0.04150999999998817,,
114948814,17,0.4608785735143901,811,811,False,False,False,11,True,2.186986999999988,0.02529000000001247,13.798966000000007,811.0
114949823,11,0.5957877161914465,527,527,False,False,False,18,True,1.9049499999999853,0.03202500000000441,13.464602999999983,527.0
115276107,4,0.8920052153193495,88,88,False,False,False,114,True,1.5400520000000029,0.17232400000000325,,
115276582,12,0.5735329554259048,618,618,False,False,False,13,True,1.568996999999996,0.020804999999995744,,
11528214,10,0.6974918329655724,69,69,False,False,False,111,True,1.6725450000000137,0.1847439999999949,,
115284339,10,0.6035484527149227,618,618,False,False,False,13,True,1.537050999999991,0.019015999999993483,,
115320495,10,0.7296390598372993,167,167,False,False,False,40,True,1.5867590000000007,0.06154200000000287,,
115321756,8,0.7262403430933276,495,495,False,False,False,24,True,1.5489059999999881,0.036076000000008435,,
115350058,12,0.564605041818642,680,680,False,False,False,16,True,1.3575050000000033,0.022422000000005937,,
11545988,11,0.5113916307990486,788,788,False,False,False,14,True,1.5911940000000016,0.022866999999990867,,
114950121,3,0.3437500067933488,674,674,False,False,False,16,True,1.561251999999996,0.023663000000027523,11.977525999999983,674.0
114952667,3,0.999980840703553,61,61,False,False,False,190,True,1.764111999999983,0.3404029999999807,12.723917999999998,61.0
11557550,13,0.45710997334370806,829,829,False,False,False,14,True,1.622304999999983,0.02311999999997738,,
115692561,11,0.6317339595238686,212,212,False,False,False,86,True,2.127254999999991,0.18511999999998352,,
115693639,13,0.5633781092208218,578,578,False,False,False,20,True,2.1206200000000024,0.0422969999999907,,
11615061,12,0.6036077135583271,281,281,False,False,False,39,True,1.6213709999999821,0.060687999999998965,,
11645778,10,0.5839325018851644,585,585,False,False,False,15,True,1.5667660000000012,0.023324999999999818,,
11649564,8,0.7118767020357087,442,442,False,False,False,21,True,1.427279000000027,0.030819000000008145,,
11637281,11,0.5963465297832161,389,389,False,False,False,22,True,1.5949070000000063,0.034113000000019156,,
116417661,22,0.9240550988711803,0,0,True,True,True,1000,False,1.8254240000000266,1.830962999999997,,
11651884,12,0.5855025698718623,576,576,False,False,False,20,True,1.5641320000000007,0.03255900000002043,,
11652908,14,0.4332088365148127,857,857,False,False,False,12,True,1.6008360000000152,0.020395000000007713,,
11649619,14,0.607622931991591,345,345,False,False,False,45,True,1.60543100000001,0.07279300000001854,,
11649757,3,0.999867834783756,5,5,True,True,True,1000,False,1.5737900000000025,1.6194919999999797,,
117549467,3,0.9811060585453079,212,212,False,False,False,41,True,1.7901569999999936,0.07409999999998718,,
117643471,13,0.5612661985659841,477,477,False,False,False,25,True,2.2716139999999996,0.05577400000001376,,
117875969,11,0.5862868807758391,572,572,False,False,False,19,True,2.097184999999996,0.03947700000000509,,
118826478,16,0.5544299396026167,369,369,False,False,False,17,True,2.247971000000007,0.03576900000001615,,
120414503,13,0.7103133341767485,199,199,False,False,False,92,True,2.182423,0.19378800000001206,,
120414543,15,0.4784247620389762,733,733,False,False,False,12,True,2.30410599999999,0.029326999999994996,,
120430207,22,0.4312048589346047,797,797,False,False,False,14,True,2.2992029999999772,0.035053000000004886,,
120461208,17,0.4778715869299437,744,744,False,False,False,13,True,2.1858840000000157,0.02906600000000026,,
114953091,11,0.6991246816777953,85,85,False,False,False,190,True,2.2151549999999816,0.422286999999983,13.915748999999977,85.0
114990385,10,0.8118539653711918,77,77,False,False,False,170,True,1.7953029999999899,0.3084249999999997,13.461212999999987,77.0
120461410,15,0.49591042351472536,651,651,False,False,False,21,True,2.2647739999999885,0.04717199999998911,,
120488121,16,0.46841013978962875,538,538,False,False,False,15,True,2.3189769999999896,0.035214000000024726,,
120505367,4,0.8915977519597341,541,541,False,False,False,21,True,1.7331900000000076,0.03821299999998473,,
120565939,17,0.54034201599919,215,215,False,False,False,60,True,2.334836999999993,0.1453949999999793,,
115012786,13,0.6863724865051872,56,56,False,False,False,147,True,2.2277340000000265,0.3436189999999897,14.08159599999999,56.0
115043101,11,0.7030843944232775,192,192,False,False,False,59,True,2.0613170000000025,0.12401099999999587,13.596146000000005,192.0
120584779,20,0.3926912268113085,917,917,False,False,False,11,True,2.304930000000013,0.025640000000009877,,
120608824,13,0.6867681580213372,129,129,False,False,False,104,True,2.206052999999997,0.23815199999998526,,
12393811,2,1.0,126,126,False,False,False,86,True,1.5583030000000235,0.12586799999999698,,
12393831,14,0.6247964987334544,78,78,False,False,False,62,True,2.325759000000005,0.14381499999998937,,
121420805,15,0.9455242274644925,0,0,True,True,True,1000,False,1.8154869999999903,1.8152729999999906,,
121423680,15,0.4780802045532557,767,767,False,False,False,13,True,2.233314000000007,0.026086000000020704,,
12418307,13,0.635023670185337,216,216,False,False,False,48,True,2.213538,0.10170199999998886,,
12434574,8,0.9400280221566042,38,38,False,False,False,254,True,1.7728240000000142,0.45041700000001583,,
12470520,19,0.4664464051273095,704,704,False,False,False,13,True,2.287817000000018,0.028167999999993754,,
12509612,14,0.5950601172136594,327,327,False,False,False,17,True,2.23556099999999,0.03949499999998807,,
12773534,10,0.6224832206907186,188,188,False,False,False,38,True,2.203466999999989,0.08891099999999597,,
12784674,7,0.7101950417642223,478,478,False,False,False,18,True,1.987447000000003,0.03307600000002253,,
12787544,11,0.7033571095353616,141,141,False,False,False,79,True,2.220302999999973,0.1757430000000113,,
136842674,11,0.5417989180712898,797,797,False,False,False,13,True,1.6294680000000028,0.02054699999999343,,
12377867,12,0.828300514725702,8,8,True,True,True,1000,False,2.055227000000002,2.033169999999984,,
12393723,17,0.9342107924229334,1,1,True,True,True,1000,False,2.062162999999998,2.078449000000006,,
136845966,11,0.716469127105738,122,122,False,False,False,64,True,1.614481000000012,0.10366500000000656,,
138711927,16,0.5123410645017114,671,671,False,False,False,12,True,2.2757190000000094,0.027381999999988693,,
139122986,12,0.6202011543950147,278,278,False,False,False,20,True,2.154795000000007,0.03990100000001462,,
139453344,13,0.49691021189426865,464,464,False,False,False,26,True,2.2782669999999996,0.06376500000001784,,
139700604,3,0.9490062028376541,277,277,False,False,False,36,True,1.7699659999999824,0.06510900000000674,,
139700906,16,0.6334614654668196,24,24,False,False,False,157,True,2.10163,0.334573000000006,,
139763851,9,0.7931528927763347,166,166,False,False,False,52,True,2.0028149999999982,0.10794899999999075,,
139825582,7,0.6477336638708243,641,641,False,False,False,16,True,1.8813799999999787,0.030382000000003018,,
139844443,16,0.538715818759225,434,434,False,False,False,16,True,2.2313540000000103,0.03609800000000973,,
139987152,13,0.5396209053623963,411,411,False,False,False,21,True,2.2209270000000174,0.045632000000011885,,
143923307,13,0.5883700973817558,298,298,False,False,False,29,True,2.2571069999999906,0.06221400000001154,,
143923380,15,0.5989503296710036,204,204,False,False,False,53,True,2.2922000000000082,0.1328230000000019,,
143952604,3,0.999980977896528,79,79,False,False,False,69,True,1.715219999999988,0.12086399999998321,,
144000467,8,0.8711997062837932,35,35,False,False,False,279,True,1.6501449999999807,0.47891600000002654,,
144102233,11,0.5747854096038958,547,547,False,False,False,22,True,1.649010000000004,0.03529600000001665,,
144103775,4,0.7353005420811479,748,748,False,False,False,14,True,1.4414890000000185,0.02039099999998939,,
144068927,12,0.6263604808419855,541,541,False,False,False,23,True,2.087738999999999,0.05330699999998956,,
144102161,14,0.48638552121144607,677,677,False,False,False,12,True,1.696647000000013,0.02021100000001752,,
144284767,9,0.6873374699234333,398,398,False,False,False,24,True,2.1960949999999855,0.05338899999998148,,
144308900,19,0.4800034726078082,501,501,False,False,False,17,True,2.2490700000000174,0.03747899999999049,,
144313331,8,0.581087902336073,819,819,False,False,False,14,True,1.9402699999999982,0.026039999999994734,,
144331448,11,0.7029165985671969,209,209,False,False,False,47,True,2.084553999999997,0.10075899999998228,,
144331556,5,0.9502822317025443,128,128,False,False,False,75,True,1.861456000000004,0.13608200000001602,,
144335923,12,0.5704331362689568,536,536,False,False,False,15,True,2.099736000000007,0.034141000000005306,,
144378625,14,0.5559619785919002,585,585,False,False,False,17,True,2.2442059999999913,0.03850300000001994,,
144385668,10,0.5848497444885891,657,657,False,False,False,16,True,2.1451429999999903,0.036189000000007354,,
144386555,15,0.5010172027408898,737,737,False,False,False,12,True,2.220168000000001,0.02614899999997533,,
144387241,16,0.466031268994205,614,614,False,False,False,16,True,2.2894769999999767,0.03609800000000973,,
144387364,12,0.6209037953328022,413,413,False,False,False,19,True,2.1034580000000176,0.04086000000000922,,
144403828,14,0.5171498231700155,630,630,False,False,False,12,True,2.2527139999999974,0.02890899999999874,,
144406842,11,0.6796040491202032,163,163,False,False,False,43,True,2.145493000000016,0.08882299999999077,,
144432683,15,0.5297022178250888,373,373,False,False,False,22,True,2.3632729999999924,0.05178499999999531,,
144434171,17,0.46392464279609524,649,649,False,False,False,18,True,2.2646239999999977,0.041426000000001295,,
144435085,10,0.6093397359390241,668,668,False,False,False,16,True,2.126105999999993,0.034028000000006386,,
144440091,17,0.5012235603643881,523,523,False,False,False,20,True,2.273555999999985,0.04720100000000116,,
144446304,10,0.6588009232672436,185,185,False,False,False,60,True,2.2288790000000063,0.13923200000002112,,
149011533,14,0.5069840134227874,634,634,False,False,False,10,True,2.358245000000011,0.02087099999999964,,
149838741,17,0.4096661607669253,860,860,False,False,False,13,True,2.3296789999999987,0.02791500000000724,,
144458200,12,0.6318834867944105,268,268,False,False,False,41,True,2.2013939999999934,0.09436999999999784,,
144462697,39,0.8943025073695673,0,0,True,True,True,1000,False,2.1483100000000093,2.2335199999999986,,
150065244,28,0.47768018914767474,247,247,False,False,False,37,True,4.556126000000006,0.16841299999998682,,
150066811,9,0.7116069360227678,244,244,False,False,False,59,True,1.4177790000000243,0.09854899999999134,,
149973044,32,0.43865301754232555,448,448,False,False,False,27,True,5.8736720000000275,0.16662500000001046,,
149989242,19,0.6372318251337089,74,74,False,False,False,66,True,4.357412000000011,0.2938750000000141,,
149971277,44,0.34068393019700505,770,770,False,False,False,12,True,6.346316000000002,0.07395999999999958,,
149971537,35,0.38471935853110995,510,510,False,False,False,17,True,6.199189000000018,0.10153099999999426,,
150030950,33,0.40266801745705005,485,485,False,False,False,19,True,6.202586999999994,0.11104000000000269,,
150031766,28,0.40132385854387387,626,626,False,False,False,15,True,4.643045999999998,0.06835600000002273,,
150032786,16,0.5568642078620311,423,423,False,False,False,21,True,3.8099789999999985,0.07900099999997678,,
150062502,44,0.3797846474951634,545,545,False,False,False,17,True,6.12238099999999,0.09895000000000209,,
149993861,43,0.31756591085930264,961,961,False,False,False,10,True,6.497769000000005,0.06829100000001631,,
150029502,40,0.38431336117896997,462,462,False,False,False,26,True,6.558877999999993,0.17431400000000963,,
150188659,5,0.9027045067955024,79,79,False,False,False,78,True,2.1819670000000144,0.163060999999999,,
150191881,18,0.4492222806354086,818,818,False,False,False,14,True,3.66812299999998,0.05242099999998118,,
150098542,19,0.5522572216267931,417,417,False,False,False,18,True,3.8716990000000067,0.06676600000000121,,
150102227,28,0.4020680466086498,764,764,False,False,False,14,True,6.066958,0.08606499999999073,,
150270977,24,0.45635065535450936,619,619,False,False,False,25,True,5.471674000000007,0.14623900000000845,,
150271706,3,0.9277197328986048,452,452,False,False,False,29,True,1.3325220000000115,0.036906999999985146,,
150104808,24,0.6003886377887072,62,62,False,False,False,200,True,4.732867999999996,0.9372260000000097,,
150106948,27,0.44661591790440736,217,217,False,False,False,53,True,4.736575000000016,0.2355009999999993,,
150249622,18,0.626779635799747,130,130,False,False,False,44,True,5.172086999999976,0.22970799999998803,,
150250528,24,0.5489731639637783,91,91,False,False,False,148,True,5.558295999999984,0.8034140000000036,,
150146973,44,0.3167899126181407,973,973,False,False,False,10,True,6.54529500000001,0.06804699999997865,,
150187916,24,0.9133603167460903,0,0,True,True,True,1000,False,4.754179999999991,4.77259699999999,,
150299115,38,0.35093890149531903,847,847,False,False,False,15,True,6.3399049999999875,0.09159499999998388,,
150301109,42,0.39292617810206165,261,261,False,False,False,33,True,6.292829000000012,0.21144499999999766,,
150391740,17,0.6869010013220319,77,77,False,False,False,102,True,2.215042000000011,0.21890800000002741,,
150429481,23,0.44680196011108464,614,614,False,False,False,21,True,3.8778660000000116,0.08906499999997664,,
150322652,43,0.34547468867678244,662,662,False,False,False,13,True,6.584141999999986,0.0846650000000011,,
150359212,36,0.4006796144169553,533,533,False,False,False,19,True,6.106542999999988,0.11897500000000605,,
150391118,19,0.5117690353642971,319,319,False,False,False,20,True,3.6964220000000125,0.06881200000000831,,
150391436,31,0.4696011669362794,67,67,False,False,False,71,True,6.1969430000000045,0.43779100000000426,,
150360766,25,0.5525266828480487,135,135,False,False,False,106,True,5.585025999999999,0.5675969999999779,,
150390619,26,0.550817860678238,34,34,False,False,False,302,True,5.744304999999997,1.808854999999994,,
150274632,19,0.6017533765258684,154,154,False,False,False,32,True,5.314751000000001,0.17487500000001432,,
150299078,33,0.5862853235217804,0,0,True,True,True,1000,False,6.1218140000000005,6.096645999999993,,
152069565,13,0.5341810328789988,575,575,False,False,False,16,True,2.297294999999991,0.03479200000001015,,
152272780,5,0.7848323931199791,591,591,False,False,False,13,True,1.8236119999999971,0.024743000000000848,,
152475818,10,0.6550331011846087,480,480,False,False,False,23,True,1.659008,0.038153999999991584,,
152536709,6,0.6871851549653607,737,737,False,False,False,12,True,1.5522739999999828,0.019361000000003514,,
152289084,8,0.7629332833698481,232,232,False,False,False,61,True,1.4407520000000034,0.08386399999997707,,
152318730,8,0.9066968422167051,15,15,False,False,False,430,True,1.6817160000000229,0.7211960000000204,,
152537042,10,0.5276359350494804,649,649,False,False,False,14,True,1.745660000000015,0.025240999999994074,,
154616668,12,0.48564845610199714,741,741,False,False,False,13,True,2.3018940000000043,0.027513999999996486,,
154844384,10,0.6938488377516934,426,426,False,False,False,24,True,2.004782000000006,0.04547900000000027,,
154844651,12,0.6114132849996198,673,673,False,False,False,11,True,2.2270599999999945,0.022303000000022166,,
155315895,6,0.7675164552806624,403,403,False,False,False,28,True,2.018318999999991,0.053354999999982056,,
155316003,15,0.5276692334108062,633,633,False,False,False,18,True,2.245879000000002,0.03929099999999153,,
150441905,41,0.3249578691019581,899,899,False,False,False,10,True,6.101747999999986,0.05601999999998952,,
150442748,18,0.5947289724228133,276,276,False,False,False,39,True,3.3467869999999778,0.13158699999999612,,
150430275,44,0.36749160675367576,571,571,False,False,False,21,True,6.297834999999992,0.1230019999999854,,
150440079,26,0.4570545359761815,607,607,False,False,False,19,True,5.3858140000000105,0.12008399999999142,,
155951632,23,0.34446752113746537,940,940,False,False,False,10,True,2.521310999999997,0.024341999999990094,,
155967977,13,0.5752813569293292,419,419,False,False,False,20,True,2.34921300000002,0.04030299999999443,,
155944894,10,0.8258601402224461,9,9,True,True,True,1000,False,2.241191999999984,2.317315000000008,,
155951271,14,0.6013334539981854,256,256,False,False,False,43,True,2.388663000000008,0.09905599999999026,,
155986202,15,0.5431164829538355,523,523,False,False,False,15,True,2.308983999999981,0.03859399999998914,,
156003626,11,0.5795027032491058,431,431,False,False,False,39,True,2.310563000000002,0.09313099999999963,,
156083493,17,0.4932841522435478,490,490,False,False,False,18,True,2.385836999999981,0.03788299999999367,,
156087003,17,0.5273427998771691,443,443,False,False,False,17,True,2.3305389999999875,0.04028500000001145,,
158536201,16,0.4946223222766002,649,649,False,False,False,12,True,2.142999000000003,0.024395999999995865,,
158536220,10,0.6811347299747763,120,120,False,False,False,85,True,2.3105189999999993,0.1959229999999934,,
159641248,7,0.8775834596019472,136,136,False,False,False,58,True,1.9458180000000027,0.1129009999999937,,
159672838,5,0.8705898695850856,572,572,False,False,False,23,True,1.8050939999999969,0.03802300000000969,,
160069047,13,0.5532077462616285,605,605,False,False,False,15,True,2.2531290000000013,0.03665300000000116,,
160080353,10,0.6664763022178615,285,285,False,False,False,46,True,2.1670959999999866,0.10161499999998114,,
160197441,7,0.6759437271611929,470,470,False,False,False,29,True,1.4981050000000096,0.040310000000005175,,
160225415,6,0.8122262215559046,292,292,False,False,False,31,True,1.6040610000000015,0.04689899999999625,,
160148428,16,0.5832295915547074,407,407,False,False,False,37,True,2.350724000000014,0.09300700000000006,,
160192747,11,0.5923857734013034,651,651,False,False,False,16,True,1.4745939999999962,0.022826000000009117,,
158624328,27,0.49293236164892984,108,108,False,False,False,77,True,4.036696000000006,0.29842000000002145,,
159628098,17,0.5005195548102281,764,764,False,False,False,13,True,2.313806999999997,0.029989999999997963,,
160081043,62,0.13945978275080861,991,991,False,False,False,10,True,2.584788000000003,0.027818000000024767,,
160113035,9,0.7708243795668198,167,167,False,False,False,39,True,2.1144879999999944,0.07927999999998292,,
161112458,14,0.5622164560563968,357,357,False,False,False,17,True,2.341663000000011,0.03807599999998956,,
161153394,16,0.4334585919440841,957,957,False,False,False,10,True,2.237754999999993,0.025428000000005113,,
161154963,5,0.9261073646973884,87,87,False,False,False,136,True,1.8039009999999962,0.24252400000000307,,
161168147,13,0.5556150566332948,505,505,False,False,False,19,True,2.264031000000017,0.03923199999996996,,
161168483,12,0.5901441350828159,582,582,False,False,False,14,True,2.122479999999996,0.028662999999994554,,
161169062,17,0.4573475751935192,872,872,False,False,False,12,True,2.248435999999998,0.027606999999989057,,
161170644,5,0.8709756333658837,215,215,False,False,False,29,True,1.8149499999999819,0.05817199999998479,,
161173424,14,0.603416823045536,121,121,False,False,False,45,True,2.336989000000017,0.10174499999999398,,
161221229,2,1.0,80,80,False,False,False,103,True,1.6389619999999923,0.16158599999999979,,
161223640,15,0.48316000680630555,819,819,False,False,False,17,True,2.2642020000000116,0.035027000000013686,,
161174069,14,0.562507239241851,254,254,False,False,False,28,True,2.329630999999978,0.06417600000000334,,
161209504,16,0.5146319426577163,476,476,False,False,False,13,True,2.2475179999999852,0.02871999999996433,,
161264425,3,0.9962213447031998,168,168,False,False,False,78,True,1.6390670000000114,0.13071100000001934,,
161271850,11,0.7103487993908715,119,119,False,False,False,85,True,2.18282499999998,0.18440700000002153,,
161272468,13,0.6436252318020219,184,184,False,False,False,90,True,2.0320009999999797,0.18351599999999735,,
161291273,15,0.5408366925533815,447,447,False,False,False,18,True,2.2398640000000114,0.04434600000001865,,
161358441,14,0.5249095973083463,399,399,False,False,False,19,True,2.2286270000000172,0.04218100000002778,,
161376469,13,0.525406866242719,519,519,False,False,False,28,True,2.1637809999999718,0.06325799999996207,,
161458420,11,0.5683551157463075,732,732,False,False,False,10,True,1.9297779999999989,0.01994200000001456,,
161459089,13,0.5327990388106854,686,686,False,False,False,16,True,2.012863999999979,0.03387500000002319,,
161376559,16,0.5941811168741846,179,179,False,False,False,56,True,2.2153409999999667,0.1225650000000087,,
161440068,14,0.6314477089582261,185,185,False,False,False,38,True,2.053531000000021,0.07510999999999513,,
161306328,18,0.4266852069981226,918,918,False,False,False,10,True,2.264115000000004,0.024105000000020027,,
161313695,17,0.7129044197668438,35,35,False,False,False,302,True,2.2406589999999937,0.6826350000000048,,
164681149,8,0.5804237343429,588,588,False,False,False,19,True,1.616583999999989,0.03404699999998684,,
164695091,12,0.4735833103292897,880,880,False,False,False,11,True,1.6411220000000526,0.0177349999999592,,
164698728,5,0.8860322150224684,362,362,False,False,False,25,True,1.4461369999999647,0.03604400000000396,,
164720895,10,0.5689134219629283,691,691,False,False,False,14,True,1.5782140000000027,0.021151000000031672,,
164720937,6,0.9084606194156736,147,147,False,False,False,40,True,1.547110000000032,0.059106999999983145,,
164753256,3,0.9459765073345849,269,269,False,False,False,39,True,1.1831959999999526,0.045040999999969245,,
164775178,4,0.934950639359262,191,191,False,False,False,71,True,1.3295249999999896,0.09778700000003937,,
165889185,8,0.7455359866340611,313,313,False,False,False,38,True,1.449452000000008,0.05613299999998844,,
164768954,12,0.6210711735378897,308,308,False,False,False,30,True,1.6675349999999867,0.050612999999998465,,
164772943,13,0.5378943605432842,470,470,False,False,False,20,True,1.6718070000000012,0.03343899999998712,,
165940959,4,0.8402469087683607,265,265,False,False,False,22,True,1.3781659999999647,0.03212299999995594,,
167526213,9,0.7015933380920907,527,527,False,False,False,15,True,2.879203000000018,0.04211300000002893,,
169304346,11,0.5581280428965697,650,650,False,False,False,21,True,2.2550810000000183,0.05054499999999962,,
175391698,19,0.50333294588014,738,738,False,False,False,13,True,2.2340960000000223,0.03117000000003145,,
175392087,7,0.7882313163037727,293,293,False,False,False,45,True,1.9343860000000177,0.08430000000004156,,
175397329,14,0.5145142428594691,643,643,False,False,False,18,True,2.229460999999958,0.04222599999997101,,
167655998,23,0.43832985584574624,828,828,False,False,False,12,True,3.3344319999999925,0.04181399999998803,,
167698166,36,0.3180223855824855,983,983,False,False,False,10,True,5.5250520000000165,0.05328500000001668,,
167813804,36,0.40521936507969636,444,444,False,False,False,21,True,5.755615999999975,0.12382299999995894,,
169266000,11,0.6845023444214375,312,312,False,False,False,32,True,2.129125999999985,0.06933400000002621,,
167526477,19,0.5360488726208845,309,309,False,False,False,31,True,4.943881999999974,0.15034800000000814,,
167549317,24,0.5499395742515261,109,109,False,False,False,77,True,5.3081470000000195,0.4001410000000192,,
175405764,5,0.8083735250429706,259,259,False,False,False,48,True,1.8372009999999932,0.08531199999998762,,
175405928,11,0.6431189841544893,270,270,False,False,False,43,True,2.216421999999966,0.09232299999996485,,
175409859,15,0.5897984034246251,149,149,False,False,False,49,True,2.2750199999999836,0.1117640000000506,,
175411371,16,0.5622295481677216,357,357,False,False,False,31,True,2.2380770000000325,0.07090599999997949,,
167723227,37,0.3548699102644933,829,829,False,False,False,12,True,5.638896999999986,0.07159100000001217,,
167797589,31,0.3860847993143567,571,571,False,False,False,15,True,5.727947999999969,0.08340799999996307,,
179282641,18,0.4729200529412946,478,478,False,False,False,20,True,2.32111900000001,0.04589000000004262,,
179284271,15,0.5371906468029821,594,594,False,False,False,22,True,2.2067689999999516,0.04868499999997766,,
175457541,17,0.4446464346371949,692,692,False,False,False,19,True,2.3030410000000074,0.043923000000006596,,
175475124,15,0.6114604702186639,134,134,False,False,False,112,True,2.2815949999999816,0.2661550000000261,,
179491590,20,0.4912458040974754,388,388,False,False,False,20,True,2.315133000000003,0.04750899999999092,,
179492666,10,0.6472233236665391,295,295,False,False,False,40,True,2.148569000000009,0.0865360000000237,,
179677491,15,0.46815741074800665,777,777,False,False,False,15,True,2.224264000000005,0.03460499999999911,,
179678378,9,0.6687284635081986,300,300,False,False,False,43,True,2.050339000000008,0.09566300000000183,,
179986582,4,0.9904740965471842,93,93,False,False,False,110,True,1.6932350000000156,0.19352099999997563,,
180413022,2,1.0,106,106,False,False,False,142,True,1.9058499999999867,0.25576699999999164,,
179823111,18,0.5670401618764326,180,180,False,False,False,42,True,2.2579920000000016,0.09735200000000077,,
179985715,19,0.45512541429434616,402,402,False,False,False,34,True,2.467047999999977,0.0790190000000166,,
180724528,3,0.9989619960481946,127,127,False,False,False,92,True,2.46939500000002,0.2243010000000254,,
180724548,4,0.9500089785293996,195,195,False,False,False,59,True,1.3491619999999784,0.07669500000002927,,
180444255,23,0.45770258303079325,607,607,False,False,False,13,True,2.473463000000038,0.03244699999999057,,
180444967,18,0.4685851556495727,691,691,False,False,False,13,True,2.4130629999999655,0.028325000000052114,,
180999563,25,0.448929496636461,540,540,False,False,False,14,True,4.000344999999982,0.0538970000000063,,
181230103,6,0.8306350814932152,202,202,False,False,False,46,True,1.9217369999999505,0.09213099999999486,,
181454895,20,0.4705806917040869,754,754,False,False,False,14,True,2.3199989999999957,0.032173999999997704,,
182521219,17,0.5971799497132099,182,182,False,False,False,39,True,2.2953229999999962,0.08500000000003638,,
183495016,11,0.6778422578347995,191,191,False,False,False,22,True,2.1868369999999686,0.04495800000000827,,
183529176,20,0.40855789906751006,939,939,False,False,False,10,True,2.290223000000026,0.021818999999993594,,
180551167,25,0.48397634475976314,246,246,False,False,False,48,True,4.042947999999967,0.1809109999999805,,
180723706,21,0.478189446338914,325,325,False,False,False,26,True,3.865750000000048,0.10484700000000657,,
183529721,18,0.472257650266957,574,574,False,False,False,13,True,2.3169869999999833,0.029217999999957556,,
183532275,4,0.882211049403961,382,382,False,False,False,26,True,1.7562710000000266,0.043517000000008466,,
183529462,5,0.949102525363522,55,55,False,False,False,222,True,1.9466020000000412,0.42916700000000674,,
183529631,17,0.4775594926704201,842,842,False,False,False,10,True,2.2184389999999894,0.023761999999976524,,
183533154,5,0.9211695466288977,258,258,False,False,False,37,True,1.8241010000000415,0.07203500000002805,,
183536420,11,0.6034407696760633,340,340,False,False,False,36,True,2.2249480000000403,0.07881300000002511,,
183537557,15,0.5565946110299614,304,304,False,False,False,30,True,2.2820330000000126,0.06759999999997035,,
183584918,18,0.4649896205752383,662,662,False,False,False,14,True,2.311096999999961,0.033221999999966556,,
183585025,17,0.5672331170407462,260,260,False,False,False,50,True,2.307268000000022,0.1204010000000153,,
183585325,17,0.42114059204298193,800,800,False,False,False,11,True,2.3195370000000253,0.026135000000010677,,
184137441,2,1.0,131,131,False,False,False,66,True,1.729616999999962,0.11679399999997031,,
184240478,7,0.7010838904625729,413,413,False,False,False,25,True,1.3834360000000174,0.03552099999996017,,
183645350,20,0.6884312644892016,48,48,False,False,False,210,True,3.2042710000000056,0.6651489999999853,,
183675957,9,0.6976002699004189,466,466,False,False,False,15,True,1.9297159999999849,0.026822999999978947,,
183591107,10,0.8013579628589027,76,76,False,False,False,167,True,2.6592059999999833,0.44336199999997916,,
183594608,26,0.46805916685714566,372,372,False,False,False,22,True,3.767916000000014,0.08082699999999932,,
184398115,5,0.835256412530059,529,529,False,False,False,19,True,1.3325980000000186,0.025387999999963995,,
184449225,4,0.986087370388469,89,89,False,False,False,116,True,1.3899049999999988,0.16234700000001112,,
183619369,22,0.49562807607107473,414,414,False,False,False,16,True,3.661184999999989,0.05983000000003358,,
183620516,12,0.6364796234214187,162,162,False,False,False,41,True,3.3354420000000005,0.1395149999999603,,
183981752,25,0.37501749267234286,850,850,False,False,False,12,True,4.306626999999992,0.05130700000000843,,
183984138,13,0.5982314008136065,375,375,False,False,False,27,True,2.192934999999977,0.05904400000002852,,
188544193,15,0.4903176974316623,725,725,False,False,False,17,True,2.2544540000000097,0.03874099999995906,,
188570399,16,0.5558687637271094,216,216,False,False,False,51,True,2.295485000000042,0.11751599999996643,,
197783882,14,0.5366925705399036,519,519,False,False,False,25,True,2.238884999999982,0.056124000000011165,,
197784342,17,0.5374572380563205,366,366,False,False,False,36,True,3.5279760000000238,0.12688600000001315,,
197806814,26,0.3687119755446968,902,902,False,False,False,11,True,3.6230749999999716,0.03955999999999449,,
197807043,12,0.537855564408858,445,445,False,False,False,20,True,2.2288410000000454,0.048095999999986816,,
197804126,27,0.43683733550783754,821,821,False,False,False,11,True,3.467376999999999,0.037709000000006654,,
197804282,17,0.6807001062672908,105,105,False,False,False,111,True,3.268250000000023,0.3685259999999744,,
197807302,27,0.3854176501836134,831,831,False,False,False,15,True,3.728343000000052,0.058730999999966116,,
197808393,2,1.0,55,55,False,False,False,243,True,2.4694849999999633,0.5988709999999742,,
197809777,13,0.5885734382308252,620,620,False,False,False,14,True,2.0987269999999967,0.028930000000002565,,
197829601,30,0.38965486271413496,699,699,False,False,False,10,True,3.900252000000023,0.03919700000000148,,
197830265,16,0.5355104003165934,521,521,False,False,False,22,True,2.2958790000000135,0.053058999999962,,
197845043,27,0.5129175054626753,168,168,False,False,False,39,True,3.690197000000012,0.13842399999998634,,
197846172,19,0.4575949223205009,802,802,False,False,False,11,True,2.327859999999987,0.024048999999990883,,
197880776,23,0.4398702124978291,671,671,False,False,False,15,True,3.567694999999958,0.051104000000009364,,
197887644,7,0.7236067097639037,434,434,False,False,False,15,True,1.6008669999999938,0.024939000000017586,,
197890692,14,0.857941521992212,31,31,False,False,False,295,True,2.67656199999999,0.7832579999999894,,
197892635,12,0.6278017058779424,534,534,False,False,False,13,True,2.8325569999999516,0.03902699999997594,,
197904448,13,0.5572387156508188,734,734,False,False,False,16,True,1.5626389999999901,0.026424000000019987,,
197935605,17,0.4998146593131868,541,541,False,False,False,20,True,2.2842070000000376,0.04850699999997232,,
197950300,11,0.7016180056258484,131,131,False,False,False,97,True,2.055687999999975,0.19552000000004455,,
197885600,24,0.4566905132175636,451,451,False,False,False,18,True,3.8094150000000013,0.07284400000003188,,
197886895,27,0.377000737201141,872,872,False,False,False,11,True,3.8246529999999552,0.04352099999999837,,
197954314,6,0.9277445610378928,129,129,False,False,False,89,True,1.5231559999999718,0.13239400000003343,,
197955324,12,0.5358499698783853,626,626,False,False,False,15,True,1.8011720000000082,0.02697899999998299,,
198005341,5,0.9184932014953995,285,285,False,False,False,25,True,1.284530000000018,0.03173100000003615,,
198074705,11,0.5982748395484997,584,584,False,False,False,16,True,1.3824089999999956,0.022468000000003485,,
198077554,7,0.7039385185407259,242,242,False,False,False,39,True,1.3590300000000184,0.05234699999999748,,
198078007,8,0.6629310915290434,793,793,False,False,False,13,True,1.402750000000026,0.018013999999993757,,
197979354,20,0.4442024638157591,583,583,False,False,False,12,True,2.284737000000007,0.027638000000024476,,
197982694,16,0.4636196968766826,890,890,False,False,False,13,True,2.2042239999999538,0.02876800000001367,,
197983102,10,0.6895914886341734,148,148,False,False,False,62,True,2.198825999999997,0.13972100000000864,,
197985569,11,0.6271743767695203,290,290,False,False,False,61,True,2.185845000000029,0.13096899999999323,,
197961755,13,0.9368310704574305,0,0,True,True,True,1000,False,2.014880000000005,1.995950999999991,,
197978738,6,0.7402733452890933,610,610,False,False,False,23,True,1.815938000000017,0.04179600000003347,,
198081001,9,0.7711261499416137,192,192,False,False,False,79,True,1.5688140000000317,0.1267389999999864,,
199729914,26,0.4725190667965522,308,308,False,False,False,33,True,3.7475279999999884,0.12088600000004135,,
200745217,4,0.9933242650005892,108,108,False,False,False,125,True,1.428638000000035,0.17998499999998785,,
200746541,11,0.7011180305598949,268,268,False,False,False,27,True,1.650051000000019,0.04239599999999655,,
200671041,6,0.8937464198217152,103,103,False,False,False,75,True,1.8372919999999908,0.13935400000002574,,
200742257,12,0.6658395036779822,413,413,False,False,False,25,True,2.948560999999984,0.07104699999996456,,
199735836,29,0.4170081672317676,660,660,False,False,False,15,True,3.7705720000000156,0.05433699999997543,,
200657905,16,0.6076372233281827,210,210,False,False,False,28,True,2.0387420000000134,0.05432100000001583,,
200782823,10,0.5625195470325952,840,840,False,False,False,11,True,1.6086710000000153,0.018657000000018797,,
200786539,7,0.8000025029103777,210,210,False,False,False,33,True,1.5710190000000352,0.05240600000001905,,
199731707,22,0.4694085389877206,487,487,False,False,False,22,True,3.7287090000000376,0.08299599999998009,,
199735746,24,0.44359025591580026,503,503,False,False,False,17,True,3.7528010000000336,0.06283200000001443,,
200802812,12,0.6549309817793008,218,218,False,False,False,43,True,1.5858709999999974,0.06807100000003175,,
200804116,12,0.5731288641274735,569,569,False,False,False,22,True,1.6091580000000363,0.03569699999997056,,
200807744,6,0.9027969287496743,320,320,False,False,False,31,True,1.3729289999999992,0.041782000000011976,,
200852526,2,0.0,1000,1000,False,False,False,10,True,1.357323000000008,0.014280999999982669,,
200769811,12,0.9090022890095537,6,6,True,True,True,1000,False,2.9932439999999474,2.9838949999999613,,
200780252,12,0.6517231059740892,488,488,False,False,False,20,True,1.6175609999999665,0.03458899999998266,,
201753334,5,0.9232058552414387,157,157,False,False,False,72,True,1.8128500000000258,0.128421000000003,,
204584365,8,0.8839350335474707,106,106,False,False,False,61,True,1.640925999999979,0.100687999999991,,
206385283,8,0.5899086512911941,813,813,False,False,False,13,True,1.5744680000000244,0.01949899999999616,,
206401237,7,0.8660771815078154,151,151,False,False,False,76,True,1.59833900000001,0.12120200000003933,,
206402318,10,0.6437415752212077,168,168,False,False,False,84,True,1.64812900000004,0.13808199999999715,,
206402603,12,0.4870240260759373,763,763,False,False,False,12,True,1.647040000000004,0.01873199999999997,,
206434088,10,0.7040417920971809,141,141,False,False,False,58,True,1.671420000000012,0.09376300000002402,,
206435948,12,0.4996496339113762,842,842,False,False,False,10,True,1.6282429999999977,0.017129000000011274,,
204588986,13,0.5764126090143916,451,451,False,False,False,11,True,2.203665000000001,0.023633000000018,,
206350311,22,0.4500027348967297,638,638,False,False,False,15,True,3.8129359999999792,0.0562900000000468,,
206467901,11,0.6149337439147781,503,503,False,False,False,17,True,1.5740220000000136,0.026978000000042357,,
206469812,3,0.9325459107758971,394,394,False,False,False,25,True,1.2951400000000035,0.034041000000001986,,
206466813,13,0.5213182065851006,542,542,False,False,False,16,True,1.6658029999999826,0.02633200000002489,,
206467068,13,0.6084470469249176,217,217,False,False,False,65,True,1.5849849999999606,0.10328799999996363,,
201365022,31,0.39130851390401244,467,467,False,False,False,15,True,4.5338199999999915,0.06607599999995273,,
201753030,26,0.39786923131957197,755,755,False,False,False,14,True,3.7721559999999954,0.05764299999998457,,
206474468,11,0.6075270136834754,487,487,False,False,False,20,True,1.5826810000000364,0.032514999999989413,,
206475215,11,0.48698857631390036,888,888,False,False,False,12,True,1.5938959999999724,0.01794900000004418,,
206477756,11,0.6428368837749524,442,442,False,False,False,23,True,1.616734000000008,0.03714999999999691,,
206478479,12,0.5037364478171193,748,748,False,False,False,12,True,1.642407999999989,0.02139399999998659,,
207090424,21,0.40434596046792515,888,888,False,False,False,11,True,2.26080300000001,0.02549400000003743,,
207148330,10,0.6171217375191377,671,671,False,False,False,12,True,1.5784310000000232,0.019372000000032585,,
206492386,5,0.9619705973027204,129,129,False,False,False,80,True,1.3589289999999892,0.10707500000000891,,
206529534,30,0.39840115072773397,744,744,False,False,False,14,True,4.4192540000000236,0.05747800000000325,,
206564625,20,0.5321793871176127,222,222,False,False,False,30,True,3.911163999999985,0.11568700000003673,,
206609649,10,0.6528102475489954,443,443,False,False,False,14,True,2.112038000000041,0.032074000000022806,,
207174734,21,0.5309926969805822,117,117,False,False,False,108,True,3.7533389999999827,0.4000329999999508,,
207174980,9,0.6518266120289471,128,128,False,False,False,71,True,2.236588999999981,0.16300699999999324,,
206615548,18,0.44214663694801914,786,786,False,False,False,11,True,4.1785959999999704,0.047684000000003834,,
207088262,7,0.9495446362495114,3,3,True,True,True,1000,False,1.881194999999991,1.8674589999999966,,
206532826,32,0.37541222977721145,572,572,False,False,False,12,True,4.600588000000016,0.057833000000016455,,
206532858,26,0.4152540022140928,644,644,False,False,False,12,True,4.34866999999997,0.05253599999997505,,
207240752,16,0.6126535925456696,140,140,False,False,False,88,True,2.265623000000005,0.20054500000003372,,
20923934,10,0.6762652187591743,287,287,False,False,False,23,True,1.622451999999953,0.03773799999999028,,
207177270,27,0.42187871241092345,783,783,False,False,False,12,True,3.6243880000000104,0.046379000000001724,,
207238086,8,0.7333638600396524,455,455,False,False,False,19,True,1.757519000000002,0.03186199999998962,,
211436475,12,0.5400592883469416,614,614,False,False,False,20,True,2.1237199999999916,0.040762000000029275,,
211440800,18,0.4481301675417526,654,654,False,False,False,13,True,2.234012000000007,0.03040800000002264,,
212377300,9,0.9157354615081431,366,366,False,False,False,23,True,1.3517379999999548,0.03299099999998134,,
212381172,10,0.6322968916726536,357,357,False,False,False,38,True,1.4128849999999602,0.05499299999996765,,
218960215,13,0.5781717190540336,478,478,False,False,False,23,True,2.212182999999982,0.04921400000000631,,
218967667,13,0.5168447819984003,544,544,False,False,False,16,True,2.2877680000000282,0.03780100000000175,,
218968119,15,0.5535295687869135,333,333,False,False,False,27,True,2.290000999999961,0.061397999999996955,,
218969746,18,0.4485787707274689,899,899,False,False,False,11,True,2.209606000000008,0.024864999999977044,,
218970269,10,0.7597643922751033,147,147,False,False,False,52,True,2.0363510000000247,0.09986900000001242,,
218972061,12,0.6107880984899072,350,350,False,False,False,23,True,2.058700999999985,0.04920800000002146,,
219217331,2,0.0,1000,1000,False,False,False,10,True,1.2123129999999946,0.012802000000021962,,
219218631,8,0.694217261276858,319,319,False,False,False,34,True,1.562749999999994,0.05252000000001544,,
219141658,14,0.5663303317603292,501,501,False,False,False,26,True,2.081563000000017,0.05570700000004081,,
219215835,6,0.8776306324741745,63,63,False,False,False,178,True,1.545423000000028,0.27423500000003287,,
218973038,17,0.6539080244019428,31,31,False,False,False,363,True,2.3076409999999896,0.8326559999999859,,
219121412,17,0.5343447222883015,238,238,False,False,False,23,True,2.268431000000021,0.05188400000002957,,
219221780,13,0.4946087101815414,790,790,False,False,False,10,True,1.6643129999999928,0.016046000000017102,,
219229293,10,0.624737594158563,351,351,False,False,False,31,True,1.5850639999999885,0.04819600000001856,,
219235147,2,1.0,120,120,False,False,False,62,True,1.23358300000001,0.07534700000002204,,
219236564,7,0.8416483921243589,84,84,False,False,False,74,True,1.5657289999999762,0.11909000000002834,,
219233386,9,0.6492073625130039,426,426,False,False,False,17,True,1.602277000000015,0.02643599999998969,,
219234951,9,0.6266714329935478,454,454,False,False,False,25,True,1.6210269999999696,0.039570999999966716,,
219238878,13,0.49310286505587664,841,841,False,False,False,13,True,1.6246360000000095,0.02075400000001082,,
219240217,8,0.7190725837588059,360,360,False,False,False,15,True,1.5206090000000358,0.02272699999997485,,
219246146,9,0.7215860499074277,331,331,False,False,False,39,True,1.5223100000000045,0.062326999999982036,,
219251169,7,0.8241575947607818,126,126,False,False,False,62,True,1.4916650000000118,0.09136899999998604,,
219255235,8,0.7123926924656445,582,582,False,False,False,17,True,1.5445040000000176,0.025791000000026543,,
219317391,9,0.6943556513209491,275,275,False,False,False,48,True,1.9746240000000057,0.09758099999999104,,
219318151,17,0.4694262640510145,613,613,False,False,False,13,True,2.271019000000024,0.031795999999985725,,
219334470,16,0.45089753802121846,845,845,False,False,False,12,True,2.1450169999999957,0.025858000000027914,,
220390069,6,0.9190574928045243,11,11,False,False,False,606,True,1.3916920000000346,0.845530999999994,,
220391299,11,0.6448888155780569,202,202,False,False,False,52,True,3.198042999999984,0.17025900000004413,,
220393406,12,0.6080191792005527,614,614,False,False,False,16,True,1.4272679999999696,0.022807000000000244,,
220394125,11,0.6176124483693379,477,477,False,False,False,17,True,1.6348359999999502,0.02814899999998488,,
219337000,4,0.9944922170398226,86,86,False,False,False,67,True,2.780701000000022,0.18340999999998076,,
219342752,34,0.29708495119259537,985,985,False,False,False,10,True,4.412958000000003,0.0428070000000389,,
220388567,15,0.9178117064417224,0,0,True,True,True,1000,False,1.729569999999967,1.745834000000002,,
220389925,26,0.4045351533401439,710,710,False,False,False,12,True,3.9389210000000503,0.04695800000001782,,
220391375,25,0.45530061250839804,562,562,False,False,False,20,True,3.694088000000022,0.08191599999997834,,
220393352,7,0.6534391282170455,579,579,False,False,False,15,True,1.3875600000000077,0.0217049999999972,,
219334689,21,0.43970147701270523,407,407,False,False,False,28,True,3.9846979999999803,0.11903699999999162,,
219334997,28,0.4429830037853679,420,420,False,False,False,29,True,4.12352599999997,0.12233299999996916,,
220394510,9,0.7403236398944893,222,222,False,False,False,31,True,1.3588770000000068,0.044925999999975375,,
220394878,8,0.6250819947573959,392,392,False,False,False,33,True,1.687421000000029,0.05385799999999108,,
220397638,13,0.5350512869822663,453,453,False,False,False,19,True,1.6695920000000228,0.029520999999988362,,
220399756,6,0.756434514374472,347,347,False,False,False,22,True,1.5301769999999806,0.03245700000002216,,
220407213,8,0.6621012096921408,651,651,False,False,False,13,True,1.6219500000000266,0.022758999999950902,,
220407530,18,0.46563151469061514,801,801,False,False,False,13,True,3.390876999999989,0.046188000000029206,,
220408612,21,0.4825676038586941,401,401,False,False,False,21,True,3.7122809999999618,0.07535099999995509,,
220409421,9,0.7997443455843495,144,144,False,False,False,86,True,1.3556240000000344,0.1155149999999594,,
220423078,7,0.7434176017045981,364,364,False,False,False,21,True,1.3855929999999717,0.02937600000001339,,
220423277,10,0.7070125922518451,492,492,False,False,False,23,True,1.3979229999999916,0.033302999999989424,,
220430530,6,0.795542734926396,597,597,False,False,False,14,True,1.4697490000000357,0.019264000000021042,,
220430697,5,0.794666831207057,529,529,False,False,False,15,True,1.3206709999999475,0.019111000000009426,,
220455309,3,0.9946907797521145,171,171,False,False,False,50,True,1.369656999999961,0.07132100000001174,,
220459040,10,0.526658576287649,856,856,False,False,False,13,True,1.4470369999999662,0.02145500000000311,,
220405171,45,0.35858409228970256,575,575,False,False,False,19,True,6.476652999999999,0.12781499999999824,,
220407099,9,0.7837154672000258,308,308,False,False,False,28,True,2.673707000000036,0.08248700000001463,,
220416628,10,0.7002497761988008,245,245,False,False,False,47,True,1.6680010000000038,0.07361700000001292,,
220421994,33,0.4729646975355747,92,92,False,False,False,116,True,6.215237000000002,0.7142620000000193,,
220413881,21,0.5146740314258186,112,112,False,False,False,84,True,3.920363000000009,0.3285070000000019,,
220414767,40,0.3343657399996858,819,819,False,False,False,11,True,6.3999919999999975,0.06423499999999649,,
220482148,4,0.9799589414155121,184,184,False,False,False,30,True,1.6256270000000086,0.04494399999998677,,
220482527,14,0.5121968398987773,803,803,False,False,False,12,True,2.2393480000000068,0.027823000000012144,,
220511824,4,0.9635334458346203,182,182,False,False,False,54,True,1.8071929999999838,0.09843899999998484,,
220595865,10,0.7023395026446567,106,106,False,False,False,60,True,2.2163150000000087,0.13824299999998857,,
220485705,12,0.6732938252904009,59,59,False,False,False,176,True,2.307058999999981,0.39781399999998257,,
220491450,8,0.6609971534528674,425,425,False,False,False,31,True,2.1798939999999902,0.06481800000000248,,
224278972,16,0.46343326165747667,766,766,False,False,False,15,True,2.227927999999963,0.03444600000000264,,
224281107,18,0.528361214637526,409,409,False,False,False,22,True,2.306337000000042,0.04796800000002577,,
220431435,43,0.3614820256985011,726,726,False,False,False,16,True,6.360987000000023,0.10750699999999824,,
220436741,19,0.5392465715104552,188,188,False,False,False,32,True,3.5407500000000027,0.10929399999997713,,
224284606,10,0.6813196407236236,604,604,False,False,False,14,True,1.9638410000000022,0.02615099999997028,,
224285142,25,0.4574065736053351,467,467,False,False,False,23,True,2.355417999999986,0.057944999999961055,,
224281503,19,0.39260009134657037,964,964,False,False,False,11,True,2.27128399999998,0.025026000000025306,,
224283342,27,0.9545953368651507,0,0,True,True,True,1000,False,2.048082999999963,2.0484709999999495,,
224285897,9,0.7022142997569325,255,255,False,False,False,19,True,2.0384449999999674,0.038144999999985885,,
228382006,9,0.7313877119927874,268,268,False,False,False,35,True,2.120892999999967,0.07187199999998484,,
228383297,15,0.47006620481867734,732,732,False,False,False,17,True,2.265559000000053,0.040990000000022064,,
228507387,15,0.5460358198884627,466,466,False,False,False,21,True,2.236279999999965,0.0464759999999842,,
229037487,12,0.5896398865655889,591,591,False,False,False,15,True,2.1351600000000417,0.032437000000015814,,
229039703,12,0.561572840020919,661,661,False,False,False,15,True,2.1634179999999787,0.031571000000042204,,
228569826,9,0.8030695690784574,61,61,False,False,False,154,True,2.1632890000000202,0.3259909999999877,,
229012749,17,0.4802871518161893,670,670,False,False,False,16,True,2.2998329999999783,0.03665300000000116,,
229112415,13,0.5756638267875802,476,476,False,False,False,25,True,2.205848000000003,0.05832100000003493,,
230983203,14,0.6280257092669772,175,175,False,False,False,51,True,2.280762999999979,0.11945600000001377,,
231009108,7,0.8717907102692568,266,266,False,False,False,60,True,1.8732600000000161,0.11703300000004901,,
231013930,8,0.8432603750496157,160,160,False,False,False,69,True,2.719937000000016,0.19164100000000417,,
229051080,9,0.6934810328257758,227,227,False,False,False,80,True,2.20835100000005,0.17618699999997034,,
229100316,20,0.6211152923130692,43,43,False,False,False,188,True,3.5268839999999955,0.6632539999999949,,
231020078,32,0.38344208451294204,571,571,False,False,False,13,True,4.061856000000034,0.04932900000000018,,
231023707,34,0.3269076812382632,982,982,False,False,False,10,True,4.0246609999999805,0.043062999999960994,,
231046372,26,0.39376129366613366,728,728,False,False,False,13,True,3.9638180000000034,0.055860999999993055,,
231047005,26,0.37717485151293495,906,906,False,False,False,10,True,3.9343920000000026,0.036378000000013344,,
231044412,21,0.5535694367591943,153,153,False,False,False,57,True,3.8512610000000222,0.22439800000000787,,
231045282,24,0.47651281494191,441,441,False,False,False,29,True,3.8491750000000025,0.11029000000002043,,
231048679,21,0.45427865013947877,526,526,False,False,False,17,True,3.738268000000005,0.06314999999995052,,
231057252,24,0.4763836041816121,522,522,False,False,False,23,True,3.5051789999999983,0.07906900000000405,,
231059941,8,0.8328673147400543,85,85,False,False,False,193,True,3.1077489999999557,0.6065269999999714,,
231061445,31,0.3983502157950265,511,511,False,False,False,16,True,4.024360999999999,0.062380999999959386,,
231627272,6,0.8419180629714245,349,349,False,False,False,35,True,1.818177999999989,0.06581799999997884,,
231627290,13,0.6517252311288557,160,160,False,False,False,37,True,2.2586670000000026,0.081025000000011,,
231061733,16,0.9931962637740878,0,0,True,True,True,1000,False,2.848136000000011,2.8418680000000336,,
231268284,8,0.7894756451596519,234,234,False,False,False,46,True,2.0243810000000053,0.09897799999998824,,
231630959,5,0.9047632851476927,296,296,False,False,False,26,True,1.7323450000000093,0.04830399999997326,,
231636691,7,0.8899728011296985,131,131,False,False,False,115,True,2.128469999999993,0.24639999999999418,,
231701201,6,0.9704475666462437,131,131,False,False,False,110,True,1.818759,0.19757700000002387,,
231704059,13,0.6190967243552885,242,242,False,False,False,32,True,2.1692749999999705,0.07339099999995824,,
231668630,11,0.6795494455527352,230,230,False,False,False,46,True,2.062846000000036,0.0963570000000118,,
231671734,15,0.9641575084852633,1,1,True,True,True,1000,False,1.8102860000000192,1.8124649999999747,,
231704229,8,0.7056400500006076,509,509,False,False,False,21,True,1.9907889999999497,0.04036700000000337,,
231715395,8,0.7289752921296342,147,147,False,False,False,61,True,1.7572860000000219,0.10797200000001794,,
231831315,36,0.37415895448075087,672,672,False,False,False,18,True,4.575423999999998,0.07941899999997304,,
231832497,16,0.5221595154586588,575,575,False,False,False,17,True,3.599236000000019,0.06016599999998107,,
231825380,27,0.367449670011294,944,944,False,False,False,10,True,3.9973999999999705,0.03914199999996981,,
231831114,33,0.4215478266027275,350,350,False,False,False,20,True,4.610725000000002,0.09482299999996258,,
231833204,56,0.22641175190692708,990,990,False,False,False,10,True,4.697467999999958,0.04635299999995368,,
231839537,13,0.6247488742215033,545,545,False,False,False,17,True,3.615070000000003,0.06233599999995931,,
231840159,5,0.8990113113128771,370,370,False,False,False,30,True,3.3104599999999778,0.10811699999999291,,
231840839,18,0.5964118184599535,356,356,False,False,False,21,True,3.622805000000028,0.073270999999977,,
231862051,13,0.6198438020808038,205,205,False,False,False,46,True,2.366012000000012,0.11876399999999876,,
231867105,28,0.42930355935053877,386,386,False,False,False,15,True,4.846562000000006,0.06881500000002916,,
231845790,31,0.4781711568283087,60,60,False,False,False,148,True,4.738477999999986,0.7277430000000322,,
231853796,31,0.39116169605732654,674,674,False,False,False,21,True,4.761848999999984,0.09505100000001221,,
234525922,12,0.5928068734557346,349,349,False,False,False,19,True,2.4378320000000144,0.04402999999996382,,
237340658,3,0.9459746052092446,415,415,False,False,False,21,True,1.2354819999999904,0.024563000000000557,,
237356492,5,0.8120446977103166,550,550,False,False,False,23,True,1.5214889999999741,0.03277000000002772,,
237356930,7,0.6586205547585208,692,692,False,False,False,18,True,1.5173130000000015,0.025710000000003674,,
237356985,7,0.7496777911804744,338,338,False,False,False,26,True,1.7253349999999728,0.047858000000019274,,
237358181,12,0.48783458077049624,704,704,False,False,False,20,True,1.863424000000009,0.03654400000004898,,
231912935,31,0.3688465586324423,728,728,False,False,False,17,True,4.717321000000027,0.08360699999997223,,
233959273,23,0.4491966383540671,600,600,False,False,False,17,True,4.094875000000002,0.06899800000002188,,
233959314,45,0.3349306089617239,835,835,False,False,False,14,True,6.4584050000000275,0.10684700000001612,,
233961272,17,0.6492694681237217,174,174,False,False,False,53,True,5.162076000000013,0.26180299999998624,,
237886259,13,0.5956678584205334,411,411,False,False,False,39,True,2.405347000000006,0.09299600000002783,,
237886434,12,0.6757551186798609,315,315,False,False,False,48,True,3.6871699999999805,0.1720680000000243,,
234497476,11,0.9507209517877173,8,8,True,True,True,1000,False,3.5944049999999947,3.648213999999996,,
234504902,33,0.3553495104572266,795,795,False,False,False,17,True,4.954248000000007,0.08072100000003957,,
237879824,25,0.4804667550489573,235,235,False,False,False,36,True,4.799957000000006,0.1850430000000074,,
237883766,15,0.5426261474219826,505,505,False,False,False,19,True,3.908235999999988,0.07379900000000816,,
241444142,8,0.6136498257213413,633,633,False,False,False,15,True,1.6122970000000123,0.02333299999997962,,
241577342,2,0.8968136817415612,564,564,False,False,False,18,True,1.318524000000025,0.023695000000031996,,
241393007,15,0.49203120807119405,849,849,False,False,False,11,True,1.7288659999999823,0.018911000000002787,,
241393039,26,0.36822063773665625,327,327,False,False,False,49,True,1.6216200000000072,0.07632699999999204,,
240764987,45,0.9860400343316508,0,0,True,True,True,1000,False,2.4871479999999906,2.3348569999999995,,
240849795,14,0.6442197764613864,111,111,False,False,False,99,True,2.341934999999978,0.2522289999999998,,
241765380,11,0.5363040445683824,702,702,False,False,False,11,True,1.706058999999982,0.018501000000014756,,
24186466,11,0.5670556794969523,536,536,False,False,False,21,True,1.7720979999999713,0.03759599999995089,,
24225968,10,0.7245936460811392,247,247,False,False,False,31,True,1.7087629999999763,0.06169599999998354,,
24251461,12,0.6667350390437295,374,374,False,False,False,23,True,1.6628509999999892,0.03423099999997703,,
24251953,9,0.6721318035548879,418,418,False,False,False,25,True,1.7208360000000198,0.04628900000000158,,
24269255,8,0.6948516948015702,390,390,False,False,False,22,True,1.6931450000000154,0.04086300000000165,,
237906842,29,0.3739686820406336,634,634,False,False,False,16,True,4.850166999999999,0.0699809999999843,,
237912376,30,0.4969010441362811,86,86,False,False,False,50,True,4.66848200000004,0.226208999999983,,
24270027,12,0.6494529172384738,238,238,False,False,False,58,True,1.7678070000000048,0.09904699999998456,,
246820769,18,0.4494754770477358,711,711,False,False,False,12,True,2.400254000000018,0.031770999999992,,
246822906,15,0.6265976683309499,183,183,False,False,False,55,True,2.3915099999999825,0.12616199999996525,,
246848176,3,0.8893695651712724,447,447,False,False,False,24,True,1.8273449999999798,0.04500600000000077,,
246848355,5,0.8709020469659523,226,226,False,False,False,49,True,1.8421370000000366,0.09146299999997609,,
246851853,18,0.5524009150046377,228,228,False,False,False,37,True,2.408018000000027,0.09304600000001528,,
246854655,13,0.6366596445790327,116,116,False,False,False,66,True,2.3549620000000004,0.15111900000005107,,
246861224,3,0.9999999261659804,56,56,False,False,False,176,True,1.8188349999999787,0.32702699999998686,,
248380067,9,0.5911802088226786,847,847,False,False,False,12,True,1.606224999999995,0.019327000000032513,,
248392812,10,0.6769867131040714,304,304,False,False,False,30,True,1.720833999999968,0.0519429999999943,,
246862277,16,0.4746308990196545,493,493,False,False,False,18,True,2.4362880000000473,0.045079999999984466,,
246862438,10,0.6593783368347449,184,184,False,False,False,62,True,2.3584580000000415,0.14920000000000755,,
248945311,12,0.5619201255304532,268,268,False,False,False,50,True,1.7703539999999975,0.09240799999997762,,
248945424,11,0.5572373443826125,475,475,False,False,False,18,True,1.8182809999999563,0.032876999999984946,,
248946014,9,0.6217591919940663,500,500,False,False,False,20,True,1.6522940000000403,0.03295500000001539,,
248947399,5,0.7980155993981146,556,556,False,False,False,18,True,1.389665999999977,0.02444199999996499,,
246883482,14,0.5720206327015496,300,300,False,False,False,24,True,2.356153000000006,0.052233000000001084,,
24696180,32,0.40494213728896444,412,412,False,False,False,19,True,4.6218130000000315,0.07938200000000961,,
248952191,8,0.6004337605607312,719,719,False,False,False,16,True,1.4835649999999987,0.021802999999977146,,
248952560,3,0.9099284385026399,492,492,False,False,False,32,True,1.2202700000000277,0.037516999999979816,,
248949078,13,0.5723045709490457,427,427,False,False,False,17,True,1.7796869999999672,0.02859900000004245,,
248949857,14,0.41361382120519696,949,949,False,False,False,12,True,1.734314999999981,0.02042799999998124,,
248956869,7,0.6475223542026798,504,504,False,False,False,20,True,1.6298969999999713,0.03260899999997946,,
248959076,7,0.7240191909497821,474,474,False,False,False,17,True,1.6529130000000123,0.029771000000039294,,
248953025,10,0.609546657893968,690,690,False,False,False,16,True,1.6773239999999987,0.026393999999982043,,
248955543,7,0.9561757550254543,19,19,False,False,False,671,True,1.5777459999999905,1.0792230000000131,,
248962024,9,0.6173920544353391,510,510,False,False,False,15,True,1.688824000000011,0.02736299999997982,,
248962582,10,0.6707069366691027,337,337,False,False,False,33,True,1.7063610000000153,0.057138000000009015,,
248986951,5,0.7568248685993499,373,373,False,False,False,22,True,1.493978000000027,0.03531900000001542,,
248987739,12,0.6814375301806201,237,237,False,False,False,35,True,1.689091000000019,0.06034199999999146,,
251821926,8,0.7235203379105346,257,257,False,False,False,36,True,2.1662390000000187,0.08033799999998337,,
251828729,6,0.7350151991209974,446,446,False,False,False,18,True,2.074100000000044,0.037358999999980824,,
251828912,8,0.701203270495413,236,236,False,False,False,43,True,2.2648829999999975,0.09907100000003766,,
251840720,18,0.46987809237680933,431,431,False,False,False,27,True,2.450892999999951,0.06113999999996622,,
251846711,21,0.35794321190322176,984,984,False,False,False,10,True,2.4837780000000294,0.024040000000013606,,
251848060,8,0.7061946352854765,668,668,False,False,False,16,True,1.7343030000000113,0.027785999999991873,,
251845125,16,0.586037560835422,168,168,False,False,False,104,True,2.4143310000000042,0.2562199999999848,,
251845481,12,0.5123387436069766,819,819,False,False,False,11,True,2.2801000000000045,0.024653999999998177,,
251841265,20,0.4358414106294768,677,677,False,False,False,15,True,2.495014000000026,0.041768999999987955,,
251844875,18,0.5887329610093338,86,86,False,False,False,84,True,2.4517850000000294,0.2026620000000321,,
251848320,17,0.49383607334937996,489,489,False,False,False,21,True,2.4022699999999872,0.046353000000010525,,
251853202,15,0.5710883632835364,168,168,False,False,False,61,True,2.3732989999999745,0.15314699999998993,,
251879885,13,0.643766018547538,123,123,False,False,False,84,True,2.2884689999999637,0.18768099999999777,,
251881536,11,0.6763578070900585,195,195,False,False,False,36,True,2.214965999999947,0.07803100000000995,,
251882735,12,0.5773735442719733,394,394,False,False,False,22,True,2.3283910000000105,0.05630700000000388,,
251884959,7,0.8992855209331693,152,152,False,False,False,82,True,2.0377050000000168,0.16779600000000983,,
251885366,6,0.9131099278855912,224,224,False,False,False,35,True,1.9296439999999961,0.06559700000002522,,
251885542,13,0.6292836338892004,293,293,False,False,False,46,True,2.2779449999999883,0.10639400000002297,,
251886567,14,0.5611092171161999,404,404,False,False,False,25,True,2.204443000000026,0.05959300000000667,,
251886984,11,0.6393759503032852,203,203,False,False,False,52,True,2.3299749999999904,0.11439000000001442,,
251887089,16,0.45252169511647566,708,708,False,False,False,13,True,2.408904000000007,0.029337999999995645,,
254302983,16,0.5327860437575846,359,359,False,False,False,26,True,2.377892000000031,0.06354299999998148,,
259389138,12,0.47471034819831337,926,926,False,False,False,10,True,1.6764480000000503,0.01571599999999762,,
259408567,5,0.9274659512641149,158,158,False,False,False,70,True,1.5139750000000163,0.10690499999998337,,
259472825,10,0.6173919996265906,431,431,False,False,False,27,True,1.678830000000005,0.04500200000001087,,
259472888,10,0.7800138912705766,150,150,False,False,False,65,True,1.6822670000000244,0.11550800000003392,,
254304085,16,0.5767875545960004,219,219,False,False,False,33,True,2.287641000000008,0.07352800000001025,,
257735550,14,0.5985666647611738,271,271,False,False,False,33,True,3.8209449999999947,0.12305500000002212,,
260604507,15,0.47429866923607455,854,854,False,False,False,10,True,2.181254000000024,0.019105999999965206,,
260604509,7,0.6926157403813916,495,495,False,False,False,18,True,1.4275369999999725,0.024672999999950207,,
259477227,10,0.633061529968963,428,428,False,False,False,33,True,1.6386620000000107,0.0609070000000429,,
260266449,30,0.4259167705495943,517,517,False,False,False,13,True,6.085561999999982,0.0724480000000085,,
260356438,5,0.9328260247759979,428,428,False,False,False,22,True,3.9821529999999825,0.07606999999995878,,
260420562,48,0.31908410755617234,883,883,False,False,False,13,True,6.641075000000001,0.08448199999997996,,
260750374,12,0.5956283400445558,509,509,False,False,False,17,True,2.1987490000000207,0.04007999999998901,,
260854590,14,0.5196999667075946,734,734,False,False,False,13,True,2.289336999999989,0.028795999999999822,,
261543672,15,0.5118975373634007,655,655,False,False,False,22,True,2.4178359999999657,0.04989100000000235,,
261561216,2,1.0,137,137,False,False,False,81,True,1.6504929999999831,0.13340800000003128,,
260420823,39,0.4749692863799372,51,51,False,False,False,143,True,6.378016000000002,0.8949170000000208,,
260476107,35,0.36749153363565856,836,836,False,False,False,13,True,6.018939999999986,0.08075399999995625,,
260476779,37,0.38859250717166893,488,488,False,False,False,16,True,6.527774999999963,0.09541600000000017,,
260507598,20,0.5663811303311828,105,105,False,False,False,162,True,5.636189999999999,0.9505950000000212,,
260507876,43,0.321459590667317,896,896,False,False,False,12,True,6.28189500000002,0.07487700000001496,,
260542381,21,0.5926855316026147,51,51,False,False,False,181,True,5.484602000000052,1.034242000000006,,
262820103,7,0.6480193785297501,721,721,False,False,False,12,True,1.6422099999999773,0.020297000000027765,,
262823544,8,0.8145735826080249,148,148,False,False,False,60,True,2.145180000000039,0.12427600000000893,,
262531321,15,0.5255305532032134,584,584,False,False,False,14,True,3.6964830000000006,0.05452900000000227,,
262810040,8,0.7349477233710583,330,330,False,False,False,37,True,1.7072600000000193,0.06567000000001144,,
262824351,14,0.5222678849251277,603,603,False,False,False,19,True,2.4252010000000155,0.04676000000000613,,
262824477,12,0.6281761487111207,294,294,False,False,False,20,True,2.3694750000000226,0.04662600000000339,,
262829638,2,1.0,96,96,False,False,False,87,True,1.7746709999999553,0.14928199999997105,,
265438551,9,0.7752324650524783,527,527,False,False,False,24,True,1.950220999999999,0.050698000000011234,,
266717622,9,0.7550383835172911,127,127,False,False,False,67,True,1.673644999999965,0.10799200000002429,,
266723295,2,0.0,1000,1000,False,False,False,10,True,1.3364779999999996,0.01330400000000509,,
265468668,20,0.3870069978513804,952,952,False,False,False,10,True,2.376129999999989,0.020317000000034113,,
265567103,10,0.6774426246355963,584,584,False,False,False,17,True,1.844602000000009,0.030422999999984768,,
266640615,15,0.5546767607131029,432,432,False,False,False,23,True,2.330836999999974,0.05174699999997756,,
266640848,9,0.6901040151978787,643,643,False,False,False,13,True,2.153920000000028,0.028269999999963602,,
266787143,4,0.9559934253682518,266,266,False,False,False,53,True,1.414192000000014,0.0776520000000005,,
266787510,11,0.6288544312032887,358,358,False,False,False,27,True,1.691775000000007,0.04151499999994712,,
266735121,21,0.3560463721159546,966,966,False,False,False,10,True,1.7590470000000096,0.020534999999995307,,
266784171,6,0.910721799475967,205,205,False,False,False,37,True,1.468859000000009,0.05207899999999199,,
266788321,12,0.6953770298123803,187,187,False,False,False,41,True,1.6829989999999952,0.06278300000002446,,
266877446,5,0.8647911743269832,431,431,False,False,False,21,True,1.3431110000000217,0.030491000000040458,,
266905315,16,0.45800295811245206,805,805,False,False,False,11,True,2.2826450000000023,0.024450000000001637,,
266966946,16,0.528219453392329,379,379,False,False,False,23,True,2.351631999999995,0.0550429999999551,,
266968065,15,0.5722013501889457,365,365,False,False,False,27,True,2.3031240000000253,0.05949099999997998,,
266994265,17,0.4862375027795973,667,667,False,False,False,11,True,2.2883449999999925,0.02380399999998417,,
266994443,9,0.5765895120993536,699,699,False,False,False,15,True,2.0147159999999644,0.03285599999998112,,
267002000,10,0.5450467684125102,521,521,False,False,False,20,True,2.173343999999986,0.04764199999999619,,
267046790,17,0.4361680401312903,581,581,False,False,False,19,True,2.3544769999999744,0.047068999999964944,,
267090033,6,0.7547139343547803,485,485,False,False,False,25,True,1.9132549999999924,0.04657100000002856,,
267040956,13,0.5874224007037869,271,271,False,False,False,31,True,2.213961999999981,0.06992999999999938,,
267041899,18,0.4420745865069643,823,823,False,False,False,13,True,2.129710999999986,0.03027500000001737,,
267183401,10,0.6593508263424971,353,353,False,False,False,24,True,2.2088469999999916,0.0514259999999922,,
267188864,14,0.6444875368049114,186,186,False,False,False,100,True,2.1577050000000213,0.2185079999999857,,
268751690,9,0.5849978974197836,685,685,False,False,False,11,True,1.372052999999994,0.014604000000019823,,
268765642,11,0.6155174236225793,597,597,False,False,False,20,True,1.6670030000000224,0.03309200000001056,,
267320484,14,0.5220979471193654,529,529,False,False,False,23,True,2.305817999999988,0.04944800000004079,,
267324071,6,0.7209675788555098,686,686,False,False,False,14,True,1.6972299999999905,0.024916000000018812,,
268765670,5,0.9451525902211999,252,252,False,False,False,59,True,1.2750010000000316,0.06996199999997543,,
268769168,10,0.6118718677129521,571,571,False,False,False,15,True,1.6837560000000167,0.027604999999994106,,
267324084,14,0.48678791335532234,717,717,False,False,False,10,True,2.257881999999995,0.0211840000000052,,
267492210,4,0.9661937094921382,181,181,False,False,False,29,True,1.8124990000000025,0.05109299999998029,,
268785978,10,0.537030084247951,775,775,False,False,False,15,True,1.6442989999999895,0.0251920000000041,,
269847768,9,0.5935667722241935,555,555,False,False,False,22,True,1.6708490000000324,0.039839000000029046,,
270166054,10,0.7552686478128747,128,128,False,False,False,53,True,1.7161530000000198,0.09184099999998807,,
270173850,10,0.5273677446218342,649,649,False,False,False,19,True,2.112008000000003,0.04260099999999056,,
270286182,13,0.5156006730099402,601,601,False,False,False,23,True,1.6858119999999985,0.040784000000030574,,
270302483,11,0.5803019786848348,548,548,False,False,False,27,True,2.014622999999972,0.054205999999965115,,
270174158,17,0.4345226195917563,739,739,False,False,False,15,True,2.2504020000000082,0.031237000000032822,,
270249497,12,0.6013182927752369,492,492,False,False,False,18,True,2.2259710000000155,0.03723999999999705,,
270269007,6,0.8807864179849068,280,280,False,False,False,24,True,1.799079000000006,0.0413819999999987,,
270275818,20,0.5247386950296803,284,284,False,False,False,32,True,2.441376000000048,0.07874900000001617,,
270260170,19,0.44915943096722266,819,819,False,False,False,14,True,2.3275489999999763,0.031094999999993433,,
270268773,12,0.5464140240267331,749,749,False,False,False,11,True,2.3294720000000098,0.02711099999999078,,
270303376,5,0.9173179577525922,115,115,False,False,False,77,True,1.8328270000000089,0.13584399999996322,,
270337261,11,0.7297311520678179,45,45,False,False,False,216,True,2.1759210000000166,0.45960700000000543,,
270480629,11,0.7851558365506559,97,97,False,False,False,156,True,2.341396999999972,0.35724500000003445,,
270481071,15,0.5229803833628057,457,457,False,False,False,15,True,2.327541999999994,0.035645000000045,,
270621379,17,0.4895408639152028,613,613,False,False,False,20,True,2.3663439999999696,0.05147500000003902,,
270621612,8,0.772731915696229,213,213,False,False,False,42,True,2.088292000000024,0.09245499999997264,,
270622780,12,0.5508423653631231,508,508,False,False,False,12,True,2.346159,0.02698499999996784,,
270653912,14,0.46973016596637773,744,744,False,False,False,15,True,2.2727730000000292,0.03753399999999374,,
273652136,9,0.7278545629622382,76,76,False,False,False,83,True,2.240456999999992,0.18616099999997004,,
273699230,5,0.8675543065142886,419,419,False,False,False,23,True,1.7724380000000224,0.03652599999998074,,
273555466,16,0.5015293398511518,472,472,False,False,False,15,True,2.3606609999999932,0.03708499999999049,,
273569625,19,0.47236860667261715,627,627,False,False,False,15,True,2.399427000000003,0.035952000000008866,,
273734245,10,0.6866335647165381,337,337,False,False,False,36,True,2.237397000000044,0.08472399999999425,,
273792114,18,0.45646999021527757,541,541,False,False,False,16,True,2.4338639999999714,0.03606599999994842,,
277802122,2,0.9530153203872261,334,334,False,False,False,31,True,1.7989189999999553,0.05720200000001796,,
277891996,12,0.5630801011111621,492,492,False,False,False,23,True,2.4188760000000116,0.05798600000002807,,
277892347,14,0.5406402937664802,498,498,False,False,False,18,True,2.374319000000014,0.04367400000000998,,
277892453,3,0.9982526928157208,80,80,False,False,False,126,True,1.7502140000000281,0.22642000000001872,,
277912869,9,0.6889777065675965,435,435,False,False,False,25,True,2.0846149999999852,0.056500000000028194,,
277940529,20,0.3815654600009989,956,956,False,False,False,10,True,2.4732970000000023,0.02525500000001557,,
277911424,17,0.4112420252689726,924,924,False,False,False,10,True,2.4383270000000152,0.026224000000013348,,
277911656,14,0.6455217057484758,290,290,False,False,False,34,True,2.2989860000000135,0.07363099999997758,,
278957617,31,0.3643244637705897,904,904,False,False,False,12,True,5.911412999999982,0.06573700000001281,,
278990983,20,0.4538268803640495,606,606,False,False,False,16,True,3.998605999999995,0.05885599999999158,,
278777620,35,0.49864841346668887,40,40,False,False,False,136,True,6.299980000000005,0.8175009999999929,,
278779083,33,0.42766131691601017,330,330,False,False,False,27,True,6.744780999999989,0.17343999999997095,,
278991580,8,0.88650543099967,105,105,False,False,False,81,True,4.243470000000002,0.3615199999999845,,
279052786,36,0.42768580164624626,335,335,False,False,False,27,True,6.381639000000007,0.17906700000003184,,
279054946,22,0.5457055670600403,180,180,False,False,False,59,True,5.527664000000016,0.31969900000001417,,
279055830,9,0.9175146288300478,80,80,False,False,False,126,True,5.068837999999971,0.6297119999999836,,
278991073,37,0.3783298261224468,344,344,False,False,False,31,True,6.939345000000003,0.21844599999997172,,
278991349,23,0.5691293805326636,180,180,False,False,False,105,True,5.71635299999997,0.5924389999999562,,
279087952,29,0.4484482899303541,391,391,False,False,False,25,True,4.1772640000000365,0.11291699999998173,,
279088303,42,0.4321042751238807,70,70,False,False,False,160,True,7.217982000000006,1.164878999999985,,
279088539,37,0.41566918996600455,233,233,False,False,False,29,True,6.918744000000004,0.20329299999997374,,
279091054,13,0.70358056599522,211,211,False,False,False,39,True,3.431805000000054,0.12989699999997129,,
279160404,17,0.5056065327216654,535,535,False,False,False,14,True,2.5309819999999945,0.03523899999999003,,
279318109,34,0.3922301577085505,658,658,False,False,False,18,True,6.390806999999995,0.11184899999994968,,
280789406,11,0.6556600440630825,269,269,False,False,False,38,True,1.8435709999999972,0.0734340000000202,,
280789967,15,0.5613984038728823,403,403,False,False,False,18,True,1.8227410000000077,0.03593000000000757,,
279092536,28,0.561621221356051,33,33,False,False,False,261,True,6.339572999999973,1.6649770000000217,,
279159844,30,0.40279967417812435,869,869,False,False,False,14,True,3.7927910000000224,0.055104000000028464,,
279362204,7,0.7667530687654558,641,641,False,False,False,11,True,4.274057999999968,0.04203199999994922,,
279362216,7,0.990469545911965,21,21,False,False,False,369,True,4.13181000000003,1.4512469999999666,,
279425657,48,0.32564677248641405,783,783,False,False,False,14,True,7.057380000000023,0.08991700000001401,,
280698967,15,0.6119683122225298,291,291,False,False,False,39,True,2.3908440000000155,0.09148800000002666,,
279322448,32,0.6939787038947034,1,1,True,True,True,1000,False,6.280340000000024,6.062564000000009,,
279361762,29,0.45009365069006846,198,198,False,False,False,45,True,3.704154000000017,0.16167899999999236,,
280794991,7,0.6771732928294443,701,701,False,False,False,14,True,1.8580559999999764,0.02329900000000862,,
281497193,29,0.5209856706217908,19,19,False,False,False,338,True,4.809270999999967,1.6124560000000088,,
281574579,35,0.41669495839572024,262,262,False,False,False,41,True,4.910825999999986,0.1894479999999703,,
281593180,12,0.5008214736468539,898,898,False,False,False,10,True,2.188090000000045,0.021880000000010114,,
281728940,7,0.6995700070807119,592,592,False,False,False,17,True,1.9688719999999762,0.0332520000000045,,
281729296,30,0.3450892412827128,927,927,False,False,False,10,True,4.779872000000012,0.05266000000000304,,
281781343,28,0.4342389832841318,393,393,False,False,False,28,True,4.754318000000012,0.1332360000000108,,
281786416,14,0.5339620927798975,568,568,False,False,False,23,True,2.3530979999999886,0.05712599999998247,,
281598447,32,0.3801350757312256,424,424,False,False,False,21,True,4.965637000000015,0.09775600000000395,,
281703171,28,0.39878594879929175,658,658,False,False,False,12,True,4.5380910000000085,0.05524200000002111,,
284083051,10,0.6719804172941443,273,273,False,False,False,37,True,1.6790060000000153,0.06538999999997941,,
284083493,8,0.6768967517981538,671,671,False,False,False,13,True,1.6433880000000158,0.022009999999966112,,
284077350,12,0.5401559875626956,683,683,False,False,False,18,True,1.7356430000000387,0.03214700000000903,,
284082067,10,0.7307776963502538,87,87,False,False,False,94,True,1.7128270000000043,0.15565400000002683,,
284121210,9,0.6198298984012212,488,488,False,False,False,22,True,1.6963739999999916,0.038421000000028016,,
284122100,7,0.8373953294191562,352,352,False,False,False,26,True,1.5174590000000308,0.03986400000002277,,
281788484,14,0.5207897733720952,634,634,False,False,False,17,True,2.348823999999979,0.040619999999989886,,
281815410,3,0.9699552511277033,119,119,False,False,False,79,True,1.686770000000024,0.12454999999999927,,
287174076,10,0.5918601413432043,781,781,False,False,False,13,True,1.4852869999999712,0.020224999999982174,,
289626783,12,0.653067039182512,186,186,False,False,False,54,True,2.2812229999999545,0.12256600000000617,,
290303700,13,0.5078361004974736,789,789,False,False,False,12,True,2.16812699999997,0.0262859999999705,,
293166958,3,0.9992313804170777,35,35,False,False,False,308,True,1.2510979999999563,0.3980109999999968,,
293508748,10,0.5923806846289179,771,771,False,False,False,10,True,2.199576000000036,0.019834000000003016,,
293525326,13,0.6691018987345384,76,76,False,False,False,219,True,2.4132019999999557,0.5220380000000091,,
293526840,17,0.48492320187443005,557,557,False,False,False,21,True,2.4188159999999925,0.05560000000002674,,
293571273,16,0.5952798471782168,165,165,False,False,False,40,True,2.389397000000031,0.08735500000000229,,
293618282,17,0.4804648773025375,824,824,False,False,False,10,True,2.4148779999999874,0.024737000000015996,,
299134860,10,0.6412052975792112,386,386,False,False,False,24,True,1.6245739999999955,0.04219000000000506,,
299134881,12,0.5617194867399515,583,583,False,False,False,15,True,1.7382880000000114,0.02354000000002543,,
299176514,10,0.5002017898541604,872,872,False,False,False,10,True,1.6262069999999653,0.017275999999981195,,
293217787,8,0.7491748199586516,333,333,False,False,False,38,True,1.4270500000000084,0.05245100000001912,,
293224564,38,0.3970762311190952,398,398,False,False,False,19,True,6.017842999999971,0.11465200000003506,,
293270932,28,0.3729983492916289,945,945,False,False,False,10,True,5.566274000000021,0.051438000000018747,,
293271518,19,0.6076924741801066,120,120,False,False,False,58,True,3.0474059999999668,0.1725839999999721,,
311864780,6,0.8265314515639004,334,334,False,False,False,35,True,1.2838700000000358,0.04923700000000508,,
311883977,5,0.8365967057050867,544,544,False,False,False,18,True,1.555281999999977,0.026771999999994023,,
308209067,17,0.46173353813621876,610,610,False,False,False,18,True,2.291945999999996,0.043342999999993026,,
308210106,16,0.5414655893266815,541,541,False,False,False,23,True,2.381636999999955,0.04978299999999081,,
299177892,8,0.796254719413863,161,161,False,False,False,59,True,1.5335400000000163,0.09157900000002428,,
299897517,31,0.35584276083296884,882,882,False,False,False,10,True,4.630114999999989,0.048913000000027296,,
313934186,2,1.0,88,88,False,False,False,94,True,1.6686490000000163,0.16079500000000735,,
313934195,8,0.7612479536410359,306,306,False,False,False,32,True,2.0236639999999966,0.06049200000001065,,
303953504,14,0.588122859014046,114,114,False,False,False,83,True,2.334672000000012,0.19524599999999737,,
303981359,26,0.5143659312646808,146,146,False,False,False,103,True,4.500410000000045,0.46149900000000343,,
304102181,32,0.3525175136027714,898,898,False,False,False,11,True,4.434035999999992,0.05788200000000643,,
308209064,14,0.6631948603093143,187,187,False,False,False,34,True,2.2317789999999604,0.0737179999999853,,
316830011,12,0.5871259292542617,702,702,False,False,False,12,True,2.1896509999999694,0.02414499999997588,,
316831681,9,0.8217343061254961,190,190,False,False,False,58,True,2.0023670000000493,0.1131319999999505,,
316832201,2,1.0,126,126,False,False,False,65,True,1.6839979999999741,0.10360099999996919,,
316832207,11,0.6932098295736849,202,202,False,False,False,55,True,2.1960410000000365,0.11908900000003086,,
316832286,8,0.5991440813556284,900,900,False,False,False,11,True,1.7491340000000264,0.0225870000000441,,
316854882,20,0.4344472973903921,758,758,False,False,False,13,True,2.349599000000012,0.03445099999999002,,
316855037,11,0.6424248686050553,154,154,False,False,False,73,True,2.2804419999999936,0.16730499999999893,,
316881711,20,0.41971888717803085,819,819,False,False,False,14,True,2.3386299999999665,0.031845000000089385,,
316967137,7,0.7404774107876542,383,383,False,False,False,25,True,1.9327130000000352,0.04768300000000636,,
316968412,13,0.6432702223969202,219,219,False,False,False,23,True,3.9005059999999503,0.08812800000009702,,
316992294,9,0.6959753758097507,453,453,False,False,False,16,True,1.9367429999999786,0.03122099999995953,,
317088106,11,0.7261977309989183,57,57,False,False,False,150,True,2.3589679999998907,0.3621529999999211,,
317097443,18,0.5183213960744361,300,300,False,False,False,26,True,2.3649659999999812,0.05855500000006941,,
317128444,13,0.507698565395676,789,789,False,False,False,14,True,2.2949519999999666,0.03072100000008504,,
321978744,13,0.6478754454555613,228,228,False,False,False,55,True,2.2828450000000657,0.12924299999997402,,
32198742,11,0.684546507251097,126,126,False,False,False,82,True,2.2428899999999885,0.1857439999999997,,
316915259,21,0.4863180370127024,435,435,False,False,False,24,True,4.170637000000056,0.09994399999993675,,
316934730,29,0.3926174317770611,763,763,False,False,False,11,True,4.445821000000024,0.04999099999997725,,
32199330,14,0.6153787481383866,342,342,False,False,False,31,True,2.1827769999999873,0.06458499999996548,,
32200787,18,0.5279457135634079,254,254,False,False,False,56,True,2.157568000000083,0.12662399999999252,,
326198086,2,1.0,166,166,False,False,False,76,True,1.3214819999999463,0.10810200000003078,,
326205407,6,0.7296201154080241,686,686,False,False,False,14,True,1.4987100000000737,0.02054099999998016,,
322010023,16,0.4984965659247601,556,556,False,False,False,17,True,2.335737999999992,0.03964800000005653,,
322048480,12,0.5746050685418203,489,489,False,False,False,22,True,2.120494000000008,0.04681300000004285,,
322050553,10,0.6348083736278709,229,229,False,False,False,38,True,2.2468830000000253,0.08711000000005242,,
322065322,11,0.6280961930532531,278,278,False,False,False,40,True,2.2938290000000734,0.09525599999994938,,
326205481,10,0.6746371735996257,458,458,False,False,False,23,True,1.6455989999999474,0.03776300000004085,,
326210415,8,0.821950550931313,261,261,False,False,False,33,True,1.5717799999999897,0.05362800000000334,,
32207625,17,0.4373087584236237,805,805,False,False,False,13,True,2.3232750000000806,0.031000999999946544,,
325338671,13,0.5497304849945502,435,435,False,False,False,26,True,2.3256879999999,0.05980099999999311,,
33490526,12,0.5513269446285067,535,535,False,False,False,19,True,1.6842629999999872,0.03206199999999626,,
33490856,12,0.49205671260756023,741,741,False,False,False,15,True,1.6545439999999871,0.022373000000015963,,
327996109,14,0.5243631525493907,516,516,False,False,False,24,True,2.284815999999978,0.053482000000030894,,
33443827,11,0.48544617134566415,732,732,False,False,False,16,True,1.6738810000000512,0.02577099999996335,,
33493176,9,0.7101870199507874,279,279,False,False,False,39,True,1.622021000000018,0.059959000000048945,,
33526048,9,0.6339938740491803,246,246,False,False,False,44,True,1.6450259999999162,0.07046499999989919,,
327939708,16,0.5495277035881111,423,423,False,False,False,22,True,2.30772300000001,0.04920500000002903,,
327996089,25,0.82842910756386,0,0,True,True,True,1000,False,1.8418420000000424,1.8203439999999773,,
336876701,16,0.4621549977798427,833,833,False,False,False,12,True,1.627285000000029,0.019298000000048887,,
344283272,6,0.91852024259061,245,245,False,False,False,39,True,1.3341970000000174,0.055108000000018365,,
336874964,9,0.7303239421065799,171,171,False,False,False,36,True,1.6261979999999312,0.058915000000069995,,
336875204,10,0.6547874979693303,476,476,False,False,False,22,True,1.50157999999999,0.038319000000001324,,
344320670,12,0.47528963580009576,910,910,False,False,False,10,True,1.6426529999999957,0.01717499999995198,,
344368428,11,0.5873432389104684,324,324,False,False,False,20,True,1.6801560000000109,0.034439000000020314,,
355403599,6,0.8018967016819863,283,283,False,False,False,44,True,1.996293000000037,0.09029599999996663,,
355425821,13,0.47184081346502704,954,954,False,False,False,10,True,2.1456880000000638,0.02524099999993723,,
355426813,12,0.5194557725827946,839,839,False,False,False,12,True,2.2237820000000283,0.029286999999953878,,
355480244,20,0.5098071530819286,334,334,False,False,False,28,True,4.148879999999963,0.11432600000000548,,
355767588,22,0.41642941798666633,693,693,False,False,False,16,True,4.130913999999962,0.0620490000000018,,
35704767,4,0.9397676759006749,135,135,False,False,False,98,True,1.5321549999999888,0.14916500000003907,,
355508749,12,0.6593661007080173,77,77,False,False,False,132,True,2.261749000000009,0.2971619999999575,,
355602286,28,0.4716923190982224,143,143,False,False,False,64,True,4.5891359999999395,0.2954900000000862,,
369219815,9,0.6944168148211243,223,223,False,False,False,42,True,2.1704239999999118,0.09287899999992533,,
369219891,12,0.5428378286475448,803,803,False,False,False,15,True,2.2115640000000667,0.03169600000001083,,
358250131,16,0.45620441882385054,574,574,False,False,False,16,True,2.351239000000078,0.035818999999946755,,
358512823,25,0.44799202809228433,376,376,False,False,False,22,True,4.507969000000003,0.101662000000033,,
369480804,9,0.6242718980286518,343,343,False,False,False,27,True,1.6791220000000067,0.0475899999999001,,
369480832,10,0.6510567528410719,444,444,False,False,False,16,True,1.5957939999999553,0.025131999999985055,,
369455534,7,0.882711944199887,121,121,False,False,False,51,True,1.9752720000000181,0.10713299999997616,,
369458346,10,0.6052715789196147,517,517,False,False,False,13,True,2.152178999999933,0.02790299999992385,,
355651035,5,0.9237706546361664,8,8,True,True,True,1000,False,3.2212339999999813,3.254175000000032,,
355652342,29,0.4161410728246828,437,437,False,False,False,25,True,4.5316499999999,0.11511399999994865,,
370324466,6,0.7078233848566887,635,635,False,False,False,17,True,1.6158450000000357,0.02629699999999957,,
370325663,8,0.6476361434379634,464,464,False,False,False,24,True,1.857970000000023,0.044964000000049964,,
370281600,11,0.6967368644075681,182,182,False,False,False,80,True,2.114689999999996,0.17468299999995907,,
370324073,16,0.524158148954901,558,558,False,False,False,13,True,2.228426000000013,0.027107999999998356,,
369964134,15,0.5831699901486759,316,316,False,False,False,38,True,3.578858000000082,0.1361859999999524,,
370233036,12,0.5851345106335303,477,477,False,False,False,15,True,2.1626790000000256,0.03264999999998963,,
372817741,10,0.8129638341718087,130,130,False,False,False,74,True,1.3913250000000517,0.1098939999999402,,
372848247,23,0.44635769092929656,739,739,False,False,False,14,True,3.454945000000066,0.04949199999998655,,
37716639,9,0.7279446620199621,337,337,False,False,False,31,True,1.5876859999999624,0.048131999999895925,,
37716825,7,0.7733220287044706,592,592,False,False,False,22,True,1.399846000000025,0.03179900000009184,,
37744730,12,0.5706368100565695,482,482,False,False,False,20,True,1.5653600000000552,0.029938000000015563,,
37745685,14,0.5087590995200645,703,703,False,False,False,22,True,1.6839690000000473,0.038863999999989574,,
369603767,27,0.411268306688942,561,561,False,False,False,20,True,3.9101960000000417,0.07399199999997563,,
369706317,46,0.33289052141159814,781,781,False,False,False,13,True,6.446299999999951,0.08349399999997331,,
37745770,8,0.6582279275044148,471,471,False,False,False,20,True,1.5558039999999664,0.03026199999999335,,
37751660,2,1.0,161,161,False,False,False,66,True,1.3124099999999999,0.08161499999994248,,
375089653,25,0.4032432316554164,816,816,False,False,False,11,True,3.5539159999999583,0.03992799999991803,,
37716298,10,0.665640688875717,311,311,False,False,False,31,True,1.6433960000000525,0.051688000000012835,,
37762662,10,0.6439002876705493,441,441,False,False,False,25,True,1.64549999999997,0.044241000000056374,,
37773644,7,0.728175032158568,258,258,False,False,False,43,True,1.6715440000000399,0.07586900000001151,,
37774136,10,0.6159873456477735,608,608,False,False,False,20,True,1.656804999999963,0.03340900000000602,,
380436218,8,0.8319767681932956,73,73,False,False,False,98,True,1.6863689999998996,0.16941099999996823,,
3806602,11,0.5276118443420399,857,857,False,False,False,13,True,1.613446999999951,0.0214890000000878,,
380824767,13,0.4682925362823862,872,872,False,False,False,13,True,2.288306000000034,0.03169100000002345,,
381855507,6,0.8950672227193216,242,242,False,False,False,51,True,1.7941110000000435,0.09049200000004021,,
381858453,9,0.6709469903860881,484,484,False,False,False,18,True,2.2153200000000197,0.03690200000005461,,
380827643,14,0.5398971154446589,485,485,False,False,False,17,True,2.278368999999998,0.035336000000029344,,
380858160,13,0.5501797744233013,745,745,False,False,False,14,True,2.1779060000000072,0.029526000000032582,,
372849495,35,0.3875488436666794,621,621,False,False,False,14,True,5.77660400000002,0.08209499999998116,,
375059160,31,0.4278638166660873,505,505,False,False,False,14,True,5.5131959999999935,0.07763199999999415,,
382413530,16,0.42137886893742027,875,875,False,False,False,13,True,2.2689410000000407,0.027499000000034357,,
382416191,10,0.7910683587539912,43,43,False,False,False,260,True,1.7898440000000164,0.465720000000033,,
382219663,2,1.0,104,104,False,False,False,78,True,1.6848979999999756,0.1251119999999446,,
382304517,15,0.7425759845785025,23,23,False,False,False,498,True,2.371625999999992,1.1753529999999728,,
3836364,6,0.868365692230785,84,84,False,False,False,130,True,1.625332999999955,0.2087650000000849,,
389011260,5,0.9204227204555187,277,277,False,False,False,32,True,1.6945759999999837,0.058563999999933,,
382532460,10,0.6772995456652285,233,233,False,False,False,54,True,2.0979449999999815,0.12057700000002569,,
3836148,9,0.579015673319912,738,738,False,False,False,12,True,1.6024720000000343,0.01747499999999036,,
382416402,15,0.5197591990473875,405,405,False,False,False,18,True,2.323725999999965,0.03799000000003616,,
382472618,14,0.5504901230730351,579,579,False,False,False,18,True,2.192709000000036,0.04045399999995425,,
389087654,18,0.5428525278532548,353,353,False,False,False,30,True,2.3371230000000196,0.06651499999998123,,
389131517,10,0.6646422303604166,443,443,False,False,False,30,True,2.090559999999982,0.06600400000002082,,
389527466,17,0.5207895528551914,490,490,False,False,False,26,True,2.28134,0.06044099999996888,,
389527948,11,0.5887704278358806,668,668,False,False,False,14,True,2.137554000000023,0.030059000000051128,,
389628260,13,0.605698180006254,180,180,False,False,False,48,True,2.2506950000000643,0.11233299999992141,,
389751904,9,0.717309836869751,253,253,False,False,False,36,True,2.207277999999974,0.07537899999999809,,
3922529,11,0.6529791951290198,373,373,False,False,False,20,True,1.5457440000000133,0.03110900000001493,,
393490406,23,0.4019181206304694,915,915,False,False,False,12,True,3.5342470000000503,0.042921999999975924,,
389752285,14,0.536318923857942,413,413,False,False,False,24,True,2.2682660000000396,0.05383099999994556,,
389756744,6,0.8626108965113832,261,261,False,False,False,44,True,3.2518349999999145,0.14653800000007777,,
393490564,15,0.570894647961579,234,234,False,False,False,41,True,1.4967340000000604,0.060988999999949556,,
393491843,18,0.5698326188448269,94,94,False,False,False,85,True,3.6834139999999707,0.31334100000003673,,
393962765,17,0.5766942513311557,242,242,False,False,False,44,True,2.284971999999925,0.09777800000006209,,
393963749,15,0.5081071475494406,348,348,False,False,False,33,True,2.478919000000019,0.07963600000005044,,
396695653,10,0.5810888207197739,773,773,False,False,False,14,True,1.441287999999986,0.019638000000099964,,
396720311,3,0.9500991308490403,214,214,False,False,False,39,True,1.2703510000000051,0.04921600000000126,,
394494795,15,0.6647131337213844,132,132,False,False,False,85,True,2.3224870000000237,0.1878590000000031,,
3965116,14,0.5157012301313054,781,781,False,False,False,13,True,1.6918119999999135,0.020676999999977852,,
393964275,16,0.46979167858260995,629,629,False,False,False,15,True,2.411519999999996,0.03661799999997584,,
393964361,10,0.625456723510517,307,307,False,False,False,30,True,2.2123060000000123,0.06758800000000065,,
396721744,10,0.6351605274680124,524,524,False,False,False,21,True,1.4363459999999577,0.029564000000050328,,
396723074,6,0.7806461157802086,153,153,False,False,False,108,True,1.4344820000000027,0.15491500000007363,,
3990356,5,0.6948839909367233,508,508,False,False,False,27,True,1.5497679999999718,0.04147499999999127,,
3990380,8,0.6052039557302165,804,804,False,False,False,11,True,1.4784730000000081,0.01814600000000155,,
396721425,22,0.4587933442822728,515,515,False,False,False,24,True,3.4976179999999886,0.08447899999998754,,
396721668,7,0.760045820298658,294,294,False,False,False,27,True,1.4283629999999903,0.043683999999984735,,
40043612,14,0.4971205896877774,854,854,False,False,False,11,True,1.6006159999999454,0.01902800000004845,,
40046362,7,0.7791431552425186,397,397,False,False,False,22,True,1.5913130000000137,0.034190000000080545,,
40060706,10,0.5427916264010971,804,804,False,False,False,12,True,1.5583880000000363,0.01806499999997868,,
40083560,10,0.5886499723714248,585,585,False,False,False,22,True,1.6890660000000253,0.035379000000034466,,
40103277,7,0.772959322852252,302,302,False,False,False,20,True,1.5780829999999924,0.03400499999997919,,
40103287,2,0.9972896199282931,158,158,False,False,False,38,True,1.2891869999999699,0.0516379999999117,,
40047077,18,0.8909049529428611,0,0,True,True,True,1000,False,1.4328309999999647,1.4676690000000008,,
40059019,4,0.953883511026274,241,241,False,False,False,49,True,1.4382340000000795,0.06781699999999091,,
40182390,11,0.6852505098724799,148,148,False,False,False,59,True,1.6885359999999991,0.10375299999998333,,
401838575,4,0.9325975217917436,397,397,False,False,False,24,True,2.9330270000000382,0.06593299999997271,,
401985735,10,0.6212748287266114,524,524,False,False,False,22,True,2.2189349999999877,0.047897000000034495,,
401986029,17,0.4790993898280671,706,706,False,False,False,16,True,2.2972650000000385,0.03616799999997511,,
401838756,14,0.6042761583756863,319,319,False,False,False,44,True,3.3363720000000967,0.1451439999999593,,
401890220,8,0.8101042168236239,76,76,False,False,False,165,True,1.6934490000001006,0.2694329999999354,,
402026350,21,0.39604544760813665,901,901,False,False,False,11,True,2.4162260000000515,0.027356999999938125,,
402028212,10,0.6652898456341716,183,183,False,False,False,28,True,2.2492280000000164,0.059284000000047854,,
402103411,15,0.6297048397588267,136,136,False,False,False,71,True,2.382847999999967,0.17022099999996954,,
402112759,15,0.46850863060140113,645,645,False,False,False,26,True,2.3706759999998894,0.061375999999995656,,
402041756,13,0.5879105472560685,437,437,False,False,False,22,True,2.2961559999999963,0.04626200000006975,,
402042483,10,0.8214310921195593,15,15,False,False,False,748,True,2.2940640000000485,1.7595529999999826,,
402128282,10,0.6419690725781131,282,282,False,False,False,70,True,2.262102000000027,0.1554159999999456,,
402129242,14,0.6373123579453126,178,178,False,False,False,39,True,2.2935690000000477,0.08509200000003148,,
402130354,13,0.6009908601948198,533,533,False,False,False,21,True,2.286378999999897,0.05124799999998686,,
404462097,4,0.9404928499610987,98,98,False,False,False,50,True,1.6264180000000579,0.08105999999997948,,
402129745,18,0.455791864426941,703,703,False,False,False,12,True,2.3727420000000166,0.027700000000095315,,
402129754,14,0.5571994957056262,464,464,False,False,False,24,True,2.3218349999999646,0.053573000000028514,,
405428615,12,0.5592386499319574,679,679,False,False,False,11,True,2.2265969999999697,0.022721000000046843,,
405428895,16,0.4795575960219387,749,749,False,False,False,16,True,2.333118000000013,0.035414999999943575,,
406351414,8,0.8767148011457435,139,139,False,False,False,126,True,1.6399059999999963,0.2130059999999503,,
406353280,14,0.5218489873629074,706,706,False,False,False,13,True,1.6871800000000121,0.023276000000009844,,
406353865,3,0.9656710435628781,263,263,False,False,False,45,True,1.317764000000011,0.05674499999997806,,
407581546,16,0.4745778552403497,703,703,False,False,False,10,True,2.334739000000013,0.021498999999948865,,
408004431,2,1.0,114,114,False,False,False,92,True,1.4238050000000158,0.12860000000000582,,
408013652,8,0.6322988755094728,417,417,False,False,False,30,True,1.703950999999961,0.05151100000000497,,
408016281,9,0.5208700906539343,894,894,False,False,False,11,True,1.6075359999999819,0.016109000000028573,,
408037026,10,0.5400089132640856,681,681,False,False,False,11,True,1.6571180000000822,0.017323000000033062,,
408047708,14,0.6403977315352303,206,206,False,False,False,36,True,1.6781050000000732,0.05836799999997311,,
408049337,13,0.5644940321725369,454,454,False,False,False,16,True,1.7302650000000313,0.02613599999995131,,
408067963,10,0.5361500754850064,778,778,False,False,False,16,True,1.6354579999999714,0.028925000000072032,,
408069339,3,0.9875472888747827,163,163,False,False,False,43,True,1.3978210000000217,0.056350999999949636,,
408070719,7,0.8012568689516697,431,431,False,False,False,18,True,1.528771000000006,0.028543000000013308,,
408083407,7,0.9067615590326206,47,47,False,False,False,194,True,1.5547060000000101,0.2984000000000151,,
408083839,9,0.6580757720918962,331,331,False,False,False,29,True,1.6474849999999606,0.050948000000062166,,
410135251,15,0.49334774711858786,801,801,False,False,False,12,True,2.2357150000000274,0.025089999999977408,,
410212351,14,0.5334574694491871,673,673,False,False,False,14,True,2.2612020000000257,0.03447099999993952,,
410253041,10,0.62873591892666,569,569,False,False,False,17,True,2.154269999999997,0.034370999999964624,,
419016040,3,0.9768901908255095,199,199,False,False,False,50,True,1.3829919999999447,0.06673100000000431,,
419051315,13,0.6358196183232957,296,296,False,False,False,43,True,1.8654920000000175,0.08140500000001794,,
410255881,15,0.5823518268609232,287,287,False,False,False,41,True,2.2893639999999778,0.1016700000000128,,
410442002,13,0.59033934035662,658,658,False,False,False,20,True,2.214012000000025,0.04404699999997774,,
42074448,17,0.6600538861130951,79,79,False,False,False,127,True,1.7208949999999277,0.21724999999992178,,
421873120,13,0.5285489802077801,416,416,False,False,False,26,True,2.2969759999999724,0.05550300000004427,,
421937394,6,0.8279217312382141,405,405,False,False,False,26,True,1.8447869999999966,0.0438689999999724,,
425881596,32,0.3911391195652232,433,433,False,False,False,31,True,4.950485999999955,0.15902500000004238,,
41861999,26,0.516945254753649,52,52,False,False,False,287,True,4.030651999999918,1.1825469999999996,,
41898474,5,0.9591378988291321,12,12,False,False,False,890,True,2.685075999999981,2.4364480000000412,,
426012953,34,0.34051521463110235,971,971,False,False,False,10,True,4.715938000000051,0.047103999999990265,,
43362331,11,0.5692957836336816,776,776,False,False,False,19,True,2.0848510000000715,0.03898700000002009,,
425883009,31,0.37755097426935336,755,755,False,False,False,11,True,4.633573000000069,0.05071499999996831,,
425883195,30,0.32733864980076377,949,949,False,False,False,10,True,4.900960999999938,0.04904399999998077,,
439455229,8,0.7065029134000596,197,197,False,False,False,38,True,1.7758819999999105,0.07271399999990535,,
439460890,10,0.6312941743132114,490,490,False,False,False,25,True,1.7347469999999703,0.04379600000004302,,
425884565,30,0.4574525589757229,314,314,False,False,False,35,True,4.625874999999951,0.1561580000000049,,
425931703,33,0.39409988076459035,597,597,False,False,False,21,True,4.688504999999964,0.09968900000001213,,
439463902,10,0.6428540463490394,269,269,False,False,False,46,True,1.7536539999999832,0.08083499999997912,,
439466001,11,0.5935986591462978,526,526,False,False,False,23,True,1.6746040000000448,0.03898700000002009,,
425936552,6,0.9749757369233629,14,14,False,False,False,505,True,3.078630999999973,1.570218000000068,,
425938730,28,0.4576974047939393,220,220,False,False,False,48,True,4.786546000000044,0.22095699999999852,,
441491515,4,0.8992435618943769,385,385,False,False,False,34,True,1.4148300000000518,0.050741000000016356,,
441493794,9,0.6065732156658783,775,775,False,False,False,15,True,1.5353999999999814,0.02230599999995775,,
439492792,10,0.7003761795723151,589,589,False,False,False,21,True,1.585499000000027,0.03380600000002687,,
441056293,14,0.564034425124543,490,490,False,False,False,23,True,2.228829000000019,0.051111999999989166,,
441193637,17,0.4818438602495638,586,586,False,False,False,13,True,2.31703200000004,0.03024700000003122,,
441428637,6,0.8656454427496333,287,287,False,False,False,28,True,1.7331840000000511,0.049276999999960935,,
44624744,6,0.8204396582331461,372,372,False,False,False,31,True,1.8925140000000056,0.06247500000006312,,
469914390,2,1.0,164,164,False,False,False,85,True,1.415112000000022,0.12157799999999952,,
469933344,12,0.5519669397848781,508,508,False,False,False,16,True,1.8499610000000075,0.028287999999975,,
469933397,14,0.5630124668992114,444,444,False,False,False,23,True,2.277317999999923,0.05177600000001803,,
469939293,9,0.7071239575823226,202,202,False,False,False,53,True,1.8785460000000285,0.098604000000023,,
469939625,14,0.5022982548592149,699,699,False,False,False,14,True,2.2905450000000656,0.032062999999993735,,
469947160,6,0.8544454465228146,339,339,False,False,False,37,True,1.9045920000000933,0.0685999999999467,,
469948126,16,0.5608787907267193,226,226,False,False,False,41,True,2.283117999999945,0.09190399999999954,,
469980385,20,0.34511697699288535,995,995,False,False,False,10,True,2.3735300000000734,0.02308499999992364,,
52016952,13,0.6287180691383668,323,323,False,False,False,22,True,2.249890999999934,0.04657400000007783,,
52257960,10,0.7051813435508646,200,200,False,False,False,59,True,2.233589000000052,0.13138099999991937,,
52286391,15,0.5202771148731548,638,638,False,False,False,16,True,2.2811550000000125,0.03831399999990026,,
52077955,10,0.6182194922009328,581,581,False,False,False,21,True,1.9938909999999623,0.04308000000003176,,
52194213,25,0.4647553468245016,347,347,False,False,False,16,True,4.454956000000038,0.07208800000000792,,
469966859,30,0.45264210736155386,211,211,False,False,False,34,True,4.589672999999948,0.15799100000003818,,
469972461,20,0.5048068195832526,545,545,False,False,False,19,True,3.9713299999999663,0.07968700000003537,,
52314627,8,0.7036715849994876,252,252,False,False,False,22,True,2.052263000000039,0.042823999999995976,,
52315024,12,0.8035991836105622,20,20,False,False,False,489,True,2.316585000000032,1.107116000000019,,
52365497,14,0.512147702049806,642,642,False,False,False,17,True,2.2781870000000026,0.041826000000014574,,
52367601,15,0.46455739175883626,919,919,False,False,False,12,True,2.273785000000089,0.02887599999996837,,
52307802,33,0.39909757504700294,360,360,False,False,False,36,True,4.611598999999956,0.17313000000001466,,
52314170,11,0.7610377053635752,213,213,False,False,False,41,True,3.1283299999998917,0.12840299999993476,,
53976572,15,0.5041946963309203,598,598,False,False,False,17,True,2.264234999999985,0.0365830000000642,,
55855870,6,0.7700370069998679,558,558,False,False,False,15,True,1.5800669999999855,0.022410000000036234,,
53894240,12,0.6410814503532943,353,353,False,False,False,33,True,2.1616670000000795,0.07065699999998287,,
53938270,18,0.3923736428053928,947,947,False,False,False,12,True,2.305923000000007,0.026523999999994885,,
55856742,14,0.42467060809317925,965,965,False,False,False,10,True,1.6294940000000224,0.01665000000002692,,
60111124,16,0.6226386499821621,63,63,False,False,False,139,True,2.2680159999999887,0.3187480000000278,,
60369879,13,0.6071198468840694,242,242,False,False,False,41,True,2.2467960000000176,0.09400700000003326,,
60371639,8,0.7452277755757186,324,324,False,False,False,30,True,2.0141350000000102,0.058380999999940286,,
61981778,13,0.5332684692224882,565,565,False,False,False,19,True,2.2379860000000917,0.0420009999999138,,
62221982,15,0.49255742208985276,771,771,False,False,False,11,True,2.2658230000000685,0.023899000000028536,,
62377610,9,0.682562595343454,201,201,False,False,False,55,True,2.0527700000000095,0.11432999999999538,,
63697276,16,0.5263324856801184,555,555,False,False,False,17,True,2.3742959999999584,0.03790600000002087,,
63697344,9,0.6629971413182604,627,627,False,False,False,17,True,1.9725499999999556,0.03199900000004163,,
63697556,16,0.427424264158873,896,896,False,False,False,11,True,2.387595000000033,0.02449899999999161,,
66356538,14,0.5411972324269185,512,512,False,False,False,26,True,2.2511630000000196,0.058022999999934655,,
66357973,17,0.452182559725794,632,632,False,False,False,13,True,2.409985000000006,0.03364899999996851,,
70420258,15,0.5520232068680381,464,464,False,False,False,15,True,2.298332999999957,0.033175000000028376,,
70722627,2,1.0,104,104,False,False,False,126,True,1.7918439999999691,0.22323600000004262,,
66410290,17,0.5634829032486898,267,267,False,False,False,39,True,2.4299330000000054,0.10118799999997918,,
66411836,13,0.5753128830025734,365,365,False,False,False,35,True,3.4506189999999606,0.1154269999999542,,
66374862,26,0.5517444528954633,41,41,False,False,False,163,True,3.9658399999999574,0.6423539999999548,,
66399111,17,0.5974206049193871,248,248,False,False,False,40,True,2.979054000000019,0.12817900000004556,,
66536204,10,0.6830864155772022,578,578,False,False,False,20,True,1.685081000000082,0.03669400000001133,,
67544844,22,0.496800369112564,267,267,False,False,False,26,True,3.9581419999999525,0.10362300000008418,,
70723644,9,0.7402155640932796,120,120,False,False,False,86,True,2.2815590000000157,0.18737299999997958,,
70723782,18,0.46797908328007765,744,744,False,False,False,12,True,2.363334000000009,0.031027999999992062,,
66412048,27,0.3943489533279969,782,782,False,False,False,10,True,4.073811999999975,0.037013999999999214,,
66435575,4,0.9429994621552584,255,255,False,False,False,51,True,2.7998360000000275,0.14733799999999064,,
70744320,4,0.9465756787259952,285,285,False,False,False,46,True,1.824700000000007,0.08300800000006348,,
70762901,4,0.8736622199712748,503,503,False,False,False,19,True,1.874339999999961,0.03603299999997489,,
70742137,17,0.47933678911461186,724,724,False,False,False,11,True,2.450290999999993,0.026656000000002678,,
70744199,5,0.904967733238656,685,685,False,False,False,15,True,1.6079050000000734,0.023167999999941458,,
70763084,3,0.9814248635331869,204,204,False,False,False,35,True,1.8439349999999877,0.07338599999991402,,
70774607,13,0.5962702260048925,392,392,False,False,False,33,True,2.3107330000000275,0.07935199999997167,,
70775391,17,0.47795163521200046,815,815,False,False,False,12,True,2.455744000000095,0.02707199999997556,,
70775634,17,0.48673770096363844,588,588,False,False,False,18,True,2.401460000000043,0.041593999999918196,,
70776480,14,0.5341672971936134,659,659,False,False,False,15,True,2.383154999999988,0.03272000000004027,,
70777408,13,0.5911216326616494,414,414,False,False,False,23,True,2.3080459999999903,0.05331799999999021,,
70785900,8,0.9126444416225314,15,15,False,False,False,403,True,1.9875440000000708,0.7609830000000102,,
70787947,17,0.48664064195928525,403,403,False,False,False,23,True,2.4462550000000647,0.053591999999980544,,
70788069,20,0.491981736770268,424,424,False,False,False,19,True,2.4074560000000247,0.04466200000001663,,
70797827,17,0.46018102052495424,718,718,False,False,False,10,True,2.3913259999999354,0.022952999999915846,,
70857782,16,0.4077547301981401,972,972,False,False,False,10,True,2.3256149999999707,0.021784000000025117,,
70858051,14,0.4628415454635768,886,886,False,False,False,13,True,2.2493839999999636,0.030108000000041102,,
75353949,6,0.7144989015517619,411,411,False,False,False,27,True,1.6025459999999612,0.04753400000004149,,
75373928,10,0.7354375598455171,216,216,False,False,False,42,True,1.69342800000004,0.07782699999995657,,
7143936,3,0.9967666895334674,133,133,False,False,False,47,True,1.8138659999999618,0.08048799999994571,,
7186216,16,0.5520189148322686,459,459,False,False,False,25,True,2.3891920000000937,0.060808999999949265,,
7186505,13,0.5537760006786032,448,448,False,False,False,31,True,2.3546350000000302,0.07891300000005685,,
75353219,9,0.5851744452833773,648,648,False,False,False,20,True,1.6659100000000535,0.038443000000029315,,
75377810,3,0.9584371734697279,383,383,False,False,False,22,True,1.296779000000015,0.028440999999929772,,
76987466,10,0.7177846633836723,168,168,False,False,False,67,True,2.2366029999999455,0.15109900000004473,,
79282952,14,0.49612382537144284,806,806,False,False,False,12,True,2.3577400000000353,0.027150000000006003,,
79325634,5,0.8636399428621663,485,485,False,False,False,27,True,1.7931780000000117,0.057024000000069464,,
77005811,9,0.7290407119392986,348,348,False,False,False,27,True,2.163073000000054,0.054710000000000036,,
79172136,14,0.44564008473224426,902,902,False,False,False,11,True,2.3241329999999607,0.025684999999953106,,
79398126,7,0.7881168037233344,396,396,False,False,False,27,True,1.9001840000000811,0.05570399999999154,,
79403675,7,0.9852579836994155,17,17,False,False,False,463,True,1.6926320000000032,0.7998529999999846,,
79354962,6,0.7919102090979746,225,225,False,False,False,56,True,2.06402700000001,0.11910299999999552,,
79395764,14,0.5228677837712449,507,507,False,False,False,18,True,2.38164699999993,0.04144500000006701,,
79405368,15,0.568985845134361,359,359,False,False,False,19,True,2.2782439999999724,0.039342000000033295,,
79405578,4,0.9294277725076157,301,301,False,False,False,30,True,1.8015439999999217,0.05337100000008377,,
79424904,17,0.4556996544293881,771,771,False,False,False,13,True,2.3250570000000153,0.03285900000003039,,
79569274,14,0.43405597285542097,940,940,False,False,False,10,True,1.7186430000000428,0.015394000000014785,,
80080784,5,0.8787855021910438,597,597,False,False,False,18,True,1.7646389999999883,0.028916999999978543,,
80260513,6,0.891564921864908,296,296,False,False,False,26,True,1.8542950000000928,0.04725699999994504,,
80314959,14,0.5287416879617962,514,514,False,False,False,19,True,2.352624999999989,0.0452900000000227,,
80339388,11,0.5471570244643723,547,547,False,False,False,21,True,2.31861600000002,0.049587999999971544,,
80340568,14,0.570613961358179,349,349,False,False,False,27,True,2.298780000000079,0.059888999999998305,,
80342205,15,0.5018674796512633,487,487,False,False,False,13,True,2.3822340000000395,0.030531999999993786,,
80427599,14,0.5507641873883405,423,423,False,False,False,24,True,2.335299999999961,0.05427800000006755,,
80427634,19,0.5693657145357737,210,210,False,False,False,39,True,2.329289000000017,0.09466599999996106,,
80430264,16,0.5215071006779898,322,322,False,False,False,44,True,2.390123000000017,0.10119099999997161,,
80430430,15,0.5356880567164843,496,496,False,False,False,20,True,2.2492620000000443,0.04572299999995266,,
80427253,14,0.5383059059780204,680,680,False,False,False,12,True,2.297804000000042,0.028858000000013817,,
80427281,7,0.9469156929990499,2,2,True,True,True,1000,False,1.7739010000000235,1.8172630000000254,,
80438267,14,0.5367875447308177,655,655,False,False,False,11,True,2.3809330000000273,0.0247269999999844,,
80438901,12,0.5879249670665233,369,369,False,False,False,40,True,2.3263389999999617,0.09146799999996347,,
80509361,20,0.47193278370800484,297,297,False,False,False,41,True,2.487818000000061,0.11525400000004993,,
80510666,18,0.5825372864413875,200,200,False,False,False,56,True,2.3608050000000276,0.12920599999995375,,
92131593,10,0.6711621492598817,395,395,False,False,False,24,True,2.178489999999897,0.05515699999989465,,
92196301,10,0.6572510694015575,178,178,False,False,False,80,True,2.1342329999999947,0.1667649999999412,,
89018360,14,0.6995784912435342,34,34,False,False,False,263,True,2.343825999999922,0.6048470000000634,,
89021585,22,0.47384107682854837,312,312,False,False,False,30,True,2.383306999999945,0.06769100000008166,,
92228046,12,0.5613578257459608,680,680,False,False,False,16,True,2.3239589999999453,0.035970000000020264,,
92258567,15,0.5032732870177109,679,679,False,False,False,12,True,2.0745769999999766,0.026625000000080945,,
8196402,15,0.7342740302084161,6,6,True,True,True,1000,False,2.443228999999974,2.333586000000082,,
89002990,10,0.5736207758674006,720,720,False,False,False,11,True,1.936576999999943,0.0236290000000281,,
92364700,12,0.5510543015309106,400,400,False,False,False,35,True,2.109935000000064,0.07939499999997679,,
92364863,10,0.5108819305651001,818,818,False,False,False,11,True,1.8764320000000225,0.019913999999971566,,
92442172,13,0.46589134577295743,793,793,False,False,False,11,True,2.112694000000033,0.023259999999936554,,
92451349,15,0.4903443245125576,690,690,False,False,False,15,True,1.9827920000000177,0.028963000000089778,,
92452841,13,0.5594226815942294,440,440,False,False,False,30,True,2.129374999999982,0.06315199999994547,,
92497469,9,0.7332220047185557,78,78,False,False,False,140,True,2.0600709999999935,0.28714000000002216,,
92706840,7,0.789594239831878,193,193,False,False,False,37,True,2.0356369999999515,0.0737690000000839,,
92731064,14,0.6308147341393514,200,200,False,False,False,43,True,2.0552940000000035,0.09054200000002766,,
92734713,17,0.4217473333222155,874,874,False,False,False,10,True,2.4658319999999776,0.023596000000111417,,
92994093,11,0.5550240759908821,783,783,False,False,False,13,True,1.5943039999999655,0.020427999999924396,,
92995003,5,0.9184429453466038,180,180,False,False,False,87,True,1.539681000000087,0.12836699999991197,,
9699512,13,0.648966358112054,151,151,False,False,False,63,True,2.2311050000000705,0.13898699999992914,,
97410755,10,0.6522163855318491,314,314,False,False,False,41,True,2.1905830000000606,0.08663300000000618,,
97469879,8,0.7210242461734155,160,160,False,False,False,62,True,1.6116610000000264,0.09964800000000196,,
97475019,12,0.5194937779165315,785,785,False,False,False,12,True,1.5741780000000745,0.01848599999993894,,
9788918,17,0.4821905744077428,540,540,False,False,False,28,True,2.2372719999999617,0.060276000000044405,,
98666650,12,0.5614954651345887,548,548,False,False,False,14,True,1.5973390000000336,0.020549999999957436,,
98672854,6,0.9136982538383654,189,189,False,False,False,28,True,1.4490670000000136,0.043483000000037464,,
98609758,8,0.7803372970486412,153,153,False,False,False,72,True,1.6011239999999134,0.11440700000002835,,
98659013,16,0.40549188343042,970,970,False,False,False,11,True,1.5868010000000368,0.01666899999997895,,
98665166,9,0.7659116420220478,158,158,False,False,False,61,True,1.5794309999999996,0.09529399999996713,,
98666609,15,0.5483827036014214,634,634,False,False,False,14,True,1.5677719999999908,0.0201279999999997,,
98672920,12,0.5188603221345811,655,655,False,False,False,10,True,1.6153940000000375,0.01675000000000182,,
98678529,9,0.686965146861262,455,455,False,False,False,26,True,1.3252050000000963,0.03106800000000476,,
