{
  "milestone": "M3",
  "decision": "F \u2014 occurrence weights w_c (A.5) + prevalence pi_hat (A.6)",
  "status": "PROVISIONAL \u2014 owner review pending; NO Seal #2",
  "source": "Kunimoto & Matthews 2020 (AJ 159,248; arXiv:2004.05296): Table 5 (FGK, P<50 d) + Eqn 25 power law",
  "grid": {
    "P_days": [
      0.5,
      1,
      2,
      4,
      8,
      16
    ],
    "R_earth": [
      1,
      2,
      4,
      8,
      12
    ]
  },
  "w_P_log_uniform": {
    "0.5": 0.16666666666666666,
    "1": 0.16666666666666666,
    "2": 0.16666666666666666,
    "4": 0.16666666666666666,
    "8": 0.16666666666666666,
    "16": 0.16666666666666666
  },
  "w_R_radius_prior": {
    "km_occurrence_pct_P50": {
      "1-2": 16.2,
      "2-4": 25.2,
      "4-8": 1.6,
      "8-16": 1.6
    },
    "node_to_bin": {
      "1": "1-2",
      "2": "2-4",
      "4": "4-8",
      "8": "8-16",
      "12": "8-16"
    },
    "split_8_16_geometric": {
      "node8_frac": 0.2924812503605779,
      "node12_frac": 0.7075187496394221,
      "assumption": "flat occurrence per log-radius within KM 8-16 bin"
    },
    "w_R_normalized": {
      "1": 0.3632286995515695,
      "2": 0.5650224215246636,
      "4": 0.03587443946188341,
      "8": 0.010492600909796519,
      "12": 0.02538183855208689
    }
  },
  "w_c": {
    "P0.5_R1": 0.06053811659192827,
    "P0.5_R2": 0.09417040358744398,
    "P0.5_R4": 0.005979073243647237,
    "P0.5_R8": 0.0017487668182994205,
    "P0.5_R12": 0.0042303064253478165,
    "P1_R1": 0.06053811659192827,
    "P1_R2": 0.09417040358744398,
    "P1_R4": 0.005979073243647237,
    "P1_R8": 0.0017487668182994205,
    "P1_R12": 0.0042303064253478165,
    "P2_R1": 0.06053811659192827,
    "P2_R2": 0.09417040358744398,
    "P2_R4": 0.005979073243647237,
    "P2_R8": 0.0017487668182994205,
    "P2_R12": 0.0042303064253478165,
    "P4_R1": 0.06053811659192827,
    "P4_R2": 0.09417040358744398,
    "P4_R4": 0.005979073243647237,
    "P4_R8": 0.0017487668182994205,
    "P4_R12": 0.0042303064253478165,
    "P8_R1": 0.06053811659192827,
    "P8_R2": 0.09417040358744398,
    "P8_R4": 0.005979073243647237,
    "P8_R8": 0.0017487668182994205,
    "P8_R12": 0.0042303064253478165,
    "P16_R1": 0.06053811659192827,
    "P16_R2": 0.09417040358744398,
    "P16_R4": 0.005979073243647237,
    "P16_R8": 0.0017487668182994205,
    "P16_R12": 0.0042303064253478165
  },
  "pi_hat": {
    "value": 0.03166517772039352,
    "occurrence_over_grid_planets_per_star": 0.19735509936261286,
    "period_fraction_Ple16_over_Plt50": {
      "1-2": 0.6490003925630411,
      "2-4": 0.3247078724204233,
      "4-8": 0.3247078724204233,
      "8-16": 0.3247078724204233
    },
    "geometric_RstarOverA_mean": 0.16044773012027982,
    "n_calibration_stars": 6925,
    "integration_bounds": {
      "P_days": [
        0.78125,
        16.0
      ],
      "R_earth": [
        1,
        16
      ],
      "note": "grid node P=0.5 d is below KM's 0.78 d support; occurrence integrated from 0.78 d"
    }
  },
  "assumptions_for_review": [
    "w_R uses KM Table 5 FGK P<50 d marginal (closest to grid max 16 d); P<100 d available as alt.",
    "nodes 8 & 12 R+ share KM's 8-16 bin -> split by geometric log sub-bin (giants <4% of weight).",
    "giant-planet period shape (4-8, 8-16) approximated by the 2-4 R+ power law (negligible effect)."
  ]
}