tic,P,Rp,b,seed,k,obs_R,obs_span,obs_nfreq,P_hat,period_match,epoch_match,seed_correct,t14_seeded,t0_hat,Lb,P_true,t0_true,t14_true,n_transits,gR,gW,recR,recW,baseline,sector_class
161174069,0.5,1,0.0,20260640,2,1.0,3.151388139541268,16,1.575694069770634,False,False,False,0.2,1341.2476110457585,0.6000000000000001,0.5,1327.2038449165914,0.0760082942085563,51,False,False,False,False,25.379309548749916,1-sector
279091054,0.5,1,0.6,20260636,3,0.9999933921056866,5.67086053264984,32,0.51553277569544,False,True,False,0.2,1368.7323976186933,0.6000000000000001,0.5,1360.4844298138546,0.0954959121063987,100,False,False,False,False,49.60605741970858,2-sector
100101948,0.5,1,0.3,20260638,2,1.0,1.741696626329713,8,1.7416966263297124,False,False,False,0.1,1366.5756870954638,0.3,0.5,1393.0777310912367,0.0657532245157049,100,False,False,False,False,49.60427103086977,2-sector
114918596,0.5,1,0.6,20260627,4,0.965604588156226,15.98297573884929,93,0.5934665478522558,False,False,False,0.05,1339.6899507816263,0.15,0.5,1346.4955210308697,0.0392451052987248,51,False,False,False,False,25.271799287153044,1-sector
268765642,0.5,1,0.0,20260628,2,1.0,3.005610169291458,16,3.005610169291458,False,False,False,0.4,1394.0978258559608,1.2000000000000002,0.5,1389.526017378358,0.0874219159633287,36,False,False,False,False,17.77666158081047,1-sector
150104808,0.5,1,0.6,20260630,7,0.8073530208306928,32.698728573777544,194,1.2110640212510198,False,False,False,0.05,1366.3649843119636,0.15,0.5,1358.144318009793,0.0996074235801436,157,False,False,False,False,78.4169142712758,2-sector
375059160,0.5,1,0.0,20260622,4,0.9698306880182516,9.445815978577684,54,0.9445815978577684,False,False,False,0.8,1335.8729631937313,2.4000000000000004,0.5,1398.9361865392823,0.0354887430108391,157,False,False,False,False,78.41685560613496,2-sector
231009108,0.5,2,0.6,20260657,2,1.0,2.981927872886899,15,2.9819278728869,False,False,False,0.05,1375.8471372021174,0.15,0.5,1368.357038760025,0.0457699766088354,50,False,False,False,False,24.90416135153373,1-sector
80342205,0.5,2,0.3,20260656,3,0.9854653006613928,17.41121180788059,101,0.5990455719195393,False,False,False,0.05,1356.506810274094,0.15,0.5,1365.0006603555416,0.0459336728690059,50,False,False,False,False,24.904225256793325,1-sector
183594608,0.5,2,0.3,20260653,8,0.9448500945602268,38.508306347222515,227,0.5008496644975563,True,True,True,0.1,1367.192845421062,0.3,0.5,1363.1644274548037,0.0638335464036165,100,False,False,False,False,49.604135879200385,2-sector
199729914,0.5,1,0.0,20260625,2,1.0,2.2569747756758716,11,2.2569747756758716,False,True,False,0.1,1364.934194890954,0.3,0.5,1373.9662430128108,0.0398737297710012,100,False,False,False,False,49.60415174381478,2-sector
150274632,0.5,1,0.3,20260626,5,0.8905348665713303,47.76141309756463,283,3.0067401225486643,False,False,False,0.05,1396.7191744000943,0.15,0.5,1397.284257630833,0.112822736276812,157,False,False,False,False,78.4185033355493,2-sector
150270977,0.5,2,0.0,20260649,2,1.0,2.641663818666302,13,2.641663818666302,False,False,False,0.05,1366.489926613811,0.15,0.5,1352.5352164590422,0.1172166039032384,157,False,False,False,False,78.41673355123294,2-sector
11645778,0.5,2,0.3,20260650,2,0.8685260836581845,13.31801649738236,76,0.5749180903447866,False,False,False,0.8,1388.8089878444584,2.4000000000000004,0.5,1387.9820266509296,0.0928540173176815,36,False,False,False,False,17.776304215574783,1-sector
369219815,0.5,2,0.3,20260659,2,1.0,1.4166241785089824,6,1.4166241785089824,False,False,False,0.05,1348.995321621273,0.15,0.5,1349.108488340158,0.0923996383967928,51,False,False,False,False,25.282901305040923,1-sector
370233036,0.5,2,0.6,20260660,3,0.99926487772011,5.36378914715101,30,1.3409472867877523,False,False,False,0.05,1340.0639967383538,0.15,0.5,1343.5666134139312,0.0573417346093764,51,False,False,False,False,25.37882668733164,1-sector
115043101,0.5,2,0.0,20260661,3,0.9831177644155156,7.885908967647765,45,7.885908967647766,False,False,False,0.05,1349.1355271421237,0.15,0.5,1335.7683876348071,0.0829811772813585,51,False,False,False,False,25.284323774071026,1-sector
327939708,0.5,2,0.3,20260662,4,0.9727284608493728,16.976581241319764,98,1.1295130109263414,False,False,False,0.05,1373.5680103962677,0.15,0.5,1362.570403994304,0.0698764709133114,50,False,False,False,False,24.904509046148632,1-sector
231912935,0.5,2,0.3,20260665,8,0.8420468888173669,46.49017497481032,274,0.5161888131738436,False,False,False,0.1,1360.6931932442287,0.3,0.5,1331.52060058621,0.0575951202349338,108,False,False,False,False,53.716402562472695,2-sector
231668630,0.5,2,0.6,20260663,2,1.0,7.508271636784229,43,3.754135818392115,False,False,False,0.05,1336.1822766850512,0.15,0.5,1331.1819796226102,0.089251787252715,51,False,False,False,False,25.377333260834575,1-sector
325338671,0.5,2,0.0,20260664,3,0.9504886551854812,18.48302759378089,107,0.8750057205378454,False,False,False,0.4,1343.6821327726018,1.2000000000000002,0.5,1346.13475814432,0.0758221279194563,51,False,False,False,False,25.37735189520231,1-sector
207090424,0.5,2,0.0,20260667,2,1.0,8.034750950416992,46,8.034750950416992,False,False,False,0.05,1378.181143016898,0.15,0.5,1376.6732145297758,0.0877504548289458,50,False,False,False,False,24.90441455741984,1-sector
401986029,0.5,2,0.3,20260668,2,1.0,4.4929847113514825,24,4.4929847113514825,False,False,False,0.05,1366.7920745544825,0.15,0.5,1365.29612730713,0.0591846480194866,50,False,False,False,False,24.90380852765975,1-sector
355508749,0.5,2,0.0,20260673,2,0.9999981709869108,12.459623742238364,72,1.0382493047986114,False,False,False,0.05,1378.8212615686732,0.15,0.5,1359.8201100902684,0.0737350267844743,50,False,False,False,False,24.904085913473864,1-sector
219334689,0.5,2,0.6,20260672,5,0.9356510631731316,14.614070039261378,85,0.8118927799589654,False,False,False,0.8,1341.5233195975427,2.4000000000000004,0.5,1356.7564863047608,0.0285275003786227,100,False,False,False,False,49.989936651389144,2-sector
410253041,0.5,4,0.3,20260680,47,0.9758120475371505,24.516245772709,142,0.5010254493578717,True,True,True,0.05,1340.4633279308491,0.15,0.5,1338.4636319340786,0.0505266512373474,51,True,True,True,True,25.377340962173776,1-sector
254302983,0.5,4,0.6,20260684,47,0.9940538781086582,24.49347134485288,142,0.5002037882189585,True,True,True,0.05,1373.9565480368844,0.15,0.5,1362.4551342497782,0.0447988094283811,50,True,True,True,True,24.904585022047286,1-sector
149993861,0.5,2,0.6,20260669,22,0.8545295616613807,72.99483824151616,433,0.5004387796311623,True,True,True,0.05,1328.542610933188,0.15,0.5,1338.549296902292,0.0415623629017613,157,False,True,False,True,78.41848747226913,2-sector
197978738,0.5,4,0.0,20260685,18,0.8481372549462517,22.013600825583808,127,0.5033428812825962,True,False,False,0.05,1344.1471851207305,0.15,0.5,1350.136137118862,0.092806870698769,51,True,True,False,False,25.378817352685473,1-sector
92497469,0.5,4,0.3,20260686,44,0.9365616026821504,24.512151534445593,142,0.5007891924794705,True,False,False,0.05,1342.9553911648964,0.15,0.5,1348.5558844375505,0.0457748678085791,51,True,True,False,False,25.178813652026975,1-sector
41898474,0.5,2,0.3,20260677,4,0.9985787409390552,10.809984138473055,62,3.603328046157685,False,False,False,0.05,1359.3383260503708,0.15,0.5,1391.0245651453445,0.1134945925265517,100,True,False,False,False,49.604301162181855,2-sector
24696180,0.5,2,0.6,20260678,9,0.8344860354387047,41.98316670409713,248,0.5004163323016659,True,True,True,0.2,1351.2118771253286,0.6000000000000001,0.5,1345.221746211624,0.0816935798414932,108,False,False,False,False,53.716366959894685,2-sector
200746541,0.5,4,0.3,20260689,32,0.9572616980974747,17.03201638482051,97,0.5021787372665646,True,True,True,0.05,1400.5231724628754,0.15,0.5,1391.5063078840678,0.1152691952930173,36,True,True,True,True,17.77646262516282,1-sector
270481071,0.5,4,0.6,20260690,46,0.984904218766848,24.01115387015261,139,0.5009809137559332,True,True,True,0.05,1366.28684957701,0.15,0.5,1374.795803339153,0.0614463610700128,50,True,True,True,True,24.90420986296249,1-sector
293525326,0.5,4,0.0,20260691,48,0.9639515900007818,25.00107206381358,145,0.5003182604070997,True,True,True,0.05,1351.878801511234,0.15,0.5,1338.369784233602,0.0562955123810964,51,True,True,True,True,25.37745824106446,1-sector
144434171,0.5,4,0.3,20260692,47,0.992054645174844,24.49556410080504,142,0.5002442527669416,True,True,True,0.05,1365.1597974883637,0.15,0.5,1356.1583023320868,0.0564293492224539,50,True,True,True,True,24.90389521795896,1-sector
12787544,0.5,4,0.6,20260687,47,0.9965005585688088,24.48978896296376,142,0.5001297444388605,True,True,True,0.05,1359.9417233698769,0.15,0.5,1377.9432038830685,0.0466679545216401,50,True,True,True,True,24.902275643343728,1-sector
231840839,0.5,4,0.0,20260688,41,0.9872565632214464,50.99586667716653,301,0.5002004950340203,True,True,True,0.05,1368.6356447162912,0.15,0.5,1333.6579593720744,0.0841935951789524,105,True,True,True,True,52.28060838118313,2-sector
317088106,0.5,4,0.6,20260693,47,0.991279283509676,25.000885136609213,145,0.5003145187619424,True,True,True,0.05,1329.328783045261,0.15,0.5,1335.8221858504612,0.0728641783665305,51,True,True,True,True,25.37726736533864,1-sector
219334470,0.5,4,0.0,20260694,40,0.9593553664000756,23.986350501679222,139,0.500861145076168,True,True,True,0.05,1344.4802218228342,0.15,0.5,1346.974662343231,0.0603489584160646,51,True,True,True,True,25.379425266278304,1-sector
279318109,0.5,4,0.6,20260681,80,0.9392861926767208,77.99655290934902,463,0.5000123055578816,True,False,False,0.05,1339.682056935934,0.15,0.5,1381.289382013667,0.0533236220612233,157,True,True,False,False,78.41738968043933,2-sector
421937394,0.5,4,0.0,20260682,15,0.8780326553934671,22.006577975148048,127,0.5031875116876696,True,False,False,0.05,1349.6162858836756,0.15,0.5,1334.11382151115,0.0580967652833634,51,True,True,False,False,25.377343164984495,1-sector
164768954,0.5,4,0.6,20260699,28,0.9292345355655324,16.991779923961985,97,0.5010593348170503,True,True,True,0.05,1394.024368319027,0.15,0.5,1401.0382558566785,0.053236360114664,36,True,True,True,True,17.776504766578,1-sector
284083051,0.5,4,0.0,20260700,26,0.9405887192035725,16.512497151510615,94,0.5025442062112423,True,False,False,0.05,1389.7692722242032,0.15,0.5,1400.779981594623,0.0786612322232267,36,True,True,False,False,17.776396603705507,1-sector
267090033,0.5,4,0.3,20260695,13,0.7698644975408854,20.25124931673008,117,0.5029794973535084,True,False,False,0.05,1348.5204212590038,0.15,0.5,1333.2726903962882,0.0530769123128349,51,False,False,False,False,25.378976301742114,1-sector
155986202,0.5,4,0.6,20260696,47,0.9952081551218128,24.498465653651692,142,0.5003012295329015,True,True,True,0.05,1369.2134893963273,0.15,0.5,1356.2148612214758,0.059561091196515,50,True,True,True,True,24.90402224034642,1-sector
150188659,0.5,8,0.0,20260712,48,0.9734811554861506,24.512614947588645,142,0.5009567748858471,True,True,True,0.05,1335.9243500760474,0.15,0.5,1343.928965642714,0.1135264091561643,51,True,True,True,True,25.38067398253179,1-sector
114918596,0.5,4,0.3,20260707,46,0.9779811376818852,24.48848405210856,142,0.5003980480295017,True,True,True,0.05,1335.3150038539773,0.15,0.5,1328.3064180539404,0.0479802224311264,51,True,True,True,True,25.271799287153044,1-sector
268765642,0.5,4,0.6,20260708,31,0.9320036995227418,17.49332535553367,100,0.5002649275461042,True,True,True,0.05,1389.8185764286914,0.15,0.5,1388.8172791148386,0.0751202027013162,36,True,True,True,True,17.77666158081047,1-sector
308209064,0.5,4,0.0,20260703,5,0.8980529468281171,12.338934251348746,72,1.121721295577159,False,False,False,0.1,1369.9394405920214,0.3,0.5,1371.4501678897934,0.118156567886732,50,False,False,False,False,24.904415701549624,1-sector
231704229,0.5,4,0.3,20260704,50,0.9418198296486978,24.98463842532692,145,0.5000036130716978,True,True,True,0.05,1335.3140348128425,0.15,0.5,1343.819354818531,0.0430024318645612,51,True,True,True,True,25.3790830771768,1-sector
251885542,0.5,4,0.3,20260701,46,0.989116091612264,23.989179444836736,139,0.5005410662214994,True,True,True,0.05,1361.3168931875284,0.15,0.5,1364.8069629531087,0.0752603493250008,50,True,True,True,True,24.904467521268998,1-sector
375059160,0.5,4,0.6,20260702,14,0.6661029750749206,51.56947488117907,306,0.5007623572399861,True,False,False,0.05,1345.2687791859348,0.15,0.5,1355.7583613382176,0.0316181314513714,157,False,False,False,False,78.41685560613496,2-sector
469939625,0.5,4,0.0,20260697,43,0.994213019235016,24.49424413150973,142,0.5002184302769666,True,True,True,0.05,1364.9094115959326,0.15,0.5,1376.400825210745,0.0414224614671682,50,True,True,True,True,24.903958197716747,1-sector
150359212,0.5,4,0.3,20260698,127,0.978380047012682,78.01586054218728,463,0.5001346038767451,True,True,True,0.05,1331.8589536145298,0.15,0.5,1330.354814396719,0.045319275756414,157,True,True,True,True,78.41864062657578,2-sector
251828912,0.5,8,0.0,20260709,47,0.9581127512172652,23.98909486621824,139,0.5005393028396224,True,True,True,0.05,1373.85613893988,0.15,0.5,1371.856049602102,0.0584832969656624,50,True,True,True,True,24.904381417703007,1-sector
150104808,0.5,8,0.3,20260710,13,0.6913595112454193,58.01268570936577,344,31.99941497959179,False,False,False,0.05,1366.3649843119636,0.15,0.5,1373.216400973678,0.1175773957293045,157,False,False,False,False,78.4169142712758,2-sector
199729914,0.5,4,0.6,20260705,77,0.9931694598044344,49.01666547285003,289,0.5002909781138638,True,False,False,0.05,1360.4438335134123,0.15,0.5,1403.4462093885927,0.0350406000701345,100,True,True,False,False,49.60415174381478,2-sector
150274632,0.5,4,0.0,20260706,6,0.8352487257107042,47.76141309756463,283,2.7739047268481154,False,False,False,0.1,1396.7441744000942,0.3,0.5,1366.777774417664,0.1176755918396336,157,False,False,False,False,78.4185033355493,2-sector
248955543,0.5,8,0.6,20260717,32,0.9419290514678632,17.004357406789495,97,0.5014094293739785,True,False,False,0.05,1387.5497828517214,0.15,0.5,1395.0452239212004,0.0304907626203305,36,True,True,False,False,17.77658540700577,1-sector
100101948,0.5,8,0.0,20260718,79,0.9712016060813956,49.01120613161902,289,0.5002364051897897,True,True,True,0.05,1378.8466483198551,0.15,0.5,1396.3451127286644,0.072904567724704,100,True,True,True,True,49.60427103086977,2-sector
389527466,0.5,8,0.6,20260723,49,0.9665080553831552,24.996779312970375,145,0.5001619843660371,True,True,True,0.05,1336.737178262296,0.15,0.5,1336.7359650749204,0.1053443137661357,51,True,True,True,True,25.28288650492823,1-sector
100123131,0.5,8,0.3,20260713,78,0.9960329591579222,49.498752026183865,292,0.5000088887986244,True,True,True,0.05,1373.4132270325852,0.15,0.5,1365.9178119143796,0.0378997880596714,100,True,True,True,True,49.604306371534676,2-sector
160113035,0.5,8,0.6,20260714,47,0.9836666484050302,23.99019957004521,139,0.5005611852665222,True,True,True,0.05,1375.2671091282489,0.15,0.5,1378.767462694138,0.0719184437643997,50,True,True,True,True,24.904083196107422,1-sector
115693639,0.5,8,0.0,20260715,47,0.9967766096029828,24.493220960453527,142,0.5001986778178426,True,True,True,0.05,1364.069797450908,0.15,0.5,1359.5696953931972,0.0620664155577654,50,True,True,True,True,24.904334066469346,1-sector
279091054,0.5,8,0.3,20260716,71,0.9812437426518056,49.01438497120443,289,0.5002685591939968,True,True,True,0.05,1368.757398455976,0.15,0.5,1359.2398794223243,0.1130073767495506,100,True,True,True,True,49.60605741970858,2-sector
40182390,0.5,8,0.3,20260719,31,0.9558751437121484,16.98030156780669,97,0.5007371158833724,True,True,True,0.05,1389.6457695122212,0.15,0.5,1394.6422166416758,0.0673131597190777,36,True,True,True,True,17.774734104913023,1-sector
161174069,0.5,8,0.6,20260720,48,0.9776338617005844,24.99597525932859,145,0.5002217232409495,True,True,True,0.05,1331.7377950183795,0.15,0.5,1342.233562347128,0.0684027947995943,51,True,True,True,True,25.379309548749916,1-sector
3836364,0.5,8,0.0,20260721,31,0.9867136595379482,16.992872461440584,97,0.5010870306263373,True,False,False,0.05,1387.4513389729275,0.15,0.5,1399.4518213764604,0.0423959562601482,36,True,True,False,False,17.774802758287933,1-sector
70776480,0.5,8,0.3,20260722,46,0.987128845148,23.98752331404694,139,0.5005076740981454,True,True,True,0.05,1362.7380757618216,0.15,0.5,1373.752333041605,0.1079426800117583,50,True,True,True,True,24.904188466292,1-sector
20923934,0.5,8,0.3,20260725,32,0.9939600637295166,17.505181105832207,100,0.5005816346732032,True,True,True,0.05,1397.7773254062497,0.15,0.5,1399.7742820865103,0.0487075594827755,36,True,True,True,True,17.7746171843487,1-sector
218968119,0.5,8,0.6,20260726,47,0.9709348062365616,23.98717272548356,139,0.5005003604607928,True,True,True,0.05,1364.306470873276,0.15,0.5,1372.8071028599652,0.0478590855148876,50,True,True,True,True,24.903826349448536,1-sector
259472825,0.5,8,0.3,20260731,31,0.9795905268353152,17.005827743717646,97,0.5014526896110715,True,True,True,0.05,1400.5943901367464,0.15,0.5,1402.593115785319,0.0708245031424913,36,True,True,True,True,17.778062338027212,1-sector
218972061,0.5,8,0.6,20260732,46,0.9467371400378534,23.989961704015514,139,0.5005562249391334,True,True,True,0.05,1366.8675537779245,0.15,0.5,1375.3627322913658,0.1032459011258559,50,True,True,True,True,24.90383973860753,1-sector
219221780,0.5,8,0.6,20260735,32,0.9921346372219872,17.501630646516105,100,0.5004912229927666,True,True,True,0.05,1388.8558438278994,0.15,0.5,1398.8571726608393,0.0601767240376406,36,True,True,True,True,17.778023520502302,1-sector
80342205,0.5,8,0.0,20260736,47,0.9945216494555206,24.495888015215996,142,0.5002508682770452,True,True,True,0.05,1379.1971410520275,0.15,0.5,1377.6963715574554,0.0515326972748765,50,True,True,True,True,24.904225256793325,1-sector
231009108,0.5,8,0.3,20260737,46,0.9886849399434092,23.987497096898096,139,0.5005071271528121,True,True,True,0.05,1373.7290942435163,0.15,0.5,1377.2308743663298,0.0571707791564716,50,True,True,True,True,24.90416135153373,1-sector
169266000,0.5,8,0.6,20260738,47,0.99527583605635,24.492911393952,142,0.5001923559114598,True,True,True,0.05,1363.068771345584,0.15,0.5,1375.5648907930574,0.0472966186935076,50,True,True,True,True,24.90401934975398,1-sector
183594608,0.5,8,0.0,20260733,81,0.9905184685078516,48.995798840046064,289,0.5000822928116512,True,True,True,0.05,1387.263744344528,0.15,0.5,1395.7625233196002,0.0699728621741325,100,True,True,True,True,49.604135879200385,2-sector
155895287,0.5,8,0.3,20260734,46,0.9892420734239236,23.99006293891989,139,0.5005583352487958,True,False,False,0.05,1378.2842434041052,0.15,0.5,1357.2872279884243,0.0310749657759054,50,True,True,False,False,24.903942378737156,1-sector
369219815,0.5,12,0.0,20260739,49,0.9677629232622632,25.005127823497787,145,0.5003224304499605,True,True,True,0.05,1330.7373183441443,0.15,0.5,1338.7396860552683,0.1018946415246279,51,True,True,True,True,25.282901305040923,1-sector
370233036,0.5,12,0.3,20260740,47,0.9771517969338092,24.49133769411469,142,0.5005376522291267,True,True,True,0.05,1328.547408883723,0.15,0.5,1335.5506103901107,0.0726989433992963,51,True,True,True,True,25.37882668733164,1-sector
150270977,0.5,8,0.6,20260729,96,0.8302273398024183,77.97089997956164,462,0.500920316168577,True,True,True,0.05,1335.8996587089575,0.15,0.5,1329.4128729074607,0.1042387795173855,157,True,True,True,True,78.41673355123294,2-sector
11645778,0.5,8,0.0,20260730,32,0.917009738996239,17.01103085580121,97,0.5015946573897123,True,True,True,0.05,1397.107603273859,0.15,0.5,1404.1073220110782,0.0999677938591545,36,True,True,True,True,17.776304215574783,1-sector
115043101,0.5,12,0.6,20260741,49,0.9352522550536698,24.99821523963783,145,0.5001907040914898,True,True,True,0.05,1341.2746170731969,0.15,0.5,1343.2719904487064,0.0767379838107638,51,True,True,True,True,25.284323774071026,1-sector
327939708,0.5,12,0.0,20260742,47,0.988481968135169,24.517007765717608,142,0.5006650600920652,True,True,True,0.05,1356.970486789161,0.15,0.5,1374.4748087039804,0.0787014308409283,50,True,True,True,True,24.904509046148632,1-sector
231668630,0.5,12,0.3,20260743,48,0.983637873109082,24.492626926222783,142,0.5005617993032063,True,True,True,0.05,1343.0071489411173,0.15,0.5,1333.5030518041162,0.1084412863144489,51,True,True,True,True,25.377333260834575,1-sector
325338671,0.5,12,0.6,20260744,48,0.9732763518022516,24.513477762411185,142,0.5009711229462191,True,True,True,0.05,1332.014259024285,0.15,0.5,1340.5115049584024,0.0703650937080319,51,True,True,True,True,25.37735189520231,1-sector
161376469,0.5,8,0.0,20260727,48,0.7756307576596932,24.491898658466653,141,0.5033620712613364,True,False,False,0.05,1340.393334670101,0.15,0.5,1331.389589506419,0.0497334043332731,50,True,True,False,False,24.615510603410712,1-sector
150390619,0.5,8,0.3,20260728,125,0.8250802616566606,77.9890072007945,462,0.501035162965872,True,False,False,0.05,1343.10231277097,0.15,0.5,1374.097620981389,0.1167511733783557,157,True,True,False,False,78.41678699331624,2-sector
207090424,0.5,12,0.6,20260747,46,0.9887262511544084,23.990515471631625,139,0.5005677793957618,True,True,True,0.05,1366.89080270645,0.15,0.5,1356.8844183528877,0.0808528215216574,50,True,True,True,True,24.90441455741984,1-sector
401986029,0.5,12,0.0,20260748,47,0.989960939046234,24.51770554280938,142,0.5006781702821986,True,True,True,0.05,1359.0018533473246,0.15,0.5,1363.997491467433,0.0685037159329501,50,True,True,True,True,24.90380852765975,1-sector
355508749,0.5,12,0.6,20260753,47,0.9958325933633888,24.491590943390747,142,0.5001665266325503,True,True,True,0.05,1371.433839659723,0.15,0.5,1378.934908156512,0.0678874087175459,50,True,True,True,True,24.904085913473864,1-sector
270269007,0.5,12,0.0,20260754,46,0.9774461588154306,24.015542271805543,139,0.5010689788751381,True,True,True,0.05,1378.8499617473658,0.15,0.5,1364.8472302960731,0.0638099326856781,50,True,True,True,True,24.904441699884956,1-sector
231912935,0.5,12,0.0,20260745,95,0.9721820003899028,53.00529052117099,313,0.5001748435538937,True,True,True,0.05,1373.0402077048784,0.15,0.5,1338.0375450954332,0.0659441054917375,108,True,True,True,True,53.716402562472695,2-sector
139844443,0.5,12,0.3,20260746,48,0.9831435399270024,24.48862396168056,142,0.5004844292937726,True,True,True,0.05,1327.0282117051524,0.15,0.5,1330.5282280516442,0.0721359810388767,51,True,True,True,True,25.37889233486294,1-sector
98678529,0.5,12,0.6,20260759,30,0.9798274363045744,16.989968714469796,97,0.5010060251766923,True,True,True,0.05,1397.491215165669,0.15,0.5,1402.9845894158716,0.1044381914404515,36,True,True,True,True,17.774672791756984,1-sector
410253041,0.5,12,0.0,20260760,46,0.9804367376148329,24.491244797716035,142,0.500534672663454,True,True,True,0.05,1327.0524005430252,0.15,0.5,1335.551602115006,0.057861140759801,51,True,True,True,True,25.377340962173776,1-sector
254302983,0.5,12,0.3,20260764,47,0.9838027311064598,24.51846693794141,142,0.5006937213107154,True,True,True,0.05,1359.1034847625149,0.15,0.5,1372.6015739872616,0.0570060665590796,50,True,True,True,True,24.904585022047286,1-sector
207174734,0.5,12,0.3,20260755,78,0.9907822921453264,48.99757718588671,289,0.5001001570359813,True,True,True,0.05,1360.1879516261097,0.15,0.5,1377.685512771594,0.0596120766952535,100,True,True,True,True,49.604525894859535,2-sector
66410290,0.5,12,0.6,20260756,47,0.9960069260466312,24.49341412579088,142,0.5002026200403534,True,True,True,0.05,1364.959886848389,0.15,0.5,1372.9631585809427,0.089465048628212,50,True,True,True,True,24.90452726980311,1-sector
149993861,0.5,12,0.3,20260749,124,0.9887783568601402,77.50042687344262,460,0.5000782961461149,True,True,True,0.05,1390.0623833214445,0.15,0.5,1333.564358286315,0.054887133881782,157,True,True,True,True,78.41848747226913,2-sector
219317391,0.5,12,0.6,20260750,46,0.9831886355776348,24.48846749718905,142,0.5004801518276533,True,True,True,0.05,1333.0475989145395,0.15,0.5,1344.0450990521233,0.052420925681845,51,True,True,True,True,25.377342057641954,1-sector
278990983,0.5,12,0.0,20260751,78,0.9790524521581287,49.00893534717784,289,0.5002140806520833,True,True,True,0.05,1358.3531362758692,0.15,0.5,1359.842346016293,0.1213227310698233,100,True,True,True,True,49.60616389199777,2-sector
219334689,0.5,12,0.3,20260752,88,0.9792673538463982,49.4996625009494,292,0.5000956750963041,True,True,True,0.05,1362.5371412960774,0.15,0.5,1346.540854061789,0.0412476843851849,100,True,True,True,True,49.989936651389144,2-sector
144434171,1.0,1,0.0,20260772,2,0.0,0.3319361853109512,0,,False,False,False,0.05,1379.8039988266294,0.15,1.0,1361.3310841638836,0.0706355446042235,25,False,False,False,False,24.90389521795896,1-sector
41898474,0.5,12,0.0,20260757,5,0.9775093286595812,10.962766015079524,63,3.654255338359842,False,False,False,0.05,1355.5896087723984,0.15,0.5,1399.5691898190737,0.1223764801712164,100,True,False,False,False,49.604301162181855,2-sector
24696180,0.5,12,0.3,20260758,99,0.784051929394151,53.49553606566292,315,0.5015593119437037,True,True,True,0.05,1333.645185234609,0.15,0.5,1329.149113059983,0.1007466532729952,108,True,True,True,True,53.716366959894685,2-sector
267090033,1.0,1,0.0,20260775,2,0.0,0.3124957149416332,0,,False,False,False,0.05,1348.5204212590038,0.15,1.0,1342.388782642167,0.066577447636516,26,False,False,False,False,25.378976301742114,1-sector
164768954,1.0,1,0.3,20260779,2,1.0,4.583388640521662,25,2.2916943202608313,False,False,False,0.2,1393.9979784680656,0.6000000000000001,1.0,1398.4548380012166,0.0738299458982897,18,False,False,False,False,17.776504766578,1-sector
197978738,0.5,12,0.6,20260765,49,0.9627992407445408,24.999659024177618,145,0.5002921541264737,True,True,True,0.05,1344.1471851207305,0.15,0.5,1327.6525204664022,0.0837825436853962,51,True,True,True,True,25.378817352685473,1-sector
92497469,0.5,12,0.0,20260766,47,0.984863593747619,24.512154762300497,142,0.5007892558020924,True,True,True,0.05,1342.9553911648964,0.15,0.5,1341.4567357205076,0.0522642781384953,51,True,True,True,True,25.178813652026975,1-sector
231704229,1.0,1,0.0,20260784,6,0.9403124237087122,16.809650384568613,97,0.9893062259265069,False,False,False,0.05,1342.630679227176,0.15,1.0,1338.6317129540107,0.0534662078201016,26,False,False,False,False,25.3790830771768,1-sector
375059160,1.0,1,0.3,20260782,4,0.9698306880182518,9.445815978577684,54,0.9445815978577684,False,False,False,0.8,1335.8729631937313,2.4000000000000004,1.0,1377.552226543061,0.0425488051869753,79,False,False,False,False,78.41685560613496,2-sector
12787544,0.5,12,0.3,20260767,47,0.9949771783946016,24.491178715154092,142,0.5001569858448321,True,True,True,0.05,1373.9067445551395,0.15,0.5,1363.906153458029,0.0592257595930336,50,True,True,True,True,24.902275643343728,1-sector
231840839,0.5,12,0.6,20260768,81,0.9860680625086606,51.52088119049768,304,0.5003439117116116,True,True,True,0.05,1370.017575849737,0.15,0.5,1343.5176572193095,0.0764510144758171,105,True,True,True,True,52.28060838118313,2-sector
114918596,1.0,1,0.0,20260787,4,0.965604588156226,15.98297573884929,93,0.5934665478522558,False,False,False,0.05,1339.6899507816263,0.15,1.0,1349.369794889308,0.0601902943880274,26,False,False,False,False,25.271799287153044,1-sector
268765642,1.0,1,0.3,20260788,2,1.0,3.0070008663590215,16,3.0070008663590215,True,False,False,0.2,1394.0992165530283,0.6000000000000001,1.0,1393.1369073674948,0.1021605029548826,18,False,False,False,False,17.77666158081047,1-sector
279318109,0.5,12,0.3,20260761,128,0.984512985316377,78.0132169716303,463,0.5001177711959383,True,True,True,0.05,1394.1617636101653,0.15,0.5,1358.65355017698,0.0667792697349436,157,True,True,True,True,78.41738968043933,2-sector
421937394,0.5,12,0.6,20260762,47,0.982406722380664,24.513469362812884,142,0.5009709512603607,True,True,True,0.05,1338.0054194578752,0.15,0.5,1350.0047040259228,0.0535281752339918,51,True,True,True,True,25.377343164984495,1-sector
469939625,1.0,1,0.6,20260777,2,0.9108094236697196,14.138706988850116,82,0.6111271542879279,False,False,False,0.8,1379.2731192571844,2.4000000000000004,1.0,1359.9814369733926,0.0398470082157776,25,False,False,False,False,24.903958197716747,1-sector
150359212,1.0,1,0.0,20260778,4,0.9850021007162232,67.21156976891052,399,0.9201076514701978,False,False,False,0.1,1393.8566172123303,0.3,1.0,1378.3684335794308,0.0566287424362769,79,False,False,False,False,78.41864062657578,2-sector
3836364,1.0,2,0.6,20260801,10,0.984100512556988,17.002583657712194,97,1.0052901472701428,True,True,True,0.05,1389.8207829694406,0.15,1.0,1394.8322969597264,0.0389596345981861,18,False,True,False,True,17.774802758287933,1-sector
279091054,1.0,1,0.0,20260796,3,0.9999933921056866,5.67086053264984,32,0.51553277569544,False,False,False,0.2,1368.7323976186933,0.6000000000000001,1.0,1388.0847065832747,0.1340799184047784,50,False,False,False,False,49.60605741970858,2-sector
161174069,1.0,2,0.3,20260800,2,1.0,3.151388139541268,16,1.575694069770634,False,False,False,0.2,1341.2476110457585,0.6000000000000001,1.0,1338.8716189810343,0.0902954046878053,26,False,False,False,False,25.379309548749916,1-sector
150104808,1.0,1,0.0,20260790,8,0.8005371301907823,56.92935382841074,338,1.2082131926591777,False,False,False,0.05,1366.3649843119636,0.15,1.0,1399.739284715669,0.171868841939603,79,False,False,False,False,78.4169142712758,2-sector
100101948,1.0,1,0.6,20260798,2,1.0,1.741696626329713,8,1.7416966263297124,False,False,False,0.05,1364.833990469134,0.15,1.0,1378.8802847998577,0.0686248526927219,50,False,False,False,False,49.60427103086977,2-sector
199729914,1.0,1,0.3,20260785,2,1.0,1.6486421128147413,7,1.648642112814741,False,False,False,0.05,1368.8398117794447,0.15,1.0,1381.8430131899008,0.0477338582140042,50,False,False,False,False,49.60415174381478,2-sector
150274632,1.0,1,0.6,20260786,5,0.8905348665713303,47.76141309756463,283,3.0067401225486643,True,False,False,0.05,1396.7191744000943,0.15,1.0,1351.8241287974922,0.1986521699717507,79,False,False,False,False,78.4185033355493,2-sector
80342205,1.0,2,0.6,20260816,4,0.9608548354906616,6.2429965173460005,35,1.040499419557667,False,False,False,0.05,1377.1527179050952,0.15,1.0,1359.1514776176246,0.0486881354937071,25,False,False,False,False,24.904225256793325,1-sector
231009108,1.0,2,0.0,20260817,5,0.9670016153125208,17.99862485789845,104,0.9937349651405406,True,False,False,0.05,1372.690210052109,0.15,1.0,1360.6963564516636,0.0694156887035097,25,False,False,False,False,24.90416135153373,1-sector
20923934,1.0,2,0.0,20260805,5,0.8997805082277138,9.983157913892684,57,0.5044553927131922,True,True,True,0.05,1390.1330098328067,0.15,1.0,1391.131447627768,0.0585811771311279,18,False,False,False,False,17.7746171843487,1-sector
218968119,1.0,2,0.3,20260806,20,0.9921809666333088,23.98717520760192,139,0.5005004101693299,True,True,True,0.05,1356.7189948981425,0.15,1.0,1367.728762041174,0.0633771986114374,25,True,True,True,True,24.903826349448536,1-sector
183594608,1.0,2,0.6,20260813,2,1.0,3.458383124915599,18,3.458383124915599,False,False,False,0.05,1367.167845421062,0.15,1.0,1402.620108106213,0.0669207841509324,50,False,False,False,False,49.604135879200385,2-sector
150270977,1.0,2,0.3,20260809,3,0.9999136760638022,8.44583073099011,48,0.527864420686882,False,False,False,0.1,1369.131590432477,0.3,1.0,1380.624837604322,0.1727554375923886,79,False,False,False,False,78.41673355123294,2-sector
115043101,1.0,2,0.3,20260821,2,1.0,7.68590567685078,44,3.84295283842539,False,False,False,0.05,1349.1355271421237,0.15,1.0,1329.790954146904,0.0973278174878224,26,False,False,False,False,25.284323774071026,1-sector
325338671,1.0,2,0.3,20260824,4,0.9977030943515564,8.005461031329332,46,1.0006826289161663,True,True,True,0.05,1330.3253853948452,0.15,1.0,1348.3469202322906,0.0893409178591084,26,False,False,False,False,25.37735189520231,1-sector
207090424,1.0,2,0.3,20260827,2,1.0,3.023643425502769,16,3.023643425502769,True,False,False,0.1,1369.7380552206075,0.3,1.0,1364.735519400765,0.1025766432629326,25,False,False,False,False,24.90441455741984,1-sector
369219815,1.0,2,0.6,20260819,2,1.0,1.0902449141560735,4,1.0902449141560735,False,False,False,0.05,1348.995321621273,0.15,1.0,1342.8927394668724,0.0949040633753704,26,False,False,False,False,25.282901305040923,1-sector
370233036,1.0,2,0.0,20260820,4,0.98310498888973,9.888816082549738,57,0.659254405503316,False,False,False,0.8,1338.7056885287473,2.4000000000000004,1.0,1335.161830252317,0.0858848182309161,26,False,False,False,False,25.37882668733164,1-sector
161376469,1.0,2,0.6,20260807,2,0.9634900677498518,13.369645873350237,77,0.6340448403099744,False,False,False,0.05,1342.0961225659426,0.15,1.0,1334.1184083985847,0.0471253698562246,25,False,False,False,False,24.615510603410712,1-sector
150390619,1.0,2,0.0,20260808,2,1.0,16.24028709160757,95,8.120143545803783,False,False,False,0.1,1348.6162048226067,0.3,1.0,1345.862675787806,0.1884690928442645,79,False,False,False,False,78.41678699331624,2-sector
219334689,1.0,4,0.0,20260832,44,0.9731616641995976,49.002424517785585,289,0.5002264049105466,True,True,True,0.05,1379.1492360481532,0.15,1.0,1356.1433155563416,0.0453597756250049,50,True,True,True,True,49.989936651389144,2-sector
410253041,1.0,4,0.6,20260840,25,0.9827788937092214,25.02318179364579,145,1.002046013961292,True,True,True,0.05,1342.6813403733745,0.15,1.0,1348.6843996717523,0.0540124944218631,26,True,True,True,True,25.377340962173776,1-sector
231912935,1.0,2,0.6,20260825,3,0.978632017957511,33.64178273665766,199,0.5263170272696601,False,False,False,0.1,1360.6931932442287,0.3,1.0,1366.7109142273098,0.0606178973960685,54,False,False,False,False,53.716402562472695,2-sector
139844443,1.0,2,0.0,20260826,4,0.9855651296133636,16.02483196086223,93,1.0059837395779916,True,False,False,0.1,1336.9351464955903,0.3,1.0,1330.9423858632708,0.0853205020443052,26,False,False,False,False,25.37889233486294,1-sector
355508749,1.0,4,0.3,20260833,24,0.9421141921793048,23.99158418192792,139,1.0027110056141264,True,True,True,0.05,1379.0462583710294,0.15,1.0,1364.0467795724016,0.0883689488698768,25,True,True,True,True,24.904085913473864,1-sector
270269007,1.0,4,0.6,20260834,7,0.9876480565595542,23.994697450329113,139,1.0028317972064618,True,True,True,0.05,1356.1691444880194,0.15,1.0,1361.1708902283542,0.0601981232639386,25,False,False,False,False,24.904441699884956,1-sector
254302983,1.0,4,0.0,20260844,24,0.968714478134504,23.987915948102227,139,0.5005158575861397,True,True,True,0.05,1358.4590214865177,0.15,1.0,1375.4572603497952,0.0672690540731657,25,True,True,True,True,24.904585022047286,1-sector
207174734,1.0,4,0.0,20260835,44,0.8485884064262499,47.983688463667704,283,0.5001705708647216,True,True,True,0.05,1403.947938124303,0.15,1.0,1387.9531362162245,0.0707156039915151,50,True,True,True,True,49.604525894859535,2-sector
66410290,1.0,4,0.3,20260836,22,0.9919359189913476,23.962859794646647,139,1.0016084843357251,True,True,True,0.1,1371.4349860672758,0.3,1.0,1378.4441247683092,0.1137700342856563,25,True,True,True,True,24.90452726980311,1-sector
197978738,1.0,4,0.3,20260845,11,0.9459817017372364,22.976079266610668,133,1.0072522769744912,True,False,False,0.05,1338.4820087701037,0.15,1.0,1331.4867840880618,0.108176555419808,26,True,True,False,False,25.378817352685473,1-sector
92497469,1.0,4,0.6,20260846,25,0.9760368919298548,24.00382201940465,139,0.501053880528118,True,True,True,0.05,1342.4054032887357,0.15,1.0,1345.4161646000025,0.0489869729816144,26,True,True,True,True,25.178813652026975,1-sector
149993861,1.0,4,0.0,20260829,69,0.9116246155160196,77.99487400761973,463,0.5000017691401732,True,True,True,0.05,1363.777499081584,0.15,1.0,1377.7736802837298,0.064697961039468,79,True,True,True,True,78.41848747226913,2-sector
219317391,1.0,4,0.3,20260830,23,0.9203714087144764,24.00237266172462,139,1.0046348698278602,True,True,True,0.05,1333.022599124806,0.15,1.0,1331.0185625409574,0.0677832402581505,26,True,True,True,True,25.377342057641954,1-sector
41898474,1.0,4,0.6,20260837,4,0.9985787409390552,10.809984138473055,62,3.603328046157685,False,False,False,0.05,1359.3383260503708,0.15,1.0,1403.9185033692895,0.1812555291170005,50,True,False,False,False,49.604301162181855,2-sector
24696180,1.0,4,0.0,20260838,52,0.9238498780966242,52.9858260759172,312,1.0002459000158108,True,True,True,0.1,1326.647894582298,0.3,1.0,1350.6506988841293,0.1191092848475454,54,True,True,True,True,53.716366959894685,2-sector
12787544,1.0,4,0.0,20260847,27,0.8333054587470488,24.014789189745443,139,0.5010521448586768,True,True,True,0.05,1357.9528485531205,0.15,1.0,1355.9503334158403,0.0699759103035957,25,True,True,True,True,24.902275643343728,1-sector
231840839,1.0,4,0.3,20260848,28,0.997428027645864,52.020890273992336,307,1.0005929174538422,True,True,True,0.05,1370.0675753502992,0.15,1.0,1365.0583018167115,0.0987806246356717,53,True,True,True,True,52.28060838118313,2-sector
200746541,1.0,4,0.6,20260849,16,0.9711711552516212,17.032016447122487,97,1.0068438857292,True,False,False,0.1,1404.528726378005,0.3,1.0,1394.5220757171437,0.1165973994258264,18,True,True,False,False,17.77646262516282,1-sector
270481071,1.0,4,0.0,20260850,25,0.9850450737830666,24.01115638207511,139,0.500980964057367,True,True,True,0.05,1368.7132509289784,0.15,1.0,1360.7121524972115,0.0909194235072719,25,True,True,True,True,24.90420986296249,1-sector
293525326,1.0,4,0.3,20260851,24,0.925898617026542,24.00664482498314,139,0.501266638239978,True,False,False,0.05,1351.134373391631,0.15,1.0,1329.127264611696,0.0671368738668566,26,True,True,False,False,25.37745824106446,1-sector
144434171,1.0,4,0.6,20260852,24,0.9923446427000256,23.9913993625928,139,1.002703284962122,True,True,True,0.05,1373.0416452191257,0.15,1.0,1363.0370698779473,0.0600033375332312,25,True,True,True,True,24.90389521795896,1-sector
279318109,1.0,4,0.0,20260841,62,0.9567357732247452,76.99515973596272,457,1.000408414038321,True,False,False,0.05,1339.682056935934,0.15,1.0,1336.5625181452574,0.0795646348052079,79,True,True,False,False,78.41738968043933,2-sector
421937394,1.0,4,0.3,20260842,9,0.98720817983782,22.00658199772829,127,0.997231240285658,True,True,True,0.05,1338.3554134005058,0.15,1.0,1344.3605016213708,0.0692178832383218,26,True,True,True,True,25.377343164984495,1-sector
267090033,1.0,4,0.6,20260855,12,0.9948923949462286,21.006775702735467,122,1.0008573781257737,True,False,False,0.05,1348.4384779453849,0.15,1.0,1340.482446733892,0.0565190621438234,26,True,True,False,False,25.378976301742114,1-sector
155986202,1.0,4,0.0,20260856,24,0.9019661625750992,22.995700122435665,133,0.5015775860540813,True,True,True,0.05,1358.3329444738545,0.15,1.0,1366.3368685080409,0.0882629793049812,25,True,True,True,True,24.90402224034642,1-sector
317088106,1.0,4,0.0,20260853,26,0.875333948232254,24.97588513660935,144,1.0003011149204069,True,True,True,0.1,1343.8410130383695,0.3,1.0,1350.8397081455005,0.1059871910968773,26,True,True,True,True,25.37726736533864,1-sector
219334470,1.0,4,0.3,20260854,23,0.9804268034625848,23.98635112121474,139,1.0040238609269687,True,False,False,0.05,1343.4579949242702,0.15,1.0,1328.449234322694,0.0718289803793276,26,True,True,False,False,25.379425266278304,1-sector
164768954,1.0,8,0.0,20260859,18,0.7788187511521691,16.993166859160738,97,0.5010979274773018,True,True,True,0.05,1400.6355230352033,0.15,1.0,1398.633187808361,0.0823599244754887,18,True,True,True,True,17.776504766578,1-sector
284083051,1.0,8,0.3,20260860,18,0.9072577497527456,16.987500463640117,97,0.5009400811414412,True,True,True,0.05,1400.917911610759,0.15,1.0,1392.9090988926969,0.0953780618284136,18,True,True,True,True,17.776396603705507,1-sector
308209064,1.0,8,0.3,20260863,25,0.8768349242613489,24.01275100837438,139,1.003525433726184,True,True,True,0.1,1366.5241230118063,0.3,1.0,1377.523786784867,0.2080547265294924,25,True,True,True,True,24.904415701549624,1-sector
231704229,1.0,8,0.6,20260864,26,0.8933631204533801,24.015208977656584,139,0.5014396624692535,True,False,False,0.05,1331.8890196362356,0.15,1.0,1348.8878125282872,0.0501858007578433,26,True,True,False,False,25.3790830771768,1-sector
114918596,1.0,8,0.6,20260867,26,0.8186661313025329,24.006540082791616,139,0.5011817597159883,True,True,True,0.05,1351.2924170218405,0.15,1.0,1349.2897813531615,0.0546662531347113,26,True,True,True,True,25.271799287153044,1-sector
268765642,1.0,8,0.0,20260868,17,0.8549753052894626,16.990541569542984,97,0.5010251253808635,True,True,True,0.1,1403.5326695036272,0.3,1.0,1401.5340764496464,0.1118392296065067,18,True,True,True,True,17.77666158081047,1-sector
220482148,1.0,8,0.0,20260871,3,0.9999399903490674,6.011056396576805,34,2.003685465525602,True,True,True,0.05,1346.8095366545572,0.15,1.0,1328.8036457170851,0.0946170506661128,26,False,False,False,False,25.379179949625723,1-sector
150188659,1.0,8,0.3,20260872,22,0.9752862474044344,23.998723810344472,139,1.0045046746072337,True,True,True,0.05,1337.253519784526,0.15,1.0,1350.2615482842184,0.1301367572166151,26,True,True,True,True,25.38067398253179,1-sector
469939625,1.0,4,0.3,20260857,25,0.947262795749777,23.992850662678393,139,0.5006141760447066,True,True,True,0.05,1370.9954735242284,0.15,1.0,1356.9859734619106,0.0497951949213935,25,True,True,True,True,24.903958197716747,1-sector
150359212,1.0,4,0.6,20260858,66,0.9597588503703486,78.01586033730382,463,1.0003350813383485,True,True,True,0.05,1340.8325824310336,0.15,1.0,1333.8335759466736,0.0485886456242982,79,True,True,True,True,78.41864062657578,2-sector
251885542,1.0,8,0.6,20260861,25,0.9907917559286936,23.989182609195723,139,0.5005411295927413,True,True,True,0.05,1365.7155826902008,0.15,1.0,1364.7167088634585,0.0824121213338171,25,True,True,True,True,24.904467521268998,1-sector
375059160,1.0,8,0.0,20260862,60,0.9345547430533648,77.01685235027139,457,0.5002254139289835,True,True,True,0.05,1327.3813126361415,0.15,1.0,1384.3855086290862,0.0509970265028538,79,True,True,True,True,78.41685560613496,2-sector
251828912,1.0,8,0.3,20260869,26,0.8629096120988685,23.993251110051915,139,0.5006225375495634,True,True,True,0.05,1360.1907219727136,0.15,1.0,1377.1926071786477,0.0699641698548821,25,True,True,True,True,24.904381417703007,1-sector
150104808,1.0,8,0.6,20260870,13,0.7016686895760199,64.96133676069553,385,32.64138076656394,False,False,False,0.05,1366.3649843119636,0.15,1.0,1334.687264632537,0.1496663530894288,79,False,False,False,False,78.4169142712758,2-sector
199729914,1.0,8,0.0,20260865,45,0.8137820532492612,48.00414804527213,283,0.5003794579541223,True,True,True,0.05,1372.2856827454718,0.15,1.0,1380.2860190658391,0.0560507764276658,50,True,True,True,True,49.60415174381478,2-sector
150274632,1.0,8,0.3,20260866,5,0.9387043280420438,51.210062968692455,304,3.9475139822894607,False,False,False,0.05,1396.7191744000943,0.15,1.0,1383.5379044036786,0.231305007641962,79,False,False,False,False,78.4185033355493,2-sector
40182390,1.0,8,0.6,20260879,17,0.8971805029981148,17.012239926242728,97,1.0057960283505425,True,True,True,0.05,1396.851260351258,0.15,1.0,1401.8444746067737,0.0719045089431784,18,True,True,True,True,17.774734104913023,1-sector
161174069,1.0,8,0.0,20260880,27,0.8222772208601626,24.001522804133177,139,0.5011653568347404,True,True,True,0.05,1341.322611244162,0.15,1.0,1348.3114878151905,0.098887310469148,26,True,True,True,True,25.379309548749916,1-sector
100123131,1.0,8,0.6,20260873,42,0.9550631191249904,48.99457098679386,289,0.5000700478953686,True,True,True,0.05,1366.9173011592295,0.15,1.0,1397.9233521605224,0.0423272020774263,50,True,True,True,True,49.604306371534676,2-sector
160113035,1.0,8,0.0,20260874,25,0.9402539700611372,23.994358352805648,139,0.5006444704332149,True,True,True,0.05,1372.0115931447874,0.15,1.0,1371.0066415719607,0.1037964632092113,25,True,True,True,True,24.904083196107422,1-sector
115693639,1.0,8,0.3,20260875,27,0.8016562427130275,23.987672193462913,139,0.5005107732719656,True,True,True,0.05,1379.4781567565851,0.15,1.0,1357.4788502946217,0.0740370069173934,25,True,True,True,True,24.904334066469346,1-sector
279091054,1.0,8,0.6,20260876,36,0.9870099497415696,48.01715007105827,283,1.0016941587880486,True,True,True,0.05,1368.9824004324576,0.15,1.0,1385.962491065454,0.1150248423112269,50,True,True,True,True,49.60605741970858,2-sector
248955543,1.0,8,0.0,20260877,19,0.7777530495366349,17.004356694278158,97,0.5014094095492926,True,False,False,0.05,1399.5721964531076,0.15,1.0,1389.5722945799275,0.0434842872305571,18,True,True,False,False,17.77658540700577,1-sector
100101948,1.0,8,0.3,20260878,45,0.7999181470617819,47.99038860889891,283,1.0011569623693652,True,True,True,0.05,1374.007731743761,0.15,1.0,1359.00518111442,0.0864307931716134,50,True,True,True,True,49.60427103086977,2-sector
3836364,1.0,8,0.3,20260881,18,0.8757345731585381,17.001199271704536,97,1.0052175524770972,True,True,True,0.05,1396.6874143562427,0.15,1.0,1397.685116916832,0.0512483098871674,18,True,True,True,True,17.774802758287933,1-sector
70776480,1.0,8,0.6,20260882,26,0.8865148337863654,23.99168308650883,139,1.002715138891885,True,True,True,0.1,1371.985319959511,0.3,1.0,1368.9821479621696,0.1108905095985679,25,True,True,True,True,24.904188466292,1-sector
389527466,1.0,8,0.0,20260883,26,0.8790601085678857,24.005127376405422,139,1.0044438979084462,True,True,True,0.1,1341.4023745554337,0.3,1.0,1343.382807760661,0.1525710196334264,26,True,True,True,True,25.28288650492823,1-sector
228507309,1.0,8,0.3,20260884,4,0.9385700297228547,23.008613937291557,133,1.007040665168017,True,False,False,0.05,1373.0193804126925,0.15,1.0,1364.025698310992,0.0534446484457625,25,False,False,False,False,24.904458686743055,1-sector
20923934,1.0,8,0.6,20260885,17,0.7864409778152915,15.991322295416012,91,1.0121510518422727,False,False,False,0.05,1392.1802021524595,0.15,1.0,1399.1820171665136,0.0530075186087761,18,True,True,False,False,17.7746171843487,1-sector
218968119,1.0,8,0.0,20260886,26,0.8364450864451741,23.98718420003911,139,1.0025410759767104,True,True,True,0.05,1371.4605457043929,0.15,1.0,1370.459086093808,0.070486562582884,25,True,True,True,True,24.903826349448536,1-sector
259472825,1.0,12,0.6,20260891,19,0.8238304815826514,17.02388209067044,97,1.0064277272953914,True,True,True,0.05,1390.788677704465,0.15,1.0,1394.7843631836663,0.078882848290154,18,True,True,True,True,17.778062338027212,1-sector
218972061,1.0,12,0.0,20260892,22,0.9569979196075186,22.994143183505912,133,1.0064564790027353,True,True,True,0.1,1366.312002929003,0.3,1.0,1374.3041743037784,0.2129494496457993,25,True,True,True,True,24.90383973860753,1-sector
219221780,1.0,12,0.0,20260895,19,0.8359181291477379,17.023845099564824,97,1.0064255392309278,True,True,True,0.05,1397.725419027326,0.15,1.0,1392.7300551220887,0.09075951008339,18,True,True,True,True,17.778023520502302,1-sector
80342205,1.0,12,0.3,20260896,28,0.8435023464242818,23.986168980054117,139,0.500480580968441,True,True,True,0.05,1362.7874409833314,0.15,1.0,1366.786550071277,0.0649243672728395,25,True,True,True,True,24.904225256793325,1-sector
231009108,1.0,12,0.6,20260897,25,0.8878690125950573,23.98889266483457,139,0.5005350756500256,True,True,True,0.05,1374.406868430083,0.15,1.0,1361.405756672786,0.0649903598494579,25,True,True,True,True,24.90416135153373,1-sector
169266000,1.0,12,0.0,20260898,26,0.8800110490437877,23.991517319673676,139,0.5005875234920172,True,True,True,0.05,1362.0618252188845,0.15,1.0,1370.0610217102426,0.0725311325801697,25,True,True,True,True,24.90401934975398,1-sector
183594608,1.0,12,0.3,20260893,44,0.8130306191591992,48.0124625586277,283,1.0015987538189632,True,True,True,0.05,1369.3401018105872,0.15,1.0,1359.338628388283,0.0859620128524367,50,True,True,True,True,49.604135879200385,2-sector
155895287,1.0,12,0.6,20260894,24,0.9883674538453472,23.995611825630476,139,1.0028653153677232,True,True,True,0.05,1369.0399466257577,0.15,1.0,1363.035193714378,0.0407994246336978,25,True,True,True,True,24.903942378737156,1-sector
369219815,1.0,12,0.3,20260899,25,0.9438818209744056,24.016248991289103,139,0.5013851447550106,True,True,True,0.1,1333.4484134920276,0.3,1.0,1339.4439988854926,0.1183074419930051,26,True,True,True,True,25.282901305040923,1-sector
370233036,1.0,12,0.6,20260900,27,0.7601418149340147,23.984392627980014,139,1.0039464944725272,True,True,True,0.05,1334.57238698363,0.15,1.0,1331.5721638945513,0.0779947691702064,26,True,True,True,True,25.37882668733164,1-sector
150270977,1.0,12,0.0,20260889,65,0.9391173400378564,76.99589902210914,457,1.0004175610120325,True,True,True,0.05,1357.538532248893,0.15,1.0,1353.5703917531416,0.1869438433943231,79,True,True,True,True,78.41673355123294,2-sector
11645778,1.0,12,0.3,20260890,17,0.8771526307023125,15.997151938827985,91,0.9915695279900332,True,False,False,0.1,1390.9423298606437,0.3,1.0,1400.944502490313,0.1189332630562328,18,True,True,False,False,17.776304215574783,1-sector
161376469,1.0,8,0.3,20260887,27,0.7458316963423528,22.990490573882653,133,1.0053578340054727,True,True,True,0.05,1340.3183341394645,0.15,1.0,1337.3196114314978,0.059721711451313,25,True,True,True,True,24.615510603410712,1-sector
150390619,1.0,8,0.6,20260888,64,0.9677657204339088,77.98900707256894,462,0.9999989420252546,True,True,True,0.1,1377.5801303718576,0.3,1.0,1378.580140726471,0.1633541627020975,79,True,True,True,True,78.41678699331624,2-sector
115043101,1.0,12,0.0,20260901,25,0.9430488628330674,23.9843383458674,139,0.5007464538276182,True,True,True,0.1,1341.3996148650522,0.3,1.0,1342.4031887660612,0.1088210725917571,26,True,True,True,True,25.284323774071026,1-sector
327939708,1.0,12,0.3,20260902,25,0.9274655036328652,24.01282678742791,139,0.5010146561225544,True,True,True,0.05,1356.919096372672,0.15,1.0,1377.9264830780132,0.0931398802271901,25,True,True,True,True,24.904509046148632,1-sector
231668630,1.0,12,0.6,20260903,25,0.9184283665805562,24.00513436639335,139,1.0047412820630444,True,True,True,0.05,1332.2948153638229,0.15,1.0,1333.2867198272656,0.1119520931523778,26,True,True,True,True,25.377333260834575,1-sector
325338671,1.0,12,0.0,20260904,27,0.8418116900455269,24.00099413377552,139,1.004581769611874,True,False,False,0.1,1331.9142602281215,0.3,1.0,1347.9150652581257,0.1005235196808734,26,True,True,False,False,25.37735189520231,1-sector
207090424,1.0,12,0.0,20260907,26,0.902160345439058,24.014131446681176,139,0.5010407053529208,True,True,True,0.1,1361.7351783099875,0.3,1.0,1360.730820495222,0.1141003011428514,25,True,True,True,True,24.90441455741984,1-sector
401986029,1.0,12,0.3,20260908,26,0.8991390126224093,24.0121563877301,139,0.5010006643663114,True,True,True,0.05,1376.776596954626,0.15,1.0,1376.7746681079618,0.0817494244667701,25,True,True,True,True,24.90380852765975,1-sector
231912935,1.0,12,0.3,20260905,51,0.923015130754522,51.992796517549095,307,0.5002394137272201,True,True,True,0.05,1370.4985944985438,0.15,1.0,1350.497896365251,0.078726901566031,54,True,True,True,True,53.716402562472695,2-sector
139844443,1.0,12,0.6,20260906,27,0.8902436580253504,24.998338379654346,145,1.0011344881170474,True,True,True,0.05,1336.8601467834103,0.15,1.0,1346.8609239261782,0.0773953526517678,26,True,True,True,True,25.37889233486294,1-sector
355508749,1.0,12,0.0,20260913,25,0.942909396803696,23.9915853557236,139,1.002711050721641,True,True,True,0.05,1359.9894068905703,0.15,1.0,1360.9876413615573,0.0974926860325067,25,True,True,True,True,24.904085913473864,1-sector
270269007,1.0,12,0.3,20260914,24,0.9865205960033688,24.01554317150976,139,1.0036328015223597,True,False,False,0.05,1378.8249619039502,0.15,1.0,1360.8277617878227,0.0762989656191453,25,True,True,False,False,24.904441699884956,1-sector
92497469,2.0,1,0.3,20260926,2,1.0,0.5499878761606851,1,0.5499878761606851,False,False,False,0.05,1342.9553911648964,0.15,2.0,1347.3031976546008,0.0688549970175074,13,False,False,False,False,25.178813652026975,1-sector
12787544,2.0,1,0.6,20260927,2,0.9411460779426906,13.817655414809906,80,0.7629953530613979,False,False,False,0.05,1366.394426390265,0.15,2.0,1358.19627667738,0.0685172839339727,13,False,False,False,False,24.902275643343728,1-sector
207174734,1.0,12,0.6,20260915,45,0.8128502289788001,48.01007632687424,283,0.5004400817272083,True,True,True,0.05,1393.9952076435218,0.15,1.0,1391.9957294670842,0.065030180508228,50,True,True,True,True,49.604525894859535,2-sector
66410290,1.0,12,0.0,20260916,25,0.8780337433334527,24.01424948850604,139,1.003583372459815,True,True,True,0.1,1358.4083530005405,0.3,1.0,1359.4051795692392,0.1244590702476428,25,True,True,True,True,24.90452726980311,1-sector
279318109,2.0,1,0.6,20260921,8,0.789467479506918,53.172536017705625,315,0.61812137020242,False,False,False,0.05,1339.682056935934,0.15,2.0,1387.354822630712,0.0781674149911726,40,False,False,False,False,78.41738968043933,2-sector
149993861,1.0,12,0.6,20260909,70,0.8289863094035491,77.01847979816648,457,0.5002359821752318,True,False,False,0.05,1341.3898775382022,0.15,1.0,1404.3879643214102,0.0602521233057193,79,True,True,False,False,78.41848747226913,2-sector
219317391,1.0,12,0.0,20260910,26,0.8803113170991926,23.99820049702157,139,0.5010971904557636,True,True,True,0.05,1344.218246864705,0.15,1.0,1327.217078430638,0.0760612481130141,26,True,True,True,True,25.377342057641954,1-sector
41898474,1.0,12,0.3,20260917,4,0.993558970266778,10.912764472031084,63,3.6375881573436946,False,False,False,0.05,1355.6396103154468,0.15,1.0,1387.6033481978975,0.2140867440934823,50,True,False,False,False,49.604301162181855,2-sector
24696180,1.0,12,0.6,20260918,55,0.821906698910108,52.985823550792475,312,1.0002458541227366,True,True,True,0.1,1371.6880404896838,0.3,1.0,1377.688071329055,0.1051880532237868,54,True,True,True,True,53.716366959894685,2-sector
278990983,1.0,12,0.3,20260911,42,0.887335446219993,47.96308660022214,282,1.0006119171003776,True,True,True,0.1,1365.128192715024,0.3,1.0,1388.0944790716503,0.2356910243214155,50,True,True,True,True,49.60616389199777,2-sector
219334689,1.0,12,0.6,20260912,50,0.8130373846443705,48.99412101213193,289,0.5001433371925109,True,True,True,0.05,1331.5884546118275,0.15,1.0,1341.5908849827829,0.0468672207054113,50,True,True,True,True,49.989936651389144,2-sector
267090033,2.0,1,0.3,20260935,2,0.0,0.3124957149416332,0,,False,False,False,0.05,1348.5204212590038,0.15,2.0,1337.3019794738786,0.0797884615851013,13,False,False,False,False,25.378976301742114,1-sector
144434171,2.0,1,0.3,20260932,2,0.0,0.3319361853109512,0,,False,False,False,0.05,1379.8039988266294,0.15,2.0,1378.894997845833,0.084609475306826,13,False,False,False,False,24.90389521795896,1-sector
231704229,2.0,1,0.3,20260944,2,0.9689625608777108,13.698524254017684,79,1.13402951969955,False,False,False,0.05,1348.4472795685213,0.15,2.0,1332.741567169487,0.064193167674664,13,False,False,False,False,25.3790830771768,1-sector
160113035,2.0,2,0.6,20260954,6,0.981192183013794,23.99158450002642,139,2.0115829510804257,True,False,False,0.05,1379.8836987009242,0.15,2.0,1355.868998574567,0.1006843739698695,13,False,False,False,False,24.904083196107422,1-sector
375059160,2.0,1,0.6,20260942,4,0.9698306880182516,9.445815978577684,54,0.9445815978577684,False,False,False,0.8,1335.8729631937313,2.4000000000000004,2.0,1361.986671990185,0.0453067218540364,40,False,False,False,False,78.41685560613496,2-sector
114918596,2.0,1,0.3,20260947,3,0.9953416387534192,4.686055297367147,26,1.1715138243417869,False,False,False,0.05,1339.6899507816263,0.15,2.0,1350.1776726961805,0.0721922484072836,13,False,False,False,False,25.271799287153044,1-sector
268765642,2.0,1,0.6,20260948,2,1.0,3.005610169291458,16,3.005610169291458,False,False,False,0.4,1394.0978258559608,1.2000000000000002,2.0,1394.966707737291,0.107234957911924,9,False,False,False,False,17.77666158081047,1-sector
279091054,2.0,2,0.3,20260956,4,0.9203260251220928,8.002828575000422,46,0.8002828575000421,False,False,False,0.2,1368.7323976186933,0.6000000000000001,2.0,1397.085714535774,0.159342611841704,25,False,False,False,False,49.60605741970858,2-sector
150274632,2.0,1,0.0,20260946,5,0.8905348665713303,47.76141309756463,283,3.0067401225486643,False,False,False,0.05,1396.7191744000943,0.15,2.0,1379.225962493091,0.329176086416497,40,False,False,False,False,78.4185033355493,2-sector
3836364,2.0,2,0.0,20260961,7,0.9629714794086852,16.001192513433352,91,0.6630208756945254,True,True,True,0.05,1402.910916544985,0.15,2.0,1396.9226249720962,0.0598348969731158,9,False,True,False,True,17.774802758287933,1-sector
469939625,2.0,1,0.0,20260937,2,0.9108098547511853,14.138702849994615,82,0.7388745353455374,False,False,False,0.4,1379.2731151183289,1.2000000000000002,2.0,1363.2405153049203,0.0618221888985743,13,False,False,False,False,24.903958197716747,1-sector
150359212,2.0,1,0.3,20260938,3,0.970871298191783,61.646273727247035,366,0.7012783689688846,False,False,False,0.1,1393.8566172123303,0.3,2.0,1331.585461265391,0.0679565779690369,40,False,False,False,False,78.41864062657578,2-sector
161174069,2.0,2,0.6,20260960,2,1.0,3.151388139541268,16,1.575694069770634,False,False,False,0.2,1341.2476110457585,0.6000000000000001,2.0,1348.8680160725698,0.0953772541122518,13,False,False,False,False,25.379309548749916,1-sector
100101948,2.0,2,0.0,20260958,2,1.0,11.916808616436356,69,11.916808616436356,False,False,False,0.05,1377.3063645507398,0.15,2.0,1385.348410965138,0.1068207712946285,25,False,False,False,False,49.60427103086977,2-sector
251828912,2.0,2,0.0,20260949,10,0.977271249307006,21.977979979707015,127,1.9802974957403583,True,False,False,0.1,1376.4269664493556,0.3,2.0,1366.4237233323238,0.0852525313839782,13,True,True,False,False,24.904381417703007,1-sector
150104808,2.0,2,0.3,20260950,8,0.7845560308783261,56.879353828410785,337,1.2071847129946631,False,False,False,0.05,1366.3649843119636,0.15,2.0,1364.5268199052568,0.2019782219078622,40,False,False,False,False,78.4169142712758,2-sector
231009108,2.0,2,0.3,20260977,5,0.9592858267141052,18.019460353018985,104,0.6645870221852639,True,False,False,0.05,1375.5638057877825,0.15,2.0,1365.5454512985873,0.0832355816774969,13,False,False,False,False,24.90416135153373,1-sector
80342205,2.0,2,0.0,20260976,7,0.9694652311890062,18.01952134727412,104,0.9947967285588568,True,False,False,0.05,1365.3624593724296,0.15,2.0,1375.3506605613447,0.0750909198865523,13,False,True,False,False,24.904225256793325,1-sector
20923934,2.0,2,0.3,20260965,4,0.9708847467204174,12.031715564850629,69,1.9984660447219484,True,True,True,0.2,1390.844112223512,0.6000000000000001,2.0,1394.8545277269895,0.0703628729562869,9,False,False,False,False,17.7746171843487,1-sector
218968119,2.0,2,0.6,20260966,11,0.9909643763262188,23.937176098848568,138,2.0077532760679877,True,True,True,0.1,1361.6759313848652,0.3,2.0,1363.6948000370762,0.0673610986510815,13,True,True,True,True,24.903826349448536,1-sector
183594608,2.0,2,0.0,20260973,7,0.867700524265471,46.04294560934022,271,1.985487025314398,True,True,True,0.05,1400.6926812423562,0.15,2.0,1394.7179150730742,0.1029368088356357,25,False,False,False,False,49.604135879200385,2-sector
150270977,2.0,2,0.6,20260969,2,1.0,2.641663818666302,13,2.641663818666302,False,False,False,0.1,1369.131590432477,0.3,2.0,1351.9027589048812,0.1779551869385533,40,False,False,False,False,78.41673355123294,2-sector
11645778,2.0,2,0.0,20260970,3,0.9419751018934142,16.002714695568102,91,0.9918758522736476,True,True,True,0.1,1387.6492607409828,0.3,2.0,1395.6175016758675,0.1448958871751806,9,False,False,False,False,17.776304215574783,1-sector
161376469,2.0,2,0.0,20260967,2,0.9072363688438766,14.008537404127992,81,2.282194317380137,False,False,False,0.1,1328.7764772525295,0.3,2.0,1338.776328551106,0.0727539782139924,13,False,False,False,False,24.615510603410712,1-sector
150390619,2.0,2,0.3,20260968,2,1.0,5.53889215491904,31,5.53889215491904,False,False,False,0.1,1348.6162048226067,0.3,2.0,1375.0767844187824,0.2191473137053989,40,False,False,False,False,78.41678699331624,2-sector
369219815,2.0,4,0.0,20260979,15,0.8708454398363974,24.017631610639,139,1.0049255653744849,True,False,False,0.1,1351.6799594354077,0.3,2.0,1331.6644863931556,0.1458943129863522,13,True,True,False,False,25.282901305040923,1-sector
370233036,2.0,4,0.3,20260980,12,0.9760751604052426,24.006629024287804,139,2.0187441979033927,True,True,True,0.1,1351.0595940807634,0.3,2.0,1347.051451616897,0.1044130704477025,13,True,True,True,True,25.37882668733164,1-sector
115043101,2.0,4,0.6,20260981,13,0.948231615475858,24.00797368831036,139,0.5012203498459893,False,True,False,0.05,1344.58426170608,0.15,2.0,1342.5904033953373,0.1047540078783535,13,True,True,False,False,25.284323774071026,1-sector
327939708,2.0,4,0.0,20260982,11,0.9801050361211904,21.982258315281115,127,1.9806232881765231,True,True,True,0.1,1364.5345592031538,0.3,2.0,1358.541862679871,0.1137460324328017,13,True,True,True,True,24.904509046148632,1-sector
231668630,2.0,4,0.3,20260983,13,0.9796582678017,23.992620329223655,139,2.0177346257435596,True,False,False,0.1,1339.8405546896224,0.3,2.0,1349.8398575724293,0.1518939495759599,13,True,True,False,False,25.377333260834575,1-sector
325338671,2.0,4,0.6,20260984,11,0.9790723526357198,24.003767699892933,139,2.0185232006669955,True,True,True,0.1,1351.106954902671,0.3,2.0,1349.1253113176556,0.096536133249409,13,True,True,True,True,25.37735189520231,1-sector
207090424,2.0,4,0.6,20260987,11,0.9827916607397742,22.029396883755453,127,0.996694833748222,True,True,True,0.1,1366.417185859117,0.3,2.0,1366.3962355798303,0.1100682760851989,13,True,True,True,True,24.90441455741984,1-sector
401986029,2.0,4,0.0,20260988,12,0.9773894581100628,22.002450982263326,127,1.982144183039786,True,True,True,0.1,1363.1934971634491,0.3,2.0,1363.1902382224362,0.0978217862351271,13,True,True,True,True,24.90380852765975,1-sector
231912935,2.0,4,0.0,20260985,26,0.963937769806974,52.01779251173207,307,1.0015602849293477,True,True,True,0.1,1373.5665854823812,0.3,2.0,1373.5868303822813,0.0951279675103692,27,True,True,True,True,53.716402562472695,2-sector
139844443,2.0,4,0.3,20260986,12,0.9718614241137422,24.002526268452584,139,2.0184549017069218,True,False,False,0.1,1342.9809043141745,0.3,2.0,1350.9770746756833,0.1037192333873319,13,True,True,False,False,25.37889233486294,1-sector
355508749,2.0,4,0.6,20260993,12,0.979828895969029,21.979095761271083,127,1.980378305474521,True,False,False,0.05,1378.8212615686732,0.15,2.0,1358.8287297642348,0.0938742542750431,13,True,True,False,False,24.904085913473864,1-sector
270269007,2.0,4,0.0,20260994,6,0.9912260402148128,19.969705494150276,116,1.0016384490257295,True,True,True,0.05,1356.6094346310952,0.15,2.0,1360.5938825543158,0.0917981075672107,13,False,False,False,False,24.904441699884956,1-sector
410253041,2.0,4,0.0,20261000,12,0.992882201288294,22.009347028061256,127,0.9973466826346148,True,True,True,0.05,1327.995447268384,0.15,2.0,1328.0041446212874,0.0821658276648012,13,True,True,True,True,25.377340962173776,1-sector
254302983,2.0,4,0.3,20261004,12,0.9791337072993208,21.978141198527055,127,1.9803122866868637,True,False,False,0.05,1375.0398875823455,0.15,2.0,1357.0352981253927,0.0808602104011258,13,True,True,False,False,24.904585022047286,1-sector
207174734,2.0,4,0.3,20260995,20,0.9888223130150452,48.01007632687424,283,2.00579256754511,True,False,False,0.05,1393.9952076435218,0.15,2.0,1378.0070398138798,0.0849397723512697,25,True,True,False,False,49.604525894859535,2-sector
66410290,2.0,4,0.6,20260996,12,0.98103266540934,21.97809170983237,127,1.980307806402565,True,True,True,0.1,1375.0391777404195,0.3,2.0,1373.0541179714164,0.1200485960121164,13,True,True,True,True,24.90452726980311,1-sector
278990983,2.0,4,0.0,20260991,3,0.9992940294067856,14.011300798835236,82,2.0016143998336053,True,True,True,0.2,1393.6077039765626,0.6000000000000001,2.0,1375.6589885312667,0.293042922715413,25,False,False,False,False,49.60616389199777,2-sector
219334689,2.0,4,0.3,20260992,24,0.9292801244664668,48.00944335998315,283,0.6675324409210441,True,True,True,0.05,1362.3607550331997,0.15,2.0,1364.360762692514,0.0548467030755967,25,True,True,True,True,49.989936651389144,2-sector
41898474,2.0,4,0.0,20260997,4,0.9985787409390552,10.809984138473055,62,3.603328046157685,False,False,False,0.05,1359.3383260503708,0.15,2.0,1356.916657921138,0.2562353846492391,25,True,False,False,False,49.604301162181855,2-sector
24696180,2.0,4,0.3,20260998,25,0.9768791638854838,52.02609955311869,307,0.6675398701694575,True,True,True,0.1,1335.422974940792,0.3,2.0,1353.4205982820831,0.1416422697695276,27,True,True,True,True,53.716366959894685,2-sector
149993861,2.0,4,0.3,20260989,31,0.989132809955328,75.98236375563079,451,0.5000883876860672,False,True,False,0.1,1400.4930008312035,0.3,2.0,1328.4818720734736,0.0778021017217203,40,True,True,False,False,78.41848747226913,2-sector
219317391,2.0,4,0.6,20260990,12,0.9655979918195317,23.977369273963177,139,0.6680855784829799,True,True,True,0.05,1337.1364451513898,0.15,2.0,1327.1453005491403,0.0725071164423447,13,True,True,True,True,25.377342057641954,1-sector
197978738,2.0,4,0.6,20261005,6,0.9813667798139908,19.99699057312137,116,2.0180199042033373,True,True,True,0.05,1331.3362283269746,0.15,2.0,1335.3210736830547,0.1141948544159242,13,False,False,False,False,25.378817352685473,1-sector
92497469,2.0,4,0.0,20261006,12,0.9272613307139338,24.00245662801717,139,2.015901913265344,True,False,False,0.05,1342.9553911648964,0.15,2.0,1346.6667028206891,0.0746939080894225,13,True,True,False,False,25.178813652026975,1-sector
200746541,2.0,8,0.0,20261009,9,0.897386346378309,15.975072500995791,91,1.9647935920505115,False,True,False,0.1,1397.6037182165471,0.3,2.0,1395.622007791008,0.177447287031436,9,True,True,False,False,17.77646262516282,1-sector
270481071,2.0,8,0.3,20261010,14,0.9004027699277275,22.027820730769236,127,1.9840706060219184,True,False,False,0.1,1358.7089989110375,0.3,2.0,1376.7120684387307,0.1122703606499602,13,True,True,False,False,24.90420986296249,1-sector
279318109,2.0,4,0.3,20261001,36,0.8827297356788985,77.98821698596907,462,0.9999892656875142,True,True,True,0.05,1339.682056935934,0.15,2.0,1376.6629726750891,0.0954126661742207,40,True,True,True,True,78.41738968043933,2-sector
421937394,2.0,4,0.6,20261002,4,0.9591843241391904,17.138569450012255,99,1.00712238938839,True,False,False,0.05,1338.4554116118209,0.15,2.0,1330.4495810875885,0.074014142574491,13,False,False,False,False,25.377343164984495,1-sector
293525326,2.0,8,0.6,20261011,13,0.9341757452672648,24.005250848206515,139,0.5012386813386019,False,True,False,0.05,1337.413770078117,0.15,2.0,1337.413996937881,0.0760409428142024,13,True,True,False,False,25.37745824106446,1-sector
144434171,2.0,8,0.0,20261012,11,0.982166177317413,22.00393646458133,127,0.6647626305268594,True,True,True,0.05,1356.4570393969254,0.15,2.0,1370.4578459901882,0.0952018030786867,13,True,True,True,True,24.90389521795896,1-sector
12787544,2.0,4,0.3,20261007,13,0.9472284474906598,21.99400747601385,127,0.6644763661316451,True,True,True,0.05,1356.61118845777,0.15,2.0,1360.6200580197813,0.0840753536101537,13,True,True,True,True,24.902275643343728,1-sector
231840839,2.0,4,0.6,20261008,13,0.9805920376805286,50.007003675723354,295,2.0072635759563378,True,True,True,0.1,1330.9243799030842,0.3,2.0,1334.9267631098544,0.1046534852834003,27,True,True,True,True,52.28060838118313,2-sector
267090033,2.0,8,0.0,20261015,14,0.9385053391558402,22.015118531008284,127,0.6657480526037372,True,True,True,0.05,1339.8871839893163,0.15,2.0,1333.896138939399,0.0897837987833255,13,True,True,True,True,25.378976301742114,1-sector
155986202,2.0,8,0.3,20261016,12,0.9885865226351244,23.994298214480523,139,2.0117729273671907,True,True,True,0.1,1358.1079433092996,0.3,2.0,1364.1124438228717,0.109381861341345,13,True,True,True,True,24.90402224034642,1-sector
317088106,2.0,8,0.3,20261013,15,0.861887899504605,24.018952451822997,139,1.005273613706815,True,True,True,0.1,1331.8120827964988,0.3,2.0,1335.805613098218,0.1301937738505652,13,True,True,True,True,25.37726736533864,1-sector
219334470,2.0,8,0.6,20261014,12,0.9921214492882316,22.009950236045825,127,0.997378306691504,True,True,True,0.05,1342.123265119801,0.15,2.0,1346.1214418938955,0.0809991469766947,13,True,True,True,True,25.379425266278304,1-sector
164768954,2.0,8,0.3,20261019,9,0.9078063861824006,15.9792776142383,91,2.0492039814267486,False,False,False,0.1,1401.9355205469071,0.3,2.0,1391.9308717214983,0.0990395156927931,9,False,True,False,False,17.776504766578,1-sector
284083051,2.0,8,0.6,20261020,8,0.9661369115742742,15.991671949484273,91,0.6626602281083719,True,True,True,0.05,1398.28042639713,0.15,2.0,1402.2848667373132,0.1022043432185204,9,True,False,True,False,17.776396603705507,1-sector
308209064,2.0,8,0.6,20261023,12,0.9894689174106128,23.98775296449662,139,2.0113179230344516,True,True,True,0.1,1373.4075105307973,0.3,2.0,1363.4021922016454,0.2131262021368356,13,True,True,True,True,24.904415701549624,1-sector
231704229,2.0,8,0.0,20261024,14,0.963695660809482,23.995747139005516,139,0.5010493429844646,False,True,False,0.05,1331.536239647502,0.15,2.0,1345.5388669386582,0.0743044087175223,13,True,True,False,False,25.3790830771768,1-sector
114918596,2.0,8,0.0,20261027,14,0.8606659250544517,24.007937633985875,139,0.6687451814179735,True,False,False,0.05,1335.0038954842591,0.15,2.0,1351.0096813758184,0.0816967465699035,13,True,True,False,False,25.271799287153044,1-sector
268765642,2.0,8,0.3,20261028,8,0.9600076344922897,16.028029621335236,91,0.9932718004286012,True,True,True,0.1,1393.947825855961,0.3,2.0,1387.9596941050502,0.1335421238190316,9,True,True,True,True,17.77666158081047,1-sector
150188659,2.0,8,0.6,20261032,12,0.9744555672054652,23.951501446552356,139,2.0148678134481894,True,False,False,0.05,1327.047924756053,0.15,2.0,1349.0104365014668,0.1377201576586918,13,True,True,False,False,25.38067398253179,1-sector
469939625,2.0,8,0.6,20261017,13,0.9274189692299656,24.013692771490696,139,2.01313530732243,True,False,False,0.05,1355.639966232195,0.15,2.0,1375.6442701900824,0.0592842164267272,13,True,True,False,False,24.903958197716747,1-sector
150359212,2.0,8,0.0,20261018,37,0.8797596683695845,78.01585971935583,463,2.0009337044183435,True,True,True,0.05,1340.7575820076745,0.15,2.0,1394.757519987026,0.0777184635151315,40,True,True,True,True,78.41864062657578,2-sector
251885542,2.0,8,0.0,20261021,13,0.9568306651167032,22.02942897294497,127,1.9841956510491985,True,True,True,0.1,1366.9933802467374,0.3,2.0,1361.0047971642537,0.1234121358914425,13,True,True,True,True,24.904467521268998,1-sector
375059160,2.0,8,0.3,20261022,30,0.985343911587468,76.00435103437144,451,0.6670648746174871,True,True,True,0.05,1350.0993346378773,0.15,2.0,1338.0944967033197,0.0619548094687434,40,True,True,True,True,78.41685560613496,2-sector
251828912,2.0,8,0.6,20261029,13,0.9647915406330858,23.99186703507121,139,2.011606704799701,True,True,True,0.05,1362.036587442481,0.15,2.0,1366.034763322378,0.0762641923632141,13,True,True,True,True,24.904381417703007,1-sector
150104808,2.0,8,0.0,20261030,10,0.6798080404086765,47.65015847018822,283,1.2150909143986834,False,False,False,0.05,1366.3649843119636,0.15,2.0,1363.1260147323328,0.216447424576686,40,False,False,False,False,78.4169142712758,2-sector
199729914,2.0,8,0.3,20261025,23,0.8629033011118341,48.00973771177632,283,2.005778341257467,True,False,False,0.05,1403.6492898591434,0.15,2.0,1363.6476881255123,0.0679428695538593,25,True,True,False,False,49.60415174381478,2-sector
150274632,2.0,8,0.6,20261026,7,0.7959836074160984,57.08784705563107,339,2.8369950949656735,False,False,False,0.05,1396.7191744000943,0.15,2.0,1387.968161921206,0.2806231319185683,40,False,False,False,False,78.4185033355493,2-sector
40182390,2.0,12,0.0,20261039,10,0.9157260393972272,15.99142969489094,91,1.966318007667414,False,False,False,0.1,1394.1026764083697,0.3,2.0,1400.1039113254658,0.1113347428504105,9,True,True,False,False,17.774734104913023,1-sector
161174069,2.0,12,0.3,20261040,15,0.8309558777464434,22.032076809577347,127,1.9903305203541173,True,True,True,0.1,1343.9906665660417,0.3,2.0,1335.988907153334,0.1224075285695529,13,True,True,True,True,25.379309548749916,1-sector
248955543,2.0,8,0.3,20261037,12,0.7751801719266551,15.998801084250545,91,1.9670691296424871,False,False,False,0.05,1391.7220892156242,0.15,2.0,1403.7257647634287,0.0530772401160821,9,False,False,False,False,17.77658540700577,1-sector
100101948,2.0,8,0.6,20261038,20,0.9903570047572294,48.00843176292051,283,2.005728582924417,True,False,False,0.1,1364.2312011731806,0.3,2.0,1400.238249889164,0.0932484030153697,25,True,True,False,False,49.60427103086977,2-sector
115693639,2.0,8,0.6,20261035,12,0.9362753018305934,22.01266590657951,127,1.9829245387387957,True,False,False,0.05,1358.2335971579214,0.15,2.0,1376.2333456911233,0.0802149056855764,13,True,True,False,False,24.904334066469346,1-sector
279091054,2.0,8,0.0,20261036,19,0.9672863896943876,47.98797953623102,283,1.001110188970595,True,True,True,0.1,1363.5865400510838,0.3,2.0,1383.5902725305878,0.1708717036165944,25,True,True,True,True,49.60605741970858,2-sector
100123131,2.0,8,0.0,20261033,21,0.9826659270340872,47.994609757467515,283,0.6671932165153787,True,True,True,0.05,1397.615938792988,0.15,2.0,1393.6158721203517,0.0615835216689336,25,True,True,True,True,49.604306371534676,2-sector
160113035,2.0,8,0.3,20261034,12,0.9805033561851754,21.98047635231046,127,1.9804828813367632,True,True,True,0.1,1369.0407829746523,0.3,2.0,1373.0373010529372,0.1241378849095903,13,True,True,True,True,24.904083196107422,1-sector
3836364,2.0,12,0.6,20261041,10,0.891258427710749,16.002582714554364,91,2.0514575010028064,False,False,False,0.05,1400.8595730014638,0.15,2.0,1388.8548193043364,0.0622614453314531,9,False,True,False,False,17.774802758287933,1-sector
70776480,2.0,12,0.0,20261042,11,0.9840243136139328,22.02778390281037,127,0.9966269729613542,True,True,True,0.1,1373.3019777152497,0.3,2.0,1367.3038148007795,0.1680637757167512,13,True,True,True,True,24.904188466292,1-sector
389527466,2.0,12,0.3,20261043,14,0.8561777946538585,24.003744859538756,139,1.0043906455990603,True,True,True,0.2,1345.2272776849632,0.6000000000000001,2.0,1345.2288840101842,0.1835903191864704,13,True,True,True,True,25.28288650492823,1-sector
228507309,2.0,12,0.6,20261044,12,0.9879778680106388,23.996108996681414,139,2.011905916610254,True,False,False,0.05,1355.992697029336,0.15,2.0,1377.9854487010623,0.0643917528380338,13,True,True,False,False,24.904458686743055,1-sector
20923934,2.0,12,0.0,20261045,11,0.8220463601457484,15.99547769146102,91,1.9667027424437071,False,False,False,0.05,1388.6358058841115,0.15,2.0,1402.6353818409905,0.0826764991320549,9,False,True,False,False,17.7746171843487,1-sector
218968119,2.0,12,0.3,20261046,14,0.8810516197389036,22.00387054051498,127,1.982251934962486,True,True,True,0.1,1376.6770884369807,0.3,2.0,1374.6693890792917,0.0886478386368437,13,True,True,True,True,24.903826349448536,1-sector
259472825,2.0,12,0.0,20261051,11,0.8909497440451236,15.997481669869783,91,1.966978967350865,False,True,False,0.1,1399.6429858011757,0.3,2.0,1401.6445244156168,0.1165808273690627,9,False,True,False,False,17.778062338027212,1-sector
218972061,2.0,12,0.3,20261052,12,0.9864555349144846,23.967731413960564,139,2.0099026277974468,True,True,True,0.2,1362.185641658609,0.6000000000000001,2.0,1374.1705335609083,0.2456811001475858,13,True,True,True,True,24.90383973860753,1-sector
219221780,2.0,12,0.3,20261055,8,0.931298006924868,13.984916768861922,80,2.0248583902722608,False,True,False,0.1,1390.9892129086145,0.3,2.0,1392.9899066046073,0.1091676887540792,9,False,True,False,False,17.778023520502302,1-sector
80342205,2.0,12,0.6,20261056,11,0.9774909786529988,22.002817633062023,127,1.9821772355834943,True,False,False,0.05,1377.3068831146418,0.15,2.0,1359.3020464011151,0.0719938922917908,13,True,True,False,False,24.904225256793325,1-sector
231009108,2.0,12,0.0,20261057,13,0.9266594681697174,22.002763330525795,127,1.9821723126667905,True,False,False,0.05,1375.36241821919,0.15,2.0,1365.3610966255378,0.0957976219442838,13,True,True,False,False,24.90416135153373,1-sector
169266000,2.0,12,0.3,20261058,14,0.8168679123635356,21.965154976961458,127,1.9793210254254991,False,True,False,0.05,1358.6090326167184,0.15,2.0,1360.601717005863,0.0877081406911603,13,True,True,False,False,24.90401934975398,1-sector
183594608,2.0,12,0.6,20261053,26,0.8930887780859682,47.997215481703506,283,2.0052974271042845,True,True,True,0.1,1355.81621284803,0.3,2.0,1357.818770668132,0.0937051377686959,25,True,True,True,True,49.604135879200385,2-sector
155895287,2.0,12,0.0,20261054,14,0.921374893394276,22.365069227887034,129,2.009541280153378,True,True,True,0.05,1371.3607516970053,0.15,2.0,1373.3563688999284,0.0562466964733552,13,True,True,True,True,24.903942378737156,1-sector
369219815,2.0,12,0.6,20261059,16,0.779755836099808,21.991298368438947,127,1.9860376148266063,True,True,True,0.1,1343.944076145455,0.3,2.0,1343.9410002715172,0.126750171785349,13,True,True,True,True,25.282901305040923,1-sector
370233036,2.0,12,0.0,20261060,16,0.8328523957298279,24.31772386178295,141,1.0028046369188577,True,True,True,0.1,1335.6793238273858,0.3,2.0,1343.682346193841,0.1156144896177517,13,True,True,True,True,25.37882668733164,1-sector
161376469,2.0,12,0.6,20261047,17,0.7834038617050845,24.007176524617535,139,2.008872403481736,True,True,True,0.05,1331.4654232921512,0.15,2.0,1337.464955552761,0.0692782229844728,13,True,True,True,True,24.615510603410712,1-sector
150390619,2.0,12,0.0,20261048,36,0.8787857720601904,76.02233466905477,451,2.0038080792211153,True,True,True,0.1,1379.4259673089814,0.3,2.0,1335.4157294152774,0.2372528789892937,40,True,True,True,True,78.41678699331624,2-sector
150270977,2.0,12,0.3,20261049,34,0.9423739994334878,77.98062114906475,462,2.00007353465717,True,True,True,0.1,1360.635759634642,0.3,2.0,1364.6292536987592,0.2181997974363147,40,True,True,True,True,78.41673355123294,2-sector
11645778,2.0,12,0.6,20261050,9,0.928404236793336,15.998534922556246,91,1.967036761007761,False,False,False,0.1,1400.2034129421345,0.3,2.0,1394.200585746199,0.1274429709025275,9,True,True,False,False,17.776304215574783,1-sector
115043101,2.0,12,0.3,20261061,14,0.8457012142341324,21.98575907321697,127,0.9960739915928528,True,True,True,0.1,1334.3983176330162,0.3,2.0,1348.4021920128102,0.1303220463497606,13,True,True,True,True,25.284323774071026,1-sector
327939708,2.0,12,0.6,20261062,14,0.9357853435717612,24.015601876167693,139,2.013276676136402,True,True,True,0.1,1356.0176791241936,0.3,2.0,1362.021959238754,0.1011609926976809,13,True,True,True,True,24.904509046148632,1-sector
231668630,2.0,12,0.0,20261063,14,0.8493055568417613,22.03434473131938,127,1.9904789470868505,True,True,True,0.1,1343.941849272631,0.3,2.0,1329.93935810184,0.1649595490756728,13,True,True,True,True,25.377333260834575,1-sector
325338671,2.0,12,0.3,20261064,14,0.9417382650464432,21.98157486898117,127,1.9864584832624088,True,True,True,0.1,1338.3058472555565,0.3,2.0,1342.3080193763503,0.1206541156905851,13,True,True,True,True,25.37735189520231,1-sector
207090424,2.0,12,0.3,20261067,12,0.927266738857525,22.02937758116059,127,1.9841910873704511,True,False,False,0.1,1357.2434306782593,0.3,2.0,1373.2488069022938,0.1364255686937713,13,True,True,False,False,24.90441455741984,1-sector
401986029,2.0,12,0.6,20261068,13,0.93349254604759,22.353861013141795,129,2.0086949178713076,True,False,False,0.05,1360.444903187543,0.15,2.0,1372.4465394428082,0.0899154069071132,13,True,True,False,False,24.90380852765975,1-sector
219334689,4.0,1,0.0,20261072,5,0.9356510631731316,14.614070039261378,85,0.8118927799589654,False,False,False,0.8,1341.5233195975427,2.4000000000000004,4.0,1372.734611034607,0.0672871270637657,13,False,False,False,False,49.989936651389144,2-sector
92497469,4.0,1,0.6,20261086,2,1.0,0.5499878761606851,1,0.5499878761606851,False,False,False,0.05,1342.9553911648964,0.15,4.0,1328.7632398256544,0.0730775807486888,7,False,False,False,False,25.178813652026975,1-sector
149993861,4.0,1,0.0,20261069,3,0.954396256393687,43.69192316284307,259,3.331617612129948,False,False,False,0.05,1348.9468647856677,0.15,4.0,1360.7075101049502,0.0986906907914283,20,False,False,False,False,78.41848747226913,2-sector
231912935,2.0,12,0.6,20261065,30,0.7672917462254529,51.9872499823166,307,2.004473060331436,True,True,True,0.05,1345.2988197858292,0.15,2.0,1343.3021349043804,0.0862782542701441,27,True,True,True,True,53.716402562472695,2-sector
139844443,2.0,12,0.0,20261066,16,0.8549545992945278,24.001138809646815,139,2.0183567837979144,True,False,False,0.1,1332.9462728405242,0.3,2.0,1342.9463962059735,0.1147913064710682,13,True,True,False,False,25.37889233486294,1-sector
12787544,4.0,1,0.0,20261087,2,1.0,5.241553759205544,29,5.241553759205544,False,False,False,0.1,1371.6359801494705,0.3,4.0,1375.617840699029,0.1068438782009994,7,False,False,False,False,24.902275643343728,1-sector
279318109,4.0,1,0.0,20261081,8,0.789467479506918,53.172536017705625,315,0.61812137020242,False,False,False,0.05,1339.682056935934,0.15,4.0,1397.6070627950428,0.1218661265695973,20,False,False,False,False,78.41738968043933,2-sector
144434171,4.0,1,0.6,20261092,2,0.0,0.3319361853109512,0,,False,False,False,0.05,1379.8039988266294,0.15,4.0,1378.7308279286597,0.0896904540146774,7,False,False,False,False,24.90389521795896,1-sector
267090033,4.0,1,0.6,20261095,2,0.0,0.3124957149416332,0,,False,False,False,0.05,1348.5204212590038,0.15,4.0,1328.8064138741,0.084595552214235,7,False,False,False,False,25.378976301742114,1-sector
41898474,4.0,1,0.6,20261077,4,0.9985787409390552,10.809984138473055,62,3.603328046157685,False,False,False,0.05,1359.3383260503708,0.15,4.0,1384.7486648121544,0.2535549152861084,13,True,False,False,False,49.604301162181855,2-sector
24696180,4.0,1,0.0,20261078,3,0.9988774665277772,2.0833258692052823,10,0.5208314673013206,False,False,False,0.05,1351.1618770124123,0.15,4.0,1366.1211661020734,0.1820875583876074,14,False,False,False,False,53.716366959894685,2-sector
164768954,4.0,2,0.0,20261099,2,1.0,8.809760893161865,50,8.809760893161865,False,False,False,0.2,1393.9979784680656,0.6000000000000001,4.0,1394.7726981544902,0.122660965709622,5,False,False,False,False,17.776504766578,1-sector
231704229,4.0,2,0.6,20261104,6,0.979797533837197,19.895790324782865,115,2.0094277266195455,True,False,False,0.05,1336.3307038017172,0.15,4.0,1344.3331619538872,0.0698104602907307,7,False,False,False,False,25.3790830771768,1-sector
160113035,4.0,2,0.0,20261114,4,0.9934537813354608,15.97775425562827,93,4.045195648781779,False,False,False,0.05,1366.5782859238882,0.15,4.0,1378.568286066175,0.1561120938047059,7,False,False,False,False,24.904083196107422,1-sector
114918596,4.0,2,0.6,20261107,4,0.9915666224883312,7.116555943450294,40,1.1860926572417156,False,False,False,0.05,1339.6899507816263,0.15,4.0,1346.1176529284785,0.0779528698516584,7,False,False,False,False,25.271799287153044,1-sector
268765642,4.0,2,0.0,20261108,3,0.9894317942840088,4.861210230358438,27,0.6076512787948045,False,True,False,0.1,1394.100606356203,0.3,4.0,1401.3089117413135,0.1677712353873811,5,False,False,False,False,17.77666158081047,1-sector
161174069,4.0,2,0.0,20261120,2,1.0,4.162525879283976,22,4.162525879283976,False,False,False,0.2,1341.2476110457585,0.6000000000000001,4.0,1345.018604890027,0.1478006114274341,7,False,False,False,False,25.379309548749916,1-sector
251885542,4.0,2,0.6,20261101,3,0.9998716506845404,7.957068775722746,45,3.978534387861373,True,True,True,0.1,1362.0363513741693,0.3,4.0,1370.0037669504377,0.1197585357332017,7,False,False,False,False,24.904467521268998,1-sector
375059160,4.0,2,0.0,20261102,4,0.8976687921441967,9.745815978577866,56,1.9491631957155728,False,False,False,0.8,1335.8729631937313,2.4000000000000004,4.0,1379.612214337165,0.0718883977088499,20,False,False,False,False,78.41685560613496,2-sector
469939625,4.0,1,0.3,20261097,2,0.9108094236697196,14.138706988850116,82,0.6111271542879279,False,True,False,0.8,1379.2731192571844,2.4000000000000004,4.0,1356.6975436758587,0.0743699991798389,7,False,False,False,False,24.903958197716747,1-sector
150359212,4.0,1,0.6,20261098,3,0.970871298191783,61.646273727247035,366,0.7012783689688846,False,False,False,0.1,1393.8566172123303,0.3,4.0,1392.359718041581,0.0721616553681858,20,False,False,False,False,78.41864062657578,2-sector
115693639,4.0,2,0.3,20261115,2,0.9734562573627512,23.98904873742208,139,12.452167033234671,False,False,False,0.05,1355.891882518993,0.15,4.0,1367.8599913511496,0.109712961812798,7,False,False,False,False,24.904334066469346,1-sector
279091054,4.0,2,0.6,20261116,3,0.9999933921056866,5.67086053264984,32,0.51553277569544,False,False,False,0.2,1368.7323976186933,0.6000000000000001,4.0,1365.3626428376635,0.1680352417180923,13,False,False,False,False,49.60605741970858,2-sector
3836364,4.0,2,0.3,20261121,4,0.999425333000402,11.974869843154464,68,3.9729965433760066,True,False,False,0.1,1390.3943927161583,0.3,4.0,1398.3797039647932,0.072120373208377,5,False,False,False,False,17.774802758287933,1-sector
251828912,4.0,2,0.3,20261109,4,0.9923646106141524,16.001542549342957,93,4.049275565636727,False,False,False,0.05,1371.3103024697175,0.15,4.0,1363.3230956077136,0.1025254655756859,7,False,False,False,False,24.904381417703007,1-sector
150104808,4.0,2,0.6,20261110,7,0.8073530208306928,32.698728573777544,194,1.2110640212510198,False,False,False,0.05,1366.3649843119636,0.15,4.0,1375.5159336285335,0.2122337963433525,20,False,False,False,False,78.4169142712758,2-sector
11645778,4.0,4,0.3,20261130,4,0.9987051840789564,11.992994980526646,68,3.976469820114371,True,True,True,0.1,1390.692329394478,0.3,4.0,1398.682049461579,0.1756651543789004,5,False,False,False,False,17.776304215574783,1-sector
248955543,4.0,2,0.0,20261117,2,1.0,7.272319059154597,41,3.636159529577298,False,False,False,0.05,1392.374877768164,0.15,4.0,1391.6473462395209,0.0587124143169655,5,False,False,False,False,17.77658540700577,1-sector
100101948,4.0,2,0.3,20261118,3,0.998239330667801,12.472374081605722,72,0.5669260946184419,False,True,False,0.05,1377.3063645507398,0.15,4.0,1373.3440453183723,0.1282756733189926,13,False,False,False,False,49.60427103086977,2-sector
199729914,4.0,2,0.0,20261105,12,0.990839511317143,47.98189200029629,283,0.5716581326631134,False,True,False,0.05,1364.9091948909545,0.15,4.0,1392.911623395314,0.0803405698592258,13,True,True,False,False,49.60415174381478,2-sector
150274632,4.0,2,0.3,20261106,5,0.8905348665713303,47.76141309756463,283,3.0067401225486643,False,True,False,0.05,1396.7191744000943,0.15,4.0,1333.7127022908155,0.3870415711647107,20,False,False,False,False,78.4185033355493,2-sector
20923934,4.0,2,0.6,20261125,3,0.9991785709140196,4.970701713321205,27,0.9941403426642412,False,False,False,0.05,1401.642495328064,0.15,4.0,1393.6480418381557,0.0750925322856463,5,False,False,False,False,17.7746171843487,1-sector
218968119,4.0,2,0.0,20261126,6,0.9904922773531852,19.98724164446503,116,4.04723940527808,False,True,False,0.05,1373.3327270598636,0.15,4.0,1377.3310768999809,0.1044759376732063,7,False,False,False,False,24.903826349448536,1-sector
259472825,4.0,4,0.6,20261131,4,0.9990859201188336,12.009918681220595,69,3.979744953643354,True,True,True,0.1,1392.940101990155,0.3,4.0,1388.925009646528,0.1121083146287456,5,False,False,False,False,17.778062338027212,1-sector
218972061,4.0,4,0.0,20261132,3,0.999522455827238,10.533291378300191,61,0.8102531829461687,False,True,False,0.05,1367.1675512899249,0.15,4.0,1356.626609467332,0.3089580808850883,7,False,False,False,False,24.90383973860753,1-sector
183594608,4.0,4,0.3,20261133,12,0.97672220899833,44.26252131214119,261,3.981171631237302,True,True,True,0.1,1397.6663636882854,0.3,4.0,1393.675528785921,0.1258538146755972,13,True,True,True,True,49.604135879200385,2-sector
219221780,4.0,4,0.0,20261135,4,0.9991929210902472,12.002945794780771,68,3.97846461337304,True,True,True,0.1,1389.8155824061084,0.3,4.0,1393.8182558649542,0.1340028778579399,5,False,False,False,False,17.778023520502302,1-sector
80342205,4.0,4,0.3,20261136,8,0.9586266685766164,20.013916189075644,116,4.050904691248358,False,False,False,0.05,1370.7055316428584,0.15,4.0,1358.7100473224198,0.0927565099323712,7,False,True,False,False,24.904225256793325,1-sector
231009108,4.0,4,0.6,20261137,5,0.9920833426394148,19.994464653227624,116,0.6678390687651447,False,True,False,0.05,1372.4082667130726,0.15,4.0,1376.3994334414083,0.0913049318263486,7,False,False,False,False,24.90416135153373,1-sector
169266000,4.0,4,0.0,20261138,7,0.9856731110019578,20.008247680364548,116,0.5009555949451061,False,True,False,0.05,1368.6895967912271,0.15,4.0,1356.6695068182516,0.1052502379148414,7,False,False,False,False,24.90401934975398,1-sector
369219815,4.0,4,0.3,20261139,6,0.9765782893253888,19.767719676456863,114,4.036654004721271,True,False,False,0.2,1341.2496993122188,0.6000000000000001,4.0,1349.2354007935012,0.1748911199369602,7,False,False,False,False,25.282901305040923,1-sector
370233036,4.0,4,0.6,20261140,6,0.9859424120126156,19.996925223718108,116,0.5728266655222831,False,True,False,0.1,1330.5099054901343,0.3,4.0,1346.5108121653986,0.111528125134591,7,False,False,False,False,25.37882668733164,1-sector
115043101,4.0,4,0.0,20261141,7,0.9500325572695044,20.021885165353524,116,1.0052624604252718,False,False,False,0.1,1333.9983203993693,0.3,4.0,1349.9772205611762,0.1611450214999567,7,False,False,False,False,25.284323774071026,1-sector
327939708,4.0,4,0.3,20261142,6,0.991390359492834,20.043293398538253,116,4.054929529947464,False,True,False,0.1,1359.1288798244766,0.3,4.0,1359.1336017770732,0.1367139514107587,7,False,False,False,False,24.904509046148632,1-sector
231668630,4.0,4,0.6,20261143,6,0.9845057878202744,19.92327704898821,115,1.3368189834797677,True,True,True,0.1,1340.5905382519336,0.3,4.0,1344.586724165827,0.1610615758247144,7,False,False,False,False,25.377333260834575,1-sector
325338671,4.0,4,0.0,20261144,7,0.968511572412392,20.017707620632564,116,4.076147936472593,False,False,False,0.1,1329.9851106414374,0.3,4.0,1350.010639798749,0.1485010571023501,7,False,False,False,False,25.37735189520231,1-sector
207090424,4.0,4,0.0,20261147,6,0.9891301393591492,20.047397784715713,116,4.055484439362339,False,False,False,0.1,1359.0754106981412,0.3,4.0,1371.0862315116292,0.1693473391367565,7,False,False,False,False,24.90441455741984,1-sector
401986029,4.0,4,0.3,20261148,6,0.9919181394343012,19.981679507325225,116,0.8012529393705663,False,True,False,0.1,1360.9962893999964,0.3,4.0,1369.000312537373,0.117785510643443,7,False,False,False,False,24.90380852765975,1-sector
355508749,4.0,4,0.0,20261153,6,0.9909582941686612,19.984670005751468,116,4.046901618698368,False,False,False,0.1,1369.2380189322091,0.3,4.0,1377.2340617306847,0.1445815930704445,7,False,False,False,False,24.904085913473864,1-sector
270269007,4.0,4,0.3,20261154,3,0.9883355333510746,20.011288449597487,116,1.0035560697057493,False,False,False,0.05,1379.3249586940042,0.15,4.0,1363.3286670975951,0.1105396625109994,7,False,False,False,False,24.904441699884956,1-sector
231912935,4.0,4,0.3,20261145,14,0.9600774440945544,51.994203850923896,307,0.8007007122523702,False,True,False,0.1,1327.1014122737415,0.3,4.0,1371.0971163543709,0.1145084477062988,14,True,True,False,False,53.716402562472695,2-sector
139844443,4.0,4,0.6,20261146,6,0.9862097827921568,19.992822379597328,116,0.5727145078551242,False,True,False,0.1,1345.9725159241138,0.3,4.0,1333.9682692689082,0.1107779781797541,7,False,False,False,False,25.37889233486294,1-sector
207174734,4.0,4,0.6,20261155,10,0.974921884456948,43.99617164775032,259,0.6655275758131189,False,False,False,0.1,1393.5160424247938,0.3,4.0,1357.511864219738,0.0911983776569214,13,True,True,False,False,49.604525894859535,2-sector
66410290,4.0,4,0.0,20261156,6,0.9918391778481032,20.00027842351483,116,4.049057892448193,False,False,False,0.2,1358.4083516987034,0.6000000000000001,4.0,1378.3835388497537,0.1844769639056585,7,False,False,False,False,24.90452726980311,1-sector
278990983,4.0,4,0.3,20261151,2,1.0,4.077833493889784,22,4.077833493889784,False,False,False,0.4,1393.7077039765627,1.2000000000000002,4.0,1373.7228269902216,0.3457016693717715,13,False,False,False,False,49.60616389199777,2-sector
219334689,4.0,4,0.6,20261152,14,0.8773125647568423,46.373351300587046,273,0.571180288832112,False,True,False,0.05,1341.3483212297276,0.15,4.0,1353.3505255703585,0.0599934557407302,13,True,True,False,False,49.989936651389144,2-sector
254302983,4.0,8,0.6,20261164,7,0.9621724192861189,20.011461251588344,116,4.050588469407103,False,False,False,0.1,1361.4660483002467,0.3,4.0,1369.4568959714954,0.0925250940632021,7,False,False,False,False,24.904585022047286,1-sector
98678529,4.0,8,0.0,20261159,5,0.9872227795211744,12.317843031156144,70,4.0351098705781085,True,True,True,0.2,1389.920484484746,0.6000000000000001,4.0,1389.930821662055,0.4363203938381955,5,False,False,False,False,17.774672791756984,1-sector
410253041,4.0,8,0.3,20261160,7,0.9683732300307162,24.003761292306308,139,4.074132689762768,False,True,False,0.1,1334.7981480556757,0.3,4.0,1334.800120504268,0.1042647622111921,7,False,False,False,False,25.377340962173776,1-sector
149993861,4.0,4,0.6,20261149,18,0.9144768471086367,75.99208246492822,451,2.003053642721325,True,True,True,0.05,1342.798219593737,0.15,4.0,1330.799220098683,0.0837184439206473,20,True,True,True,True,78.41848747226913,2-sector
219317391,4.0,4,0.0,20261150,7,0.979729386604308,20.002437778719695,116,1.341568997819157,True,True,True,0.1,1337.0864460871962,0.3,4.0,1341.0852809938983,0.1114584671704048,7,False,False,False,False,25.377342057641954,1-sector
41898474,4.0,4,0.3,20261157,4,0.9904388046061168,10.809984138473055,62,3.603328046157685,False,True,False,0.05,1359.3383260503708,0.15,4.0,1377.373222179483,0.3038114461731329,13,True,False,False,False,49.604301162181855,2-sector
24696180,4.0,4,0.6,20261158,13,0.923776954988722,48.01087751854334,283,0.9977135589330284,False,True,False,0.1,1364.2339879901974,0.3,4.0,1328.2528196456192,0.1505486471218322,14,True,True,False,False,53.716366959894685,2-sector
197978738,4.0,8,0.0,20261165,6,0.9813614058243194,19.99138176599172,116,2.017543878679382,True,True,True,0.05,1333.6223281033947,0.15,4.0,1329.640197095561,0.1797277470795718,7,True,False,True,False,25.378817352685473,1-sector
92497469,4.0,8,0.3,20261166,9,0.8213983238784635,20.162228387779123,117,2.029443315413869,False,False,False,0.05,1344.8470139537203,0.15,4.0,1328.8480999530202,0.0946447594985046,7,False,False,False,False,25.178813652026975,1-sector
200746541,4.0,8,0.3,20261169,7,0.8406430201267159,16.022283604206223,91,0.9929542529017904,False,False,False,0.2,1404.628726252469,0.6000000000000001,4.0,1388.6231629953002,0.2125171068585896,5,False,False,False,False,17.77646262516282,1-sector
270481071,4.0,8,0.6,20261170,7,0.9739213204065228,20.031982771280127,116,4.053370296195703,False,False,False,0.1,1361.785424996835,0.3,4.0,1373.7650478953203,0.1212324528213015,7,False,False,False,False,24.90420986296249,1-sector
293525326,4.0,8,0.0,20261171,6,0.9688217908320076,24.008028110344185,139,4.074630381010301,False,False,False,0.1,1343.431737779351,0.3,4.0,1339.4443712285884,0.1146997744299971,7,False,False,False,False,25.37745824106446,1-sector
144434171,4.0,8,0.3,20261172,9,0.9119491880965164,22.285837620854863,129,2.0035670580863316,True,True,True,0.1,1357.8500973910857,0.3,4.0,1369.8567005924874,0.1150463537575605,7,False,True,False,True,24.90389521795896,1-sector
279318109,4.0,8,0.6,20261161,23,0.7361753989717866,75.30066684309327,447,0.8017489186057399,False,True,False,0.05,1350.047379723617,0.15,4.0,1354.0541042008606,0.1075915783066861,20,True,True,False,False,78.41738968043933,2-sector
421937394,4.0,8,0.0,20261162,7,0.9615434541250856,24.002372415335003,139,1.341541367680528,True,True,True,0.05,1326.9527688541789,0.15,4.0,1334.946721882143,0.1179729207177513,7,False,False,False,False,25.377343164984495,1-sector
317088106,4.0,8,0.6,20261173,7,0.9788926097072852,20.012091590344426,116,4.075367296285886,False,False,False,0.1,1333.6467774459495,0.3,4.0,1329.6448389886823,0.1402012122988628,7,False,False,False,False,25.37726736533864,1-sector
219334470,4.0,8,0.0,20261174,8,0.9659626281604506,19.997416226227415,116,4.073449311429635,False,False,False,0.1,1345.7746706826242,0.3,4.0,1349.7748542170748,0.1223417698331096,7,False,True,False,False,25.379425266278304,1-sector
12787544,4.0,8,0.6,20261167,7,0.9861957194839784,23.985629557600987,139,1.338007385746025,True,False,False,0.05,1363.7639055351897,0.15,4.0,1379.7589178273718,0.0959709329863185,7,True,False,False,False,24.902275643343728,1-sector
231840839,4.0,8,0.0,20261168,14,0.94805616253745,48.01258394288016,283,4.05623841976397,False,False,False,0.1,1329.1368476771838,0.3,4.0,1361.148265698144,0.1652924545714683,14,True,True,False,False,52.28060838118313,2-sector
267090033,4.0,8,0.3,20261175,7,0.9792945600901856,19.998458234730833,116,1.0044772348626383,False,True,False,0.05,1329.4288946064476,0.15,4.0,1337.437567248434,0.1085241760177769,7,True,False,False,False,25.378976301742114,1-sector
155986202,4.0,8,0.6,20261176,7,0.9778011199481796,19.96098068553465,115,4.0436589699678,False,True,False,0.1,1362.5371208219572,0.3,4.0,1366.5380548012947,0.118378720830363,7,False,False,False,False,24.90402224034642,1-sector
164768954,4.0,8,0.6,20261179,7,0.794002054498792,16.007044125408356,91,1.9678562580036103,False,False,False,0.1,1400.4105231571878,0.3,4.0,1392.412998013077,0.1075997914944213,5,False,False,False,False,17.776504766578,1-sector
284083051,4.0,8,0.0,20261180,4,0.9988698990800448,12.025021531389257,69,3.982340211164973,True,True,True,0.1,1389.719271520624,0.3,4.0,1401.7315961055658,0.1553709375147014,5,False,False,False,False,17.776396603705507,1-sector
308209064,4.0,8,0.0,20261183,8,0.9111898424946352,20.083565024805463,116,2.0192229371115133,True,True,True,0.2,1360.8448643149663,0.6000000000000001,4.0,1368.8271950943945,0.3191697376784717,7,False,False,False,False,24.904415701549624,1-sector
231704229,4.0,8,0.3,20261184,8,0.8905148462523784,20.47634654956846,119,0.5696264493746319,False,False,False,0.05,1327.9709330189528,0.15,4.0,1343.9729263746892,0.0901012367211911,7,False,False,False,False,25.3790830771768,1-sector
114918596,4.0,8,0.3,20261187,7,0.9563697701856037,19.999627368223173,116,0.5010416720394704,False,True,False,0.05,1330.5608684587517,0.15,4.0,1350.5586967906638,0.0988331014881618,7,True,False,False,False,25.271799287153044,1-sector
268765642,4.0,8,0.6,20261188,4,0.9837869572183016,12.023793091299469,69,0.5720323553019064,False,True,False,0.1,1398.7187435322094,0.3,4.0,1398.7134196187203,0.1436792831280667,5,False,False,False,False,17.77666158081047,1-sector
220482148,4.0,12,0.6,20261191,6,0.9711399274299456,23.98889097198071,139,2.0174942015832653,True,True,True,0.05,1331.688695534651,0.15,4.0,1327.6876220622694,0.1275107988673786,7,False,False,False,False,25.379179949625723,1-sector
150188659,4.0,12,0.0,20261192,6,0.9747951126513856,24.00150168693267,139,0.8029588800673048,False,True,False,0.1,1326.746534387887,0.3,4.0,1346.7666172638135,0.21340765064682,7,False,False,False,False,25.38067398253179,1-sector
469939625,4.0,8,0.0,20261177,7,0.9919407594406164,21.398413697972956,124,1.3330843086121975,True,True,True,0.05,1357.9746972477412,0.15,4.0,1361.967850918873,0.0875071158518244,7,True,True,True,True,24.903958197716747,1-sector
150359212,4.0,8,0.3,20261178,20,0.8856416881329874,75.9825095292872,451,0.571564072344438,False,True,False,0.1,1379.5675826508086,0.3,4.0,1391.569439363945,0.094126562986027,20,True,True,False,False,78.41864062657578,2-sector
251885542,4.0,8,0.3,20261181,7,0.9823908662328412,19.98775008511211,116,4.04734276471882,False,False,False,0.1,1369.5906383979984,0.3,4.0,1361.5840771855726,0.1486317379621219,7,False,False,False,False,24.904467521268998,1-sector
375059160,4.0,8,0.6,20261182,15,0.9817209535290085,76.01267520135184,451,4.013620113562432,True,False,False,0.05,1363.1590710984522,0.15,4.0,1383.158647319553,0.0692582265800457,20,True,True,False,False,78.41685560613496,2-sector
199729914,4.0,8,0.6,20261185,13,0.9260797993604372,44.01943369353785,259,3.962800861409213,True,True,True,0.05,1394.199487424586,0.15,4.0,1394.1919917343275,0.0753961014020534,13,True,True,True,True,49.60415174381478,2-sector
150274632,4.0,8,0.0,20261186,6,0.9491409014094532,67.71980267022627,402,2.8145667104918104,False,False,False,0.05,1396.7191744000943,0.15,4.0,1377.3863871227404,0.411036962023314,20,False,False,False,False,78.4185033355493,2-sector
251828912,4.0,12,0.0,20261189,8,0.9661644053522996,23.987708210741175,139,4.047612481654389,False,True,False,0.1,1375.7978020039866,0.3,4.0,1375.8028642135173,0.1193676699882762,7,False,True,False,False,24.904381417703007,1-sector
150104808,4.0,12,0.3,20261190,13,0.7425878225961801,75.99746175089581,451,0.5716747242114308,False,True,False,0.05,1376.0372452511613,0.15,4.0,1336.0818805024462,0.2629382033034038,20,True,False,False,False,78.4169142712758,2-sector
100123131,4.0,12,0.3,20261193,11,0.950143659224333,43.98898567171682,259,3.960499485385248,True,True,True,0.05,1398.8325865432057,0.15,4.0,1402.8318792140649,0.0812208107103525,13,True,True,True,True,49.604306371534676,2-sector
160113035,4.0,12,0.6,20261194,6,0.9937378349955468,19.986062671862328,116,0.572037534304072,False,True,False,0.1,1365.1866178561258,0.3,4.0,1377.1929105149295,0.1386213990587116,7,True,False,False,False,24.904083196107422,1-sector
115693639,4.0,12,0.0,20261195,6,0.9865180699633757,24.016821402936785,139,4.050924329752063,False,True,False,0.1,1372.08513413967,0.3,4.0,1376.0862784783374,0.1254739994623684,7,False,False,False,False,24.904334066469346,1-sector
279091054,4.0,12,0.3,20261196,13,0.8251624745700881,44.02683217664594,259,1.991408153423168,True,False,False,0.1,1366.4115539885893,0.3,4.0,1394.4133236853804,0.2083764810841356,13,True,False,False,False,49.60605741970858,2-sector
40182390,4.0,12,0.3,20261199,5,0.9488062408658772,16.017808071546824,91,1.9688429697960248,False,True,False,0.1,1388.5110528422017,0.3,4.0,1388.517671584371,0.1346271174402763,5,False,False,False,False,17.774734104913023,1-sector
161174069,4.0,12,0.6,20261200,8,0.9597596352563112,19.969544254704715,116,4.069586644838338,False,True,False,0.1,1341.814278380157,0.3,4.0,1341.8099208072558,0.1337368441802993,7,False,True,False,False,25.379309548749916,1-sector
3836364,4.0,12,0.0,20261201,3,0.9987535382533436,12.016526047991649,69,3.9806269623231127,True,False,False,0.05,1390.8693910929433,0.15,4.0,1398.8758254869706,0.0895440446346586,5,False,False,False,False,17.774802758287933,1-sector
70776480,4.0,12,0.3,20261202,7,0.9754869249931958,20.283379771081854,117,4.087539772146747,False,False,False,0.2,1372.8922588770247,0.6000000000000001,4.0,1364.8972440277937,0.2019178070885212,7,False,False,False,False,24.904188466292,1-sector
248955543,4.0,12,0.6,20261197,4,0.947445383042658,15.995999687569338,91,0.568584843819072,False,False,False,0.05,1400.5985893239383,0.15,4.0,1392.5969835857609,0.0679349770219635,5,False,False,False,False,17.77658540700577,1-sector
100101948,4.0,12,0.0,20261198,12,0.952233330311748,44.027908608857615,259,3.963443408652779,True,False,False,0.1,1361.4658680801108,0.3,4.0,1381.462315074148,0.1456191219300718,13,True,True,False,False,49.60427103086977,2-sector
20923934,4.0,12,0.3,20261205,7,0.7899603948147446,11.980324459863596,68,1.991843109588356,True,True,True,0.1,1393.0454662807488,0.3,4.0,1393.0516047241283,0.1004144764363647,5,False,False,False,False,17.7746171843487,1-sector
218968119,4.0,12,0.6,20261206,6,0.9748703825952796,20.00671760915725,116,4.049900450539425,False,False,False,0.1,1372.2355298858683,0.3,4.0,1376.233422187625,0.0979777874895243,7,False,False,False,False,24.903826349448536,1-sector
389527466,4.0,12,0.6,20261203,7,0.9445432836191048,24.055127266002955,139,0.5740686147904691,False,True,False,0.2,1343.385659820981,0.6000000000000001,4.0,1347.396705853628,0.1968684119999796,7,False,False,False,False,25.28288650492823,1-sector
228507309,4.0,12,0.0,20261204,6,0.9684991069204478,19.99750294294745,116,4.048675063792311,False,False,False,0.4,1364.3234423586698,1.2000000000000002,4.0,1364.39538683073,0.093017382587294,7,False,False,False,False,24.904458686743055,1-sector
370233036,8.0,1,0.3,20261220,2,1.0,1.3333122041881325,5,1.3333122041881325,False,False,False,0.4,1338.7056862566258,1.2000000000000002,8.0,1328.1775317271563,0.1609120549308531,4,False,False,False,False,25.37882668733164,1-sector
259472825,4.0,12,0.3,20261211,6,0.9449329437408804,16.014140076968715,91,1.9685736047556288,False,True,False,0.1,1388.805307395911,0.3,4.0,1392.8101686742648,0.1408750566017438,5,False,False,False,False,17.778062338027212,1-sector
218972061,4.0,12,0.6,20261212,6,0.9870910368306914,24.013581131385763,139,4.0505294214415315,False,True,False,0.1,1363.642577913174,0.3,4.0,1363.661537975859,0.2600267288011113,7,False,False,False,False,24.90383973860753,1-sector
219221780,4.0,12,0.6,20261215,4,0.9991561462272166,12.00433708169271,68,3.978719354008952,True,True,True,0.1,1397.4240251487922,0.3,4.0,1393.4302408241665,0.1193780855215334,5,False,False,False,False,17.778023520502302,1-sector
80342205,4.0,12,0.0,20261216,7,0.978454121952166,20.00840922698876,116,4.05015260160909,False,False,False,0.1,1360.6943651673014,0.3,4.0,1368.7068507348174,0.1059859548999615,7,False,False,False,False,24.904225256793325,1-sector
231009108,4.0,12,0.3,20261217,9,0.9443126635301138,19.999988121001937,116,4.0489988864325435,False,False,False,0.05,1370.2971615591316,0.15,4.0,1358.2946098321963,0.1160649591615236,7,False,True,False,False,24.90416135153373,1-sector
169266000,4.0,12,0.6,20261218,6,0.991362700399086,19.9846105141944,116,4.046889971547184,False,False,False,0.05,1377.608913943149,0.15,4.0,1373.6125850340045,0.097070767667021,7,True,False,False,False,24.90401934975398,1-sector
183594608,4.0,12,0.0,20261213,11,0.9499157151322248,44.00691539205877,259,3.9618537297975194,True,False,False,0.1,1358.3079454484505,0.3,4.0,1394.303021767793,0.139997754254592,13,True,True,False,False,49.604135879200385,2-sector
155895287,4.0,12,0.3,20261214,8,0.9500591908123628,19.985930958505374,116,4.047066391092566,False,False,False,0.05,1357.8510993882526,0.15,4.0,1369.8473588009251,0.0692930947592653,7,False,True,False,False,24.903942378737156,1-sector
150270977,4.0,12,0.6,20261209,18,0.9422347185770136,72.0208847372146,427,3.9636795460383167,True,False,False,0.2,1369.0315901340252,0.6000000000000001,4.0,1385.0337442265827,0.2324008534902426,20,True,True,False,False,78.41673355123294,2-sector
11645778,4.0,12,0.0,20261210,4,0.9467757327093492,16.04853993374104,91,0.796890846990802,False,True,False,0.2,1400.0020267858254,0.6000000000000001,4.0,1387.9827626801878,0.1918107328694642,5,False,False,False,False,17.776304215574783,1-sector
161376469,4.0,12,0.0,20261207,8,0.9561510868421496,19.94327288228897,115,4.025921760026579,True,False,False,0.1,1336.4849540706923,0.3,4.0,1348.4941153337677,0.1022264318528204,7,False,True,False,False,24.615510603410712,1-sector
150390619,4.0,12,0.3,20261208,19,0.8710473431460617,71.97232708276124,427,4.0353104463775225,True,False,False,0.2,1350.000926451084,0.6000000000000001,4.0,1397.985742874697,0.2826345430628599,20,True,True,False,False,78.41678699331624,2-sector
231912935,8.0,1,0.0,20261225,3,0.978632017957511,33.64178273665766,199,0.5263170272696601,False,False,False,0.1,1360.6931932442287,0.3,8.0,1366.1461660253976,0.1463968207327586,7,False,False,False,False,53.716402562472695,2-sector
219334689,8.0,1,0.3,20261232,5,0.8925797979862218,14.614070039261378,85,0.8118927799589654,False,False,False,0.8,1341.5233195975427,2.4000000000000004,8.0,1358.7668747015882,0.0810278001706195,7,False,False,False,False,49.989936651389144,2-sector
254302983,8.0,1,0.3,20261244,2,1.0,2.3625596755275637,12,2.3625596755275637,False,True,False,0.4,1361.4660444380424,1.2000000000000002,8.0,1359.092771932776,0.1234486625020232,4,False,False,False,False,24.904585022047286,1-sector
149993861,8.0,1,0.3,20261229,2,1.0,13.427848881140337,78,13.427848881140337,False,False,False,0.05,1348.9468647856677,0.15,8.0,1365.059743609562,0.1186858308312739,10,False,False,False,False,78.41848747226913,2-sector
92497469,8.0,1,0.0,20261246,2,1.0,0.5499878761606851,1,0.5499878761606851,False,True,False,0.05,1342.9553911648964,0.15,8.0,1332.4867689439045,0.114193306965706,4,False,False,False,False,25.178813652026975,1-sector
270481071,8.0,2,0.3,20261250,2,0.9888279840089516,16.00977361653554,93,0.6168905038145985,False,True,False,0.05,1374.9868318065944,0.15,8.0,1358.954677045285,0.1690242541889764,4,False,False,False,False,24.90420986296249,1-sector
144434171,8.0,2,0.0,20261252,4,0.9217558065078478,14.217809466144445,82,1.9907840289427776,False,True,False,0.1,1373.9305180660335,0.3,8.0,1373.9708154897496,0.1416799148472156,4,False,False,False,False,24.90389521795896,1-sector
164768954,8.0,2,0.3,20261259,3,0.8744237020230784,10.672249278769186,61,5.715090306125782,False,False,False,0.2,1393.9979784680656,0.6000000000000001,8.0,1388.6875746630913,0.1475700819439395,3,False,False,False,False,17.776504766578,1-sector
279318109,8.0,1,0.3,20261241,8,0.789467479506918,53.172536017705625,315,0.61812137020242,False,False,False,0.05,1339.682056935934,0.15,8.0,1330.7719172303275,0.1464806157714191,10,False,False,False,False,78.41738968043933,2-sector
231704229,8.0,2,0.0,20261264,4,0.9601543720255578,18.40271724925151,107,0.7960722327569556,False,True,False,0.05,1330.0445623192695,0.15,8.0,1330.0561033860772,0.108070305054543,4,False,False,False,False,25.3790830771768,1-sector
267090033,8.0,2,0.0,20261255,2,0.0,0.3124957149416332,0,,False,False,False,0.05,1348.5204212590038,0.15,8.0,1343.504870668906,0.1336567591407835,4,False,False,False,False,25.378976301742114,1-sector
155986202,8.0,2,0.3,20261256,3,0.9923398165036716,16.001260960553054,93,8.198623415593467,False,False,False,0.1,1377.8869925356362,0.3,8.0,1369.894714094521,0.1639991078883586,4,False,False,False,False,24.90402224034642,1-sector
41898474,8.0,1,0.0,20261237,4,0.9985787409390552,10.809984138473055,62,3.603328046157685,False,False,False,0.05,1359.3383260503708,0.15,8.0,1357.682468285175,0.3932169887790765,7,True,False,False,False,49.604301162181855,2-sector
24696180,8.0,1,0.3,20261238,3,0.9988774665277772,2.0833258692052823,10,0.5208314673013206,False,False,False,0.05,1351.1618770124123,0.15,8.0,1373.3241910021743,0.2185775845150583,7,False,False,False,False,53.716366959894685,2-sector
114918596,8.0,2,0.0,20261267,4,0.835278237309501,5.086046886674467,28,0.5086046886674467,False,False,False,0.05,1339.6899507816263,0.15,8.0,1348.0821712141055,0.1210908731998776,4,False,False,False,False,25.271799287153044,1-sector
375059160,8.0,2,0.3,20261262,2,1.0,9.445815978577684,54,9.445815978577684,False,False,False,0.8,1335.8729631937313,2.4000000000000004,8.0,1388.1894510447555,0.0867164550557916,10,False,False,False,False,78.41685560613496,2-sector
160113035,8.0,2,0.3,20261274,2,0.9851755507782894,15.919388256294267,92,0.72541805493631,False,True,False,0.05,1360.142154048545,0.15,8.0,1376.069910730746,0.1876195395377131,4,False,False,False,False,24.904083196107422,1-sector
469939625,8.0,2,0.6,20261257,3,0.9731300760895022,17.731753254890464,103,1.7572411007803372,False,True,False,0.8,1379.2731192571844,2.4000000000000004,8.0,1377.5511271851726,0.0813374796638695,4,False,False,False,False,24.903958197716747,1-sector
150359212,8.0,2,0.0,20261258,9,0.9527053703144066,65.20602703335271,387,1.1440385049680426,False,True,False,0.1,1397.4163705184362,0.3,8.0,1357.427056246329,0.1141854234289929,10,False,False,False,False,78.41864062657578,2-sector
389527466,8.0,4,0.3,20261283,4,0.9785625808787508,16.378846794873425,95,8.346702102617563,False,False,False,0.2,1332.2191643038125,0.6000000000000001,8.0,1348.1837308674442,0.2763374121106862,4,False,False,False,False,25.28288650492823,1-sector
40182390,8.0,4,0.0,20261279,3,0.9991731609385558,7.990206633250182,45,2.663402211083393,True,True,True,0.1,1397.1526455041574,0.3,8.0,1389.1570907436887,0.1648133916711001,3,False,False,False,False,17.774734104913023,1-sector
161174069,8.0,4,0.3,20261280,5,0.8911617322445519,15.95144671602202,92,4.0653989378071005,False,False,False,0.1,1332.8864228791997,0.3,8.0,1340.8836276922484,0.1807807349551645,4,False,False,False,False,25.379309548749916,1-sector
115693639,8.0,2,0.6,20261275,2,1.0,8.006996688297022,46,4.003498344148511,True,True,True,0.05,1364.6350818627295,0.15,8.0,1364.654301053976,0.1168255607383354,4,False,False,False,False,24.904334066469346,1-sector
279091054,8.0,2,0.0,20261276,3,0.9999933921056866,5.67086053264984,32,0.51553277569544,False,False,False,0.2,1368.7323976186933,0.6000000000000001,8.0,1377.8727962893029,0.2618607791335642,7,False,False,False,False,49.60605741970858,2-sector
3836364,8.0,4,0.6,20261281,4,0.956342897533374,16.002582714554364,91,1.967387491816212,False,False,False,0.05,1404.8636447436104,0.15,8.0,1388.8627512983564,0.0818112586084127,3,False,False,False,False,17.774802758287933,1-sector
70776480,8.0,4,0.0,20261282,3,0.993032163891508,16.030547007724635,93,8.203778901281076,False,False,False,0.2,1361.0463932219268,0.6000000000000001,8.0,1377.0757204689887,0.2530298654215113,4,False,False,False,False,24.904188466292,1-sector
199729914,8.0,2,0.3,20261265,5,0.9919862326355676,40.00007864094368,236,8.087187957580586,False,False,False,0.1,1358.2576730404762,0.3,8.0,1398.2636084185028,0.0968460110317628,7,False,False,False,False,49.60415174381478,2-sector
150274632,8.0,2,0.6,20261266,5,0.8905348665713303,47.76141309756463,283,3.0067401225486643,False,True,False,0.05,1396.7191744000943,0.15,8.0,1351.4175137847392,0.4064390257239008,10,False,False,False,False,78.4185033355493,2-sector
251828912,8.0,2,0.6,20261269,3,0.9915810452415156,15.972412301844995,92,8.193646144204616,False,False,False,0.1,1365.690806380995,0.3,8.0,1357.695588486292,0.1093754682972903,4,False,False,False,False,24.904381417703007,1-sector
150104808,8.0,2,0.0,20261270,7,0.8073530208306928,32.698728573777544,194,1.2110640212510198,False,False,False,0.05,1366.3649843119636,0.15,8.0,1364.2807552786037,0.3295868296388697,10,False,False,False,False,78.4169142712758,2-sector
259472825,8.0,4,0.0,20261291,2,0.9147391623722908,15.991924525352715,91,1.9664468424140424,False,True,False,0.1,1403.8472133223106,0.3,8.0,1403.858479490794,0.1730783519242043,3,False,False,False,False,17.778062338027212,1-sector
20923934,8.0,4,0.0,20261285,4,0.8763530183165142,8.022083389476165,46,8.022083389476165,True,True,True,0.1,1398.2550922224727,0.3,8.0,1398.2588006298272,0.1194198723905295,3,False,False,False,False,17.7746171843487,1-sector
218968119,8.0,4,0.3,20261286,3,0.9918034945167314,15.98038806341856,93,8.194924723984842,False,False,False,0.1,1365.7897926808164,0.3,8.0,1373.7857327464426,0.1286616878938776,4,False,False,False,False,24.903826349448536,1-sector
219221780,8.0,4,0.3,20261295,3,0.9937423579612172,8.304290363752443,47,8.304290363752443,False,True,False,0.2,1398.7295993941652,0.6000000000000001,8.0,1398.7527822987877,0.1613861873362227,3,False,False,False,False,17.778023520502302,1-sector
80342205,8.0,4,0.6,20261296,3,0.9864174929272668,16.370883499671663,95,8.262389478724055,False,False,False,0.1,1375.7971742259342,0.3,8.0,1359.8006741642844,0.100022850695418,4,False,False,False,False,24.904225256793325,1-sector
150270977,8.0,4,0.3,20261289,2,1.0,2.641663818666302,13,2.641663818666302,True,False,False,0.1,1369.131590432477,0.3,8.0,1371.0442726473775,0.3284463766481872,10,False,False,False,False,78.41673355123294,2-sector
11645778,8.0,4,0.6,20261290,2,1.0,7.965274566560311,45,7.965274566560311,True,True,True,0.1,1397.6339900085318,0.3,8.0,1389.6538621852771,0.1871420748978974,3,False,False,False,False,17.776304215574783,1-sector
231009108,8.0,4,0.0,20261297,3,0.9925503622189542,16.009678882476237,93,8.20012635565019,False,False,False,0.05,1362.8610444461665,0.15,8.0,1378.8496112623568,0.1405574308695705,4,False,False,False,False,24.90416135153373,1-sector
169266000,8.0,4,0.3,20261298,3,0.992369888209686,16.002745440750004,93,8.198882583576056,False,True,False,0.1,1373.24787897235,0.3,8.0,1373.245472478453,0.126944764539604,4,False,False,False,False,24.90401934975398,1-sector
183594608,8.0,4,0.6,20261293,7,0.9800919109427793,40.0111843866182,236,8.088700189178015,False,False,False,0.1,1358.2579442050555,0.3,8.0,1398.2620961166192,0.1347875932559946,7,False,False,False,False,49.604135879200385,2-sector
155895287,8.0,4,0.0,20261294,2,1.0,8.01097677048574,46,8.01097677048574,True,True,True,0.05,1370.374653419468,0.15,8.0,1362.378228831386,0.070577905407245,4,False,False,False,False,24.903942378737156,1-sector
369219815,8.0,4,0.6,20261299,3,0.9919309281104954,17.48161783852379,101,1.4508111665699812,False,True,False,0.2,1331.5137037827492,0.6000000000000001,8.0,1347.4822033280768,0.1862964995241805,4,False,False,False,False,25.282901305040923,1-sector
370233036,8.0,4,0.0,20261300,4,0.9822432979692725,16.344241436038146,95,8.361558088605795,False,False,False,0.2,1330.5099056186975,0.6000000000000001,8.0,1338.5123639063404,0.1723899795677345,4,False,False,False,False,25.37882668733164,1-sector
161376469,8.0,4,0.6,20261287,5,0.9384807896507276,21.180764487058013,122,2.6297586835949964,False,False,False,0.05,1341.8933437517398,0.15,8.0,1333.904952686673,0.0967272119098534,4,False,False,False,False,24.615510603410712,1-sector
150390619,8.0,4,0.0,20261288,9,0.9161664668360276,72.02371267060221,427,1.6063474130697932,False,True,False,0.2,1345.4189814700303,0.6000000000000001,8.0,1361.44250684461,0.3590172899204103,10,False,False,False,False,78.41678699331624,2-sector
115043101,8.0,4,0.3,20261301,4,0.9697356432082604,16.024696083363324,93,8.284808646472609,False,True,False,0.2,1341.349617073197,0.6000000000000001,8.0,1341.3421190391011,0.1939095470413663,4,False,False,False,False,25.284323774071026,1-sector
327939708,8.0,4,0.6,20261302,3,0.9913877778315764,15.965464216421651,92,8.192454463010133,False,True,False,0.2,1361.4664365790725,0.6000000000000001,8.0,1361.4430935632192,0.1462435158743391,4,False,False,False,False,24.904509046148632,1-sector
231668630,8.0,4,0.0,20261303,4,0.9827075267436886,15.990030289764263,93,8.298539430524695,False,True,False,0.2,1337.593370980497,0.6000000000000001,8.0,1337.6250928328454,0.2496327514956421,4,False,False,False,False,25.377333260834575,1-sector
325338671,8.0,4,0.3,20261304,4,0.9666434758467428,15.956628165052509,92,8.292537465455723,False,False,False,0.2,1350.5041942617177,0.6000000000000001,8.0,1334.5259911950766,0.1787774148697404,4,False,False,False,False,25.37735189520231,1-sector
207090424,8.0,4,0.3,20261307,3,0.9919285893274136,15.98622670514851,93,8.196075506977733,False,True,False,0.2,1362.7865824266134,0.6000000000000001,8.0,1362.7775249707947,0.203708567841956,4,False,False,False,False,24.90441455741984,1-sector
401986029,8.0,4,0.6,20261308,4,0.9873700175560872,24.013541472776524,139,0.5727259368781565,False,True,False,0.1,1379.930676525055,0.3,8.0,1363.9245552937064,0.1266278127493023,4,False,False,False,False,24.90380852765975,1-sector
355508749,8.0,8,0.3,20261313,4,0.9891416404927532,16.018042530280127,93,8.201572273617668,False,False,False,0.1,1357.444947938282,0.3,8.0,1365.444110959039,0.1793727194776886,4,False,False,False,False,24.904085913473864,1-sector
270269007,8.0,8,0.6,20261314,3,0.9918740460587654,15.98348751841786,93,8.195601321551408,False,False,False,0.05,1360.9456511769108,0.15,8.0,1368.9343123591982,0.1256121795574671,4,False,False,False,False,24.904441699884956,1-sector
231912935,8.0,4,0.6,20261305,11,0.8375171806805033,52.62474555445101,310,0.5722609262523484,False,True,False,0.05,1347.694656354228,0.15,8.0,1363.6784150682574,0.1228830880538389,7,False,False,False,False,53.716402562472695,2-sector
139844443,8.0,4,0.0,20261306,4,0.9851433130180504,16.00953567452393,93,1.1494242617816215,False,True,False,0.1,1339.8392874236351,0.3,8.0,1339.8422197523803,0.1712598791400791,4,False,False,False,False,25.37889233486294,1-sector
207174734,8.0,8,0.0,20261315,4,0.99194184896494,40.02660647973221,236,8.090821631862452,False,False,False,0.1,1379.1201607597106,0.3,8.0,1387.108485432275,0.145948554771427,7,False,False,False,False,49.604525894859535,2-sector
66410290,8.0,8,0.3,20261316,4,0.9822178949564144,16.02526935137621,93,8.202930744203128,False,True,False,0.2,1374.3336184356972,0.6000000000000001,8.0,1374.327945888185,0.2275930214407757,4,False,False,False,False,24.90452726980311,1-sector
278990983,8.0,8,0.6,20261311,7,0.9871763724363553,40.06855685060941,236,8.096620454358181,False,True,False,0.2,1378.090830551763,0.6000000000000001,8.0,1394.1143213146372,0.3714124896833632,7,False,False,False,False,49.60616389199777,2-sector
219334689,8.0,8,0.0,20261312,13,0.7392615851366474,42.47902179012067,250,8.440374295169887,False,False,False,0.1,1341.4733220311514,0.3,8.0,1333.4747350097284,0.0980047687994401,7,False,False,False,False,49.989936651389144,2-sector
149993861,8.0,8,0.0,20261309,11,0.87011888402838,71.99483654966707,427,1.3372949184061065,False,True,False,0.1,1393.1040681572715,0.3,8.0,1401.1089324227917,0.1342874618753906,10,False,False,False,False,78.41848747226913,2-sector
219317391,8.0,8,0.3,20261310,5,0.9237847884889988,15.994149023892078,93,0.5009572588862005,False,True,False,0.1,1340.190561840855,0.3,8.0,1332.1785426788915,0.139797432791958,4,False,False,False,False,25.377342057641954,1-sector
98678529,8.0,8,0.3,20261319,2,1.0,8.065152572071383,46,8.065152572071383,True,True,True,0.4,1391.2440825668027,1.2000000000000002,8.0,1391.311853807797,0.519834391425033,3,False,False,False,False,17.774672791756984,1-sector
410253041,8.0,8,0.6,20261320,5,0.9173440699663457,15.958036362320172,92,8.292788666607818,False,True,False,0.1,1332.9953937016091,0.3,8.0,1332.989256197561,0.1144162224061885,4,False,False,False,False,25.377340962173776,1-sector
254302983,8.0,8,0.0,20261324,4,0.979291572808214,17.557183310071423,102,1.585066494990783,False,True,False,0.1,1363.0424761210145,0.3,8.0,1371.0341559356448,0.1393911381358063,4,False,False,False,False,24.904585022047286,1-sector
41898474,8.0,8,0.6,20261317,4,0.9985787409390552,10.809984138473055,62,3.603328046157685,False,False,False,0.05,1355.6896118547693,0.15,8.0,1371.7889590648288,0.3283889823440418,7,True,False,False,False,49.604301162181855,2-sector
24696180,8.0,8,0.0,20261318,10,0.9273631072090208,48.03870614577204,283,0.533041194412158,False,True,False,0.2,1358.6090475752765,0.6000000000000001,8.0,1366.6042701319489,0.2384643446004116,7,True,True,False,False,53.716366959894685,2-sector
197978738,8.0,8,0.3,20261325,5,0.9628980425471144,23.96079973889914,139,8.295952280927592,False,False,False,0.1,1350.5609258975278,0.3,8.0,1334.5883896537414,0.216522704453166,4,False,False,False,False,25.378817352685473,1-sector
92497469,8.0,8,0.6,20261326,6,0.9583661528091524,16.32886492685475,95,8.315361349005723,False,True,False,0.05,1334.1985589927644,0.15,8.0,1334.1885269042934,0.1037620056811633,4,False,False,False,False,25.178813652026975,1-sector
279318109,8.0,8,0.0,20261321,18,0.6470156835753944,78.04933015719894,463,8.081916895657757,False,False,False,0.1,1404.795286630774,0.3,8.0,1348.7938746110335,0.1631489757699022,10,False,False,False,False,78.41738968043933,2-sector
421937394,8.0,8,0.3,20261322,4,0.9941420014642488,17.216346360950638,100,0.614354008817189,False,True,False,0.05,1340.3887065362785,0.15,8.0,1340.3831613095826,0.1426347727841541,4,False,False,False,False,25.377343164984495,1-sector
200746541,8.0,8,0.6,20261329,2,1.0,8.01531150598862,46,4.007655752994309,True,True,True,0.2,1400.3731720566616,0.6000000000000001,8.0,1392.3735030725095,0.2276356341698913,3,False,False,False,False,17.77646262516282,1-sector
270481071,8.0,8,0.0,20261330,4,0.9797175885184805,15.979122977183124,93,8.19478597187896,False,False,False,0.1,1371.1743579956155,0.3,8.0,1379.179535009452,0.1847676540230834,4,False,False,False,False,24.90420986296249,1-sector
293525326,8.0,8,0.3,20261331,7,0.8759950352119801,24.00664482498314,139,2.6998129172236025,False,False,False,0.1,1351.1593733916309,0.3,8.0,1343.1691493461374,0.1387332052800892,4,False,False,False,False,25.37745824106446,1-sector
144434171,8.0,8,0.6,20261332,5,0.9679488086805128,24.01778412892736,139,8.200449397502126,False,False,False,0.1,1372.1847162808576,0.3,8.0,1356.186629833789,0.1256199694551267,4,False,False,False,False,24.90389521795896,1-sector
317088106,8.0,8,0.0,20261333,5,0.9780902160754408,16.549685355741076,96,8.396768711365265,False,True,False,0.2,1345.6229171073478,0.6000000000000001,8.0,1345.6479930003538,0.2139286944081882,4,False,False,False,False,25.37726736533864,1-sector
219334470,8.0,8,0.3,20261334,5,0.9625777850681893,16.339035762438243,95,8.36077951799293,False,True,False,0.1,1332.9453734405656,0.3,8.0,1332.9590075082351,0.147908063598552,4,False,False,False,False,25.379425266278304,1-sector
12787544,8.0,8,0.0,20261327,3,0.9927114925138114,16.01495362155356,93,0.6418075471509735,False,True,False,0.1,1376.0066767832034,0.3,8.0,1360.0102620634452,0.1447323397952825,4,False,False,False,False,24.902275643343728,1-sector
231840839,8.0,8,0.3,20261328,7,0.9600326380826668,40.026447509116,236,8.228192621093974,False,False,False,0.1,1365.5120610942188,0.3,8.0,1333.5276357524815,0.1993301881526867,7,False,False,False,False,52.28060838118313,2-sector
267090033,8.0,8,0.6,20261335,4,0.9797544750303572,16.381806666038074,95,8.368135210735737,False,False,False,0.05,1348.1148712502074,0.15,8.0,1340.1358003066928,0.1185115462975288,4,False,False,False,False,25.378976301742114,1-sector
155986202,8.0,8,0.0,20261336,3,0.992448190536554,16.005527168693334,93,8.199369946874755,False,False,False,0.2,1364.3315640383755,0.6000000000000001,8.0,1356.343975765813,0.1799823500560026,4,False,False,False,False,24.90402224034642,1-sector
164768954,8.0,12,0.0,20261339,5,0.8256933561934211,8.312568050007712,47,2.0781420125019285,False,True,False,0.2,1399.7591339313924,0.6000000000000001,8.0,1399.7588952063816,0.1687341067148677,3,False,False,False,False,17.776504766578,1-sector
284083051,8.0,12,0.3,20261340,2,1.0,7.993065247412233,45,3.996532623706116,True,True,True,0.1,1392.6804041400642,0.3,8.0,1392.6869900305464,0.1926655308733804,3,False,False,False,False,17.776396603705507,1-sector
308209064,8.0,12,0.3,20261343,3,0.9923129104666726,16.00984743426079,93,8.200210986716288,False,True,False,0.2,1369.7394387371432,0.6000000000000001,8.0,1369.705784425991,0.3882154238699057,4,False,False,False,False,24.904415701549624,1-sector
231704229,8.0,12,0.6,20261344,4,0.9683262264151042,18.322161064782904,106,1.1372775060965643,False,True,False,0.05,1330.1251185037383,0.15,8.0,1330.1278924747885,0.1070621416091645,4,False,False,False,False,25.3790830771768,1-sector
114918596,8.0,12,0.6,20261347,7,0.7544152735778418,15.998390958731989,93,1.1482560653788922,False,True,False,0.05,1329.1497622133577,0.15,8.0,1337.1515311545106,0.1147504514813137,4,False,False,False,False,25.271799287153044,1-sector
268765642,8.0,12,0.0,20261348,3,0.9974359803980356,7.982078572690398,45,1.9955196431725997,False,True,False,0.2,1400.1340366058828,0.6000000000000001,8.0,1400.142298701539,0.2249552832801491,3,False,False,False,False,17.77666158081047,1-sector
220482148,8.0,12,0.0,20261351,3,0.9831550429451492,16.009699106965854,93,8.302463625683018,False,True,False,0.05,1348.956739161358,0.15,8.0,1348.9472924633474,0.1919001450014175,4,False,False,False,False,25.379179949625723,1-sector
150188659,8.0,12,0.3,20261352,4,0.970658623604831,15.915352166951834,92,1.335091145761408,False,True,False,0.2,1332.1104472284867,0.6000000000000001,8.0,1340.1163936783234,0.2572684913968261,4,False,False,False,False,25.38067398253179,1-sector
469939625,8.0,8,0.3,20261337,7,0.7662731421383034,18.6289664610847,108,1.5316433364255098,False,True,False,0.1,1376.7273289727668,0.3,8.0,1376.7276323264375,0.1063521964741035,4,False,False,False,False,24.903958197716747,1-sector
150359212,8.0,8,0.6,20261338,13,0.7643510922388097,66.21020658237899,393,1.1411230811958764,False,True,False,0.1,1342.4242585168631,0.3,8.0,1350.4177226931863,0.1034817882906889,10,False,False,False,False,78.41864062657578,2-sector
251885542,8.0,12,0.6,20261341,4,0.987450835583388,24.01834057501628,139,0.5011250349690619,False,True,False,0.1,1372.036491288318,0.3,8.0,1372.0352951268374,0.167508019742857,4,False,False,False,False,24.904467521268998,1-sector
375059160,8.0,12,0.0,20261342,11,0.9311834437881144,72.00436361744073,427,3.9628628260960745,True,False,False,0.05,1356.6854429497769,0.15,8.0,1396.6776195236528,0.1089466470675911,10,True,True,False,False,78.41685560613496,2-sector
199729914,8.0,12,0.0,20261345,4,0.9916058689448622,40.00833737457788,236,8.088313174751484,False,False,False,0.1,1375.953760797103,0.3,8.0,1359.9500235946402,0.1184775337458688,7,False,False,False,False,49.60415174381478,2-sector
150274632,8.0,12,0.3,20261346,12,0.8818713228172547,71.95875477259688,427,1.5931151798796466,False,False,False,0.05,1396.7191744000943,0.15,8.0,1363.6894091668976,0.4960597510553935,10,True,False,False,False,78.4185033355493,2-sector
251828912,8.0,12,0.3,20261349,3,0.9924486472911253,16.005776102137133,93,8.199491367702292,False,False,False,0.1,1364.3324549338106,0.3,8.0,1372.3314855887627,0.1449643223505957,4,False,False,False,False,24.904381417703007,1-sector
150104808,8.0,12,0.6,20261350,10,0.6947521055677717,71.97799247020748,427,0.5719994270305241,False,True,False,0.05,1366.3649843119636,0.15,8.0,1343.4685573009256,0.2826950928378515,10,False,False,False,False,78.4169142712758,2-sector
115693639,8.0,12,0.3,20261355,4,0.98968344870822,16.047292792000462,93,8.206732297088845,False,False,False,0.1,1369.7392956349895,0.3,8.0,1377.759805174884,0.1521083886679539,4,False,False,False,False,24.904334066469346,1-sector
279091054,8.0,12,0.6,20261356,9,0.8808983404107129,40.03232142103525,236,1.3367570465605076,False,True,False,0.1,1390.0937341924937,0.3,8.0,1390.067195130042,0.2243431962660877,7,False,False,False,False,49.60605741970858,2-sector
100123131,8.0,12,0.6,20261353,6,0.9887165667396688,40.00561203993607,236,0.5337901919801449,False,True,False,0.05,1401.656145665222,0.15,8.0,1369.654776431087,0.0928871485787971,7,False,False,False,False,49.604306371534676,2-sector
160113035,8.0,12,0.0,20261354,3,0.9924134007785064,16.004190917809865,93,8.199149362650957,False,False,False,0.2,1364.4338387076912,0.6000000000000001,8.0,1372.4438332955492,0.2093271316127722,4,False,False,False,False,24.904083196107422,1-sector
40182390,8.0,12,0.6,20261359,2,1.0,8.517899982615972,49,8.517899982615972,False,True,False,0.1,1402.9705725533056,0.3,8.0,1402.9672371819624,0.1478393445642782,3,False,False,False,False,17.774734104913023,1-sector
161174069,8.0,12,0.0,20261360,6,0.827080147419145,15.957025446705076,92,1.1459964021019673,False,True,False,0.2,1331.8127950183791,0.6000000000000001,8.0,1339.7993425312911,0.2006893570908784,4,False,False,False,False,25.379309548749916,1-sector
3836364,8.0,12,0.3,20261361,2,1.0,7.988837988485557,45,3.994418994242778,True,True,True,0.1,1398.1721201714993,0.3,8.0,1390.1688463580033,0.1093897719098764,3,False,False,False,False,17.774802758287933,1-sector
70776480,8.0,12,0.6,20261362,3,0.9915798630827544,15.972209061651256,92,8.193568716658042,False,True,False,0.2,1369.2394966152838,0.6000000000000001,8.0,1369.2368932882714,0.2187213766253049,4,False,False,False,False,24.904188466292,1-sector
248955543,8.0,12,0.0,20261357,3,0.9945162576849712,9.244546576204357,53,0.6146606805626141,False,True,False,0.05,1401.6194243443683,0.15,8.0,1401.6088489959225,0.0952215294562637,3,False,False,False,False,17.77658540700577,1-sector
100101948,8.0,12,0.3,20261358,7,0.988949386463712,47.96952221791298,283,1.1439266731582056,False,True,False,0.1,1388.678579751146,0.3,8.0,1380.6714844057913,0.1763471064380722,7,True,False,False,False,49.60427103086977,2-sector
370233036,16.0,1,0.6,20261380,2,1.0,1.3333122041881325,5,1.3333122041881325,False,False,False,0.4,1338.7056862566258,1.2000000000000002,16.0,1337.830866229974,0.1705543307492332,2,False,False,False,False,25.37882668733164,1-sector
20923934,8.0,12,0.6,20261365,4,0.9511929228963354,15.987139728264538,91,0.794107682009988,False,False,False,0.1,1404.847943362051,0.3,8.0,1388.8496631659327,0.111787375168295,3,False,False,False,False,17.7746171843487,1-sector
218968119,8.0,12,0.0,20261366,2,0.9885119118509686,16.001180933261367,93,0.500792715978587,False,True,False,0.1,1359.4898275448668,0.3,8.0,1359.4921001133812,0.1454629620333707,4,False,False,False,False,24.903826349448536,1-sector
389527466,8.0,12,0.0,20261363,4,0.9626721593493504,19.621885775800365,114,0.8965692998076272,False,True,False,0.2,1328.9761253228855,0.6000000000000001,8.0,1336.9770696710202,0.299425138411203,4,False,False,False,False,25.28288650492823,1-sector
228507309,8.0,12,0.3,20261364,4,0.9890455601423273,16.07944727881636,93,8.212358446692992,False,False,False,0.4,1364.3234423586698,1.2000000000000002,8.0,1372.3958878347612,0.1135227577077231,4,False,False,False,False,24.904458686743055,1-sector
150270977,16.0,1,0.0,20261369,2,1.0,2.641663818666302,13,2.641663818666302,False,True,False,0.1,1369.131590432477,0.3,16.0,1361.0743890807298,0.4273155819430367,5,False,False,False,False,78.41673355123294,2-sector
231912935,16.0,1,0.3,20261385,3,0.978632017957511,33.64178273665766,199,0.5263170272696601,False,False,False,0.1,1360.6931932442287,0.3,16.0,1372.0862884784833,0.1760636836775296,4,False,False,False,False,53.716402562472695,2-sector
219334689,16.0,1,0.6,20261392,5,0.8925797979862218,14.614070039261378,85,0.8118927799589654,False,False,False,0.8,1341.5233195975427,2.4000000000000004,16.0,1336.7458731015988,0.0864744302511856,4,False,False,False,False,49.989936651389144,2-sector
92497469,16.0,2,0.3,20261406,2,1.0,0.5499878761606851,1,0.5499878761606851,False,False,False,0.05,1342.9553911648964,0.15,16.0,1335.400670664458,0.139207271445107,2,False,False,False,False,25.178813652026975,1-sector
254302983,16.0,2,0.6,20261404,2,0.9982671884589822,16.369682483917586,95,1.6400419271395656,False,False,False,0.05,1377.835729500022,0.15,16.0,1361.869763294134,0.1333349957186933,2,False,False,False,False,24.904585022047286,1-sector
149993861,16.0,1,0.6,20261389,2,1.0,13.427848881140337,78,13.427848881140337,False,False,False,0.05,1348.9468647856677,0.15,16.0,1350.8729861967483,0.1260409977550207,5,False,False,False,False,78.41848747226913,2-sector
161376469,8.0,12,0.3,20261367,6,0.9518942990219648,23.980775585199353,139,8.133410491805087,False,False,False,0.1,1343.8947409253094,0.3,8.0,1335.8929936967454,0.1242090562140819,4,False,False,False,False,24.615510603410712,1-sector
150390619,8.0,12,0.6,20261368,11,0.916534769356382,71.97647389604026,427,2.649205923214428,True,True,True,0.2,1342.9773125639697,0.6000000000000001,8.0,1334.9473163045848,0.3027455211991914,10,True,False,True,False,78.41678699331624,2-sector
279318109,16.0,2,0.6,20261401,9,0.6813798743098849,53.172536017705625,315,0.61812137020242,False,False,False,0.05,1339.682056935934,0.15,16.0,1336.8290485810169,0.1575446125171627,5,False,False,False,False,78.41738968043933,2-sector
12787544,16.0,2,0.6,20261407,3,0.9919349545580416,15.98442023299981,93,0.7282050525338977,False,True,False,0.1,1359.130618781655,0.3,16.0,1375.1377248054996,0.1386611359026609,2,False,False,False,False,24.902275643343728,1-sector
41898474,16.0,1,0.3,20261397,4,0.9985787409390552,10.809984138473055,62,3.603328046157685,False,False,False,0.05,1359.3383260503708,0.15,16.0,1357.978032308007,0.4717649340912177,4,True,False,False,False,49.604301162181855,2-sector
24696180,16.0,1,0.6,20261398,3,0.9933181295582832,2.133325982121505,10,0.5333314955303764,False,False,False,0.2,1351.2118771253286,0.6000000000000001,16.0,1351.334532525416,0.2314250785161249,4,False,False,False,False,53.716366959894685,2-sector
231704229,16.0,2,0.3,20261424,3,0.9711253895503248,16.43325932747325,95,8.377090540412174,False,False,False,0.1,1332.014020241048,0.3,16.0,1348.0174863449895,0.1302435078058574,2,False,False,False,False,25.3790830771768,1-sector
267090033,16.0,2,0.3,20261415,2,0.0,0.3124957149416332,0,,False,False,False,0.05,1348.5204212590038,0.15,16.0,1332.0865570947262,0.1609322317057446,2,False,False,False,False,25.378976301742114,1-sector
155986202,16.0,2,0.6,20261416,2,0.9898455767318052,16.037353562633825,93,1.237965990566383,False,True,False,0.1,1378.9244743860113,0.3,16.0,1378.9032905076376,0.1744988645182492,2,False,False,False,False,24.90402224034642,1-sector
293525326,16.0,2,0.0,20261411,2,1.0,6.977722181302397,39,6.977722181302397,False,True,False,0.05,1330.5110473312288,0.15,16.0,1330.4500380461634,0.1716535087773451,2,False,False,False,False,25.37745824106446,1-sector
144434171,16.0,2,0.3,20261412,3,0.987488255162112,6.205416945906791,35,6.205416945906791,False,False,False,0.1,1373.9305180660335,0.3,16.0,1357.960482123057,0.1705871629899777,2,False,False,False,False,24.90389521795896,1-sector
375059160,16.0,2,0.6,20261422,5,0.796413276961668,11.824977324039535,68,1.3138863693377263,False,False,False,0.8,1335.8729631937313,2.4000000000000004,16.0,1365.4866520711112,0.0932773719339597,5,False,False,False,False,78.41685560613496,2-sector
114918596,16.0,2,0.3,20261427,4,0.965604588156226,15.98297573884929,93,0.5934665478522558,False,False,False,0.05,1339.6899507816263,0.15,16.0,1338.902366721773,0.1458325330707016,2,False,False,False,False,25.271799287153044,1-sector
268765642,16.0,2,0.6,20261428,2,1.0,3.005610169291458,16,3.005610169291458,False,False,False,0.4,1394.0978258559608,1.2000000000000002,16.0,1399.304236164613,0.2141648855093069,2,False,False,False,False,17.77666158081047,1-sector
279091054,16.0,4,0.3,20261436,3,0.9999933921056866,5.67086053264984,32,0.51553277569544,False,True,False,0.2,1368.7323976186933,0.6000000000000001,16.0,1382.1627361894243,0.3175986194315667,4,False,False,False,False,49.60605741970858,2-sector
469939625,16.0,2,0.0,20261417,2,0.9108094236697196,14.138706988850116,82,0.6111271542879279,False,False,False,0.8,1379.2731192571844,2.4000000000000004,16.0,1369.9789637361034,0.1256556568010799,2,False,False,False,False,24.903958197716747,1-sector
150359212,16.0,2,0.3,20261418,5,0.9683915688992094,67.82828327457082,402,1.2318252426006469,False,True,False,0.1,1400.0386267596543,0.3,16.0,1336.0489243873365,0.1375617946923891,5,False,False,False,False,78.41864062657578,2-sector
3836364,16.0,4,0.0,20261441,2,0.9149755038565208,15.987336572956336,91,2.60710857514842,False,False,False,0.1,1387.7013393327754,0.3,16.0,1403.6994145035453,0.1240122328803753,2,False,False,False,False,17.774802758287933,1-sector
100123131,16.0,4,0.3,20261433,3,0.9887978086499076,31.633485041185395,186,16.28829113325405,False,False,False,0.1,1378.5160399859892,0.3,16.0,1362.5855729981772,0.1090571770818875,4,False,False,False,False,49.604306371534676,2-sector
160113035,16.0,4,0.6,20261434,2,0.9872593397661596,15.96934287443787,92,1.1448267896768929,False,True,False,0.2,1378.207341558381,0.6000000000000001,16.0,1362.2200057949194,0.2033570852058643,2,False,False,False,False,24.904083196107422,1-sector
389527466,16.0,4,0.6,20261443,3,0.9739091784210768,17.984392834360506,104,1.9786290511196296,False,True,False,0.2,1346.5272413161763,0.6000000000000001,16.0,1346.5740366389985,0.2940362045735337,2,False,False,False,False,25.28288650492823,1-sector
199729914,16.0,2,0.6,20261425,4,0.9885314659810884,47.9999772387082,283,16.35254812821586,False,True,False,0.1,1388.3315101027436,0.3,16.0,1388.3467109357437,0.1038846150212772,4,False,False,False,False,49.60415174381478,2-sector
150274632,16.0,2,0.0,20261426,5,0.8905348665713303,47.76141309756463,283,3.0067401225486643,False,False,False,0.05,1396.7191744000943,0.15,16.0,1396.0330331678797,0.6327177677444616,5,False,False,False,False,78.4185033355493,2-sector
248955543,16.0,4,0.6,20261437,2,1.0,1.7069738481484364,8,1.7069738481484364,False,True,False,0.05,1390.6679039200155,0.15,16.0,1390.659798417829,0.0832592263790114,2,False,False,False,False,17.77658540700577,1-sector
100101948,16.0,4,0.0,20261438,3,0.9932468834680817,31.995883851632243,189,0.7448401477116934,False,True,False,0.2,1396.9298747721498,0.6000000000000001,16.0,1364.9610268839328,0.216307855219055,4,False,False,False,False,49.60427103086977,2-sector
251828912,16.0,4,0.0,20261429,2,1.0,0.6680585110827906,2,0.6680585110827906,False,True,False,0.1,1370.817245058833,0.3,16.0,1370.796580472905,0.173871881498018,2,False,False,False,False,24.904381417703007,1-sector
150104808,16.0,4,0.3,20261430,8,0.7845560308783261,56.879353828410785,337,1.2071847129946631,False,True,False,0.05,1366.3649843119636,0.15,16.0,1385.8439643636536,0.3995439751031822,5,False,False,False,False,78.4169142712758,2-sector
40182390,16.0,4,0.3,20261439,3,0.9403579223666704,16.017809570318605,91,0.5902866612650357,False,True,False,0.2,1404.5288624125203,0.6000000000000001,16.0,1388.5481376927926,0.198662759452923,2,False,False,False,False,17.774734104913023,1-sector
161174069,16.0,4,0.6,20261440,4,0.9594493546932036,15.99305230903633,93,1.0714185267229348,False,True,False,0.1,1335.8309053023472,0.3,16.0,1335.843234422692,0.1936017773065595,2,False,False,False,False,25.379309548749916,1-sector
80342205,16.0,4,0.0,20261456,2,0.9893953460059464,16.025065499190532,93,0.6981503556269725,False,True,False,0.1,1358.5582284784823,0.3,16.0,1358.58054952939,0.1534999088224281,2,False,False,False,False,24.904225256793325,1-sector
20923934,16.0,4,0.3,20261445,4,0.9459870557973374,16.016320176193403,91,7.500068872532367,False,False,False,0.1,1404.277130377951,0.3,16.0,1388.2584509549572,0.1441663605724236,2,False,False,False,False,17.7746171843487,1-sector
218968119,16.0,4,0.6,20261446,2,0.9896465189854085,16.031703768392617,93,1.1488838105436436,False,False,False,0.1,1360.8453792645296,0.3,16.0,1376.854731128119,0.1384243627647961,2,False,False,False,False,24.903826349448536,1-sector
231009108,16.0,4,0.3,20261457,2,0.989597875892452,16.03057766207371,93,0.5351723279681783,False,True,False,0.05,1357.948515435263,0.15,16.0,1357.9740405092302,0.169528671492266,2,False,False,False,False,24.90416135153373,1-sector
169266000,16.0,4,0.6,20261458,2,0.98845681988438,15.999861916991447,93,0.8019342287246849,False,True,False,0.1,1361.886824749638,0.3,16.0,1377.8922574131109,0.1366613275213309,2,False,False,False,False,24.90401934975398,1-sector
325338671,16.0,8,0.6,20261464,2,0.0,0.3000000000001819,0,,False,False,False,0.2,1341.1474599306157,0.6000000000000001,16.0,1341.1676438777613,0.1998379367084027,2,False,False,False,False,25.37735189520231,1-sector
369219815,16.0,8,0.0,20261459,2,1.0,11.096949711233949,64,3.698983237077982,False,True,False,0.2,1337.898371910039,0.6000000000000001,16.0,1337.9045736377805,0.2957089991695257,2,False,False,False,False,25.282901305040923,1-sector
370233036,16.0,8,0.3,20261460,4,0.9666253655403276,16.00532216865031,93,0.55328171363087,False,True,False,0.2,1332.114066999454,0.6000000000000001,16.0,1348.0946160827548,0.2144626039043562,2,False,False,False,False,25.37882668733164,1-sector
115043101,16.0,8,0.6,20261461,3,0.9845091713253826,15.99409271428908,93,0.8024407291267264,False,True,False,0.2,1351.521568355444,0.6000000000000001,16.0,1335.5314024602208,0.2157194123913517,2,False,False,False,False,25.284323774071026,1-sector
327939708,16.0,8,0.0,20261462,2,0.9888272924051112,16.009947557559826,93,0.5529753064859164,False,True,False,0.2,1375.949958166262,0.6000000000000001,16.0,1359.9638733435074,0.2331243548271335,2,False,False,False,False,24.904509046148632,1-sector
150270977,16.0,4,0.6,20261449,4,0.9960237836454564,16.050015339311585,94,2.6750025565519313,False,True,False,0.4,1374.4260491701357,1.2000000000000002,16.0,1390.4164504379296,0.3488629625653313,5,False,False,False,False,78.41673355123294,2-sector
11645778,16.0,4,0.0,20261450,3,0.9372256685721684,16.04853757311207,91,3.8774478742914393,False,False,False,0.2,1404.1575231381937,0.6000000000000001,16.0,1388.1498167377315,0.2906607964645984,2,False,False,False,False,17.776304215574783,1-sector
161376469,16.0,4,0.0,20261447,3,0.9836016203709036,19.714101165045804,114,1.2371498323412122,False,True,False,0.1,1332.4279413472843,0.3,16.0,1332.4538420765807,0.1485942397640639,2,False,False,False,False,24.615510603410712,1-sector
150390619,16.0,4,0.3,20261448,4,0.9900803597207316,63.76122647575812,378,10.699005506491812,False,True,False,0.2,1369.6356581328516,0.6000000000000001,16.0,1401.6080579238912,0.4313309815279232,5,False,False,False,False,78.41678699331624,2-sector
401986029,16.0,8,0.0,20261468,2,0.9868680150697636,15.959492343847842,92,0.6397011227369604,False,True,False,0.2,1359.9407391026327,0.6000000000000001,16.0,1359.918854409573,0.2029071427497823,2,False,False,False,False,24.90380852765975,1-sector
355508749,16.0,8,0.6,20261473,2,0.9883509615328684,15.99714150564796,93,1.2351701350911466,False,True,False,0.2,1361.785246324893,0.6000000000000001,16.0,1377.77076949369,0.193990992222709,2,False,False,False,False,24.904085913473864,1-sector
231912935,16.0,8,0.0,20261465,4,0.9640140354828672,33.64178273665766,199,0.6125682848450197,False,True,False,0.2,1336.180708273429,0.6000000000000001,16.0,1336.1822162346673,0.196533294622699,4,False,False,False,False,53.716402562472695,2-sector
139844443,16.0,8,0.3,20261466,2,0.9745862704662132,16.006691816846114,93,0.5944237104806255,False,True,False,0.1,1351.0571254324122,0.3,16.0,1351.0449881334002,0.212993121579774,2,False,False,False,False,25.37889233486294,1-sector
98678529,16.0,8,0.6,20261479,3,0.9088380568893356,16.308052702180703,93,3.9123898357899662,False,True,False,0.4,1403.759112039631,1.2000000000000002,16.0,1403.6717014758249,0.5522316517201963,2,False,False,False,False,17.774672791756984,1-sector
410253041,16.0,8,0.0,20261480,2,0.9737842046786654,15.991363044704483,93,1.0040440657521756,False,True,False,0.1,1349.5881380916078,0.3,16.0,1349.5975160387927,0.1718093676424262,2,False,False,False,False,25.377340962173776,1-sector
207174734,16.0,8,0.3,20261475,2,1.0,16.015481311716712,94,16.015481311716712,True,True,True,0.2,1379.7757204302716,0.6000000000000001,16.0,1379.7729299199673,0.1766371701836196,4,False,False,False,False,49.604525894859535,2-sector
66410290,16.0,8,0.6,20261476,2,0.9890340890534848,16.01548356390549,93,0.5942044402326975,False,True,False,0.2,1377.3822401888865,0.6000000000000001,16.0,1361.396609443819,0.2452553468290035,2,False,False,False,False,24.90452726980311,1-sector
278990983,16.0,8,0.0,20261471,2,1.0,6.011195675787349,34,3.0055978378936743,False,False,False,0.4,1399.6189002870428,1.2000000000000002,16.0,1367.63494445401,0.5735014153789945,4,False,False,False,False,49.60616389199777,2-sector
219334689,16.0,8,0.3,20261472,11,0.7295948652075059,49.17742808041703,290,8.240885600707387,False,False,False,0.1,1332.1912437112735,0.3,16.0,1348.1758257199504,0.1194235155530307,4,False,False,False,False,49.989936651389144,2-sector
149993861,16.0,8,0.3,20261469,7,0.8923824870749472,63.980901495958506,379,16.13595348602579,True,False,False,0.1,1397.9735359925178,0.3,16.0,1333.9738439922885,0.162654452562949,5,False,False,False,False,78.41848747226913,2-sector
219317391,16.0,8,0.6,20261470,3,0.9542800531447022,3.4082823916521647,18,3.4082823916521647,False,True,False,0.1,1336.332288489697,0.3,16.0,1336.3417668622462,0.1522664421818643,2,False,False,False,False,25.377342057641954,1-sector
197978738,16.0,8,0.6,20261485,3,0.9737495167602628,16.24699844319207,94,8.344522019774653,False,False,False,0.1,1347.25684037556,0.3,16.0,1331.2747901700209,0.2330163370116025,2,False,False,False,False,25.378817352685473,1-sector
92497469,16.0,8,0.0,20261486,4,0.9769813825523016,16.013680482755035,93,0.5944497107344958,False,True,False,0.1,1330.5110700374416,0.3,16.0,1330.5039138232808,0.1560283366786806,2,False,False,False,False,25.178813652026975,1-sector
41898474,16.0,8,0.0,20261477,4,0.9971606683523488,10.83498722084414,63,3.611662406948047,False,False,False,0.05,1359.3383260503708,0.15,16.0,1397.1781428548452,0.506633767095838,4,True,False,False,False,49.604301162181855,2-sector
24696180,16.0,8,0.3,20261478,7,0.8740219886754059,47.96911991392858,283,1.988823211610786,False,False,False,0.2,1331.3090540750482,0.6000000000000001,16.0,1379.3147305984933,0.2876384907941839,4,False,False,False,False,53.716366959894685,2-sector
270481071,16.0,12,0.3,20261490,2,0.0,0.3000000000001819,0,,False,False,False,0.2,1366.891019584367,0.6000000000000001,16.0,1366.907013122277,0.2300383678083263,2,False,False,False,False,24.90420986296249,1-sector
279318109,16.0,8,0.3,20261481,12,0.6398548110039912,72.37143581884402,429,0.6176136769122246,False,False,False,0.2,1350.798771022491,0.6000000000000001,16.0,1398.8069117763373,0.1972871665157953,5,False,False,False,False,78.41738968043933,2-sector
421937394,16.0,8,0.6,20261482,3,0.9993122428713728,21.31769510682102,123,5.311642235565942,True,True,True,0.05,1344.266406432616,0.15,16.0,1344.2696011590876,0.1553039840126884,2,False,False,False,False,25.377343164984495,1-sector
164768954,16.0,12,0.3,20261499,2,0.9999711034481968,8.909760657262723,51,0.5240289755057468,False,True,False,0.2,1402.9077391253284,0.6000000000000001,16.0,1402.8937175830345,0.2046467705113746,2,False,False,False,False,17.776504766578,1-sector
12787544,16.0,8,0.3,20261487,3,0.9897568408719944,16.02876470856131,93,3.2355197256414385,False,False,False,0.2,1379.173233617536,0.6000000000000001,16.0,1363.1539923380603,0.1752260107263515,2,False,False,False,False,24.902275643343728,1-sector
231840839,16.0,8,0.6,20261488,3,0.9987367014588442,20.62077763464663,121,20.62077763464663,False,False,False,0.1,1369.5106366300286,0.3,16.0,1337.5247620116177,0.2152248336942659,4,False,False,False,False,52.28060838118313,2-sector
293525326,16.0,12,0.6,20261491,3,0.9804780083812308,15.988701667176429,93,0.8447679579325399,False,True,False,0.1,1345.9233631764805,0.3,16.0,1329.9255503247796,0.159416749762895,2,False,False,False,False,25.37745824106446,1-sector
144434171,16.0,12,0.0,20261492,4,0.964681186288712,21.92750403793684,127,5.3556131958144135,True,True,True,0.2,1358.2084309740037,0.6000000000000001,16.0,1358.1954562223025,0.1972649248533556,2,False,False,False,False,24.90389521795896,1-sector
317088106,16.0,12,0.3,20261493,4,0.8321361178432553,16.02327046959499,93,8.304485873929147,False,True,False,0.4,1332.414853983454,1.2000000000000002,16.0,1332.471081010567,0.2656073864994442,2,False,False,False,False,25.37726736533864,1-sector
219334470,16.0,12,0.6,20261494,3,0.96063192009165,16.011218514312077,93,8.30278853360076,False,False,False,0.1,1334.496788277777,0.3,16.0,1350.483076966886,0.1692588717119982,2,False,False,False,False,25.379425266278304,1-sector
267090033,16.0,12,0.0,20261495,4,0.9362464003186868,19.69986013546577,114,4.0320739529907135,False,False,False,0.1,1344.820467810782,0.3,16.0,1328.817006677119,0.1861165205332993,2,False,False,False,False,25.378976301742114,1-sector
155986202,16.0,12,0.3,20261496,2,0.989446049969861,16.026320152514472,93,3.2352134409136593,False,True,False,0.2,1374.634265509352,0.6000000000000001,16.0,1374.636638592313,0.2247972461666577,2,False,False,False,False,24.90402224034642,1-sector
375059160,16.0,12,0.3,20261502,6,0.8319122097182616,15.836087637253286,93,0.6334435054901315,False,False,False,0.05,1332.8049144787865,0.15,16.0,1380.8126884424082,0.1332560349323804,5,False,False,False,False,78.41685560613496,2-sector
308209064,16.0,12,0.6,20261503,2,0.9885118140612834,16.001557038681085,93,0.5724716033658258,False,True,False,0.4,1375.740843873308,1.2000000000000002,16.0,1359.763219320379,0.4167223012314004,2,False,False,False,False,24.904415701549624,1-sector
231704229,16.0,12,0.0,20261504,3,0.9467258705169964,19.523560171275903,113,0.5939287652752138,False,True,False,0.1,1328.9237193972451,0.3,16.0,1344.9405443372682,0.1563978473907467,2,False,False,False,False,25.3790830771768,1-sector
114918596,16.0,12,0.0,20261507,6,0.8346984631737225,16.019187240581687,93,4.071551234051761,False,True,False,0.1,1330.7108679326848,0.3,16.0,1330.7188539223696,0.169935552808562,2,False,False,False,False,25.271799287153044,1-sector
268765642,16.0,12,0.3,20261508,2,1.0,5.190385853878752,29,2.5951929269393763,False,True,False,0.2,1388.9088306991496,0.6000000000000001,16.0,1388.943502851065,0.2720831756480085,2,False,False,False,False,17.77666158081047,1-sector
220482148,16.0,12,0.3,20261511,2,0.973181723976561,15.981883658830611,93,0.5722916927976934,False,True,False,0.05,1350.9858832224793,0.15,16.0,1350.9978110405796,0.2323158186692206,2,False,False,False,False,25.379179949625723,1-sector
150188659,16.0,12,0.6,20261512,2,0.9736873835437002,15.991745547559958,93,0.7641747311705228,False,True,False,0.2,1351.2022045316055,0.6000000000000001,16.0,1351.222034892493,0.2785321121309922,2,False,False,False,False,25.38067398253179,1-sector
469939625,16.0,12,0.6,20261497,3,0.9228066663523588,18.527577621010323,107,1.2225720960252735,False,True,False,0.1,1376.8273271124203,0.3,16.0,1376.8320013499945,0.1284163246461655,2,False,False,False,False,24.903958197716747,1-sector
150359212,16.0,12,0.0,20261498,8,0.8773734538347604,71.73110976006706,425,1.4590533546917592,False,False,False,0.1,1371.9244539230572,0.3,16.0,1339.9180576676629,0.1625685343278135,5,False,False,False,False,78.41864062657578,2-sector
100123131,16.0,12,0.0,20261513,4,0.9571228352728924,32.01666916971408,189,4.601716455567446,False,True,False,0.1,1367.042302909815,0.3,16.0,1367.039330454298,0.132555483881853,4,False,False,False,False,49.604306371534676,2-sector
279091054,16.0,12,0.0,20261516,4,0.962427267533508,35.93508030965427,212,1.879893734954476,False,True,False,0.2,1366.9851668602637,0.6000000000000001,16.0,1398.9582627976667,0.3434566085396197,4,False,False,False,False,49.60605741970858,2-sector
251828912,16.0,12,0.6,20261509,2,0.9877052084748064,15.98073894486788,93,2.010147160780805,False,False,False,0.1,1373.981138873724,0.3,16.0,1357.9863916990555,0.1608702448373911,2,False,False,False,False,24.904381417703007,1-sector
150104808,16.0,12,0.0,20261510,10,0.8248769217878603,67.23630517913762,399,0.7999734080066071,False,True,False,0.05,1366.3649843119636,0.15,16.0,1377.503052000351,0.4321262035977284,5,True,False,False,False,78.4169142712758,2-sector
199729914,16.0,12,0.3,20261505,3,0.9939053824483411,32.001482322941456,189,16.352808823196277,False,False,False,0.1,1377.3829320087589,0.3,16.0,1393.3799374943892,0.1446000774179696,4,False,False,False,False,49.60415174381478,2-sector
150274632,16.0,12,0.6,20261506,8,0.8615771817471479,63.9545204492556,379,3.203421507129106,False,False,False,0.05,1396.7191744000943,0.15,16.0,1333.4947309773152,0.5296460654696308,5,True,False,False,False,78.4185033355493,2-sector
248955543,16.0,12,0.3,20261517,3,0.992564239065885,4.852854282268936,27,2.4264271411344676,False,True,False,0.05,1397.227732050433,0.15,16.0,1397.2168246558576,0.1170268088177153,2,False,False,False,False,17.77658540700577,1-sector
100101948,16.0,12,0.6,20261518,4,0.9248024446684892,37.29578837972781,220,5.454940297446764,False,False,False,0.2,1370.1451885455774,0.6000000000000001,16.0,1386.133399175942,0.1936761010729451,4,False,False,False,False,49.60427103086977,2-sector
