tic,k,obs_R,obs_span,obs_nfreq,n_cadences,baseline,Lb
101017638,12,0.6768773030413139,16.07526870857646,92,11216,17.778064471570815,0.6000000000000001
101058021,8,0.6768521818429789,15.298879624193432,87,11222,17.778078185994218,0.6000000000000001
101070347,14,0.49147217502301066,15.041916659103208,86,11752,17.778079592058475,0.6000000000000001
101099031,4,0.9195059550318219,5.9751181971014375,33,11752,17.778101090708788,0.6000000000000001
101100320,7,0.8846101375696442,14.811372251383318,84,11752,17.7780854214393,0.6000000000000001
101101390,14,0.51711158540584,15.301671052817028,87,11365,17.778114959498907,0.6000000000000001
101126095,10,0.6598549315757009,15.216956057866128,87,11750,17.776727157559435,0.6000000000000001
101139085,9,0.7865168076990889,11.546031475213113,66,11752,17.77810026322868,0.6000000000000001
100975203,9,0.6909096156124621,16.541888556221465,94,11750,17.778021537367295,0.6000000000000001
100990409,5,0.7709909296251236,11.107107640090362,63,11256,17.77805352736641,0.6000000000000001
101014057,12,0.5669634270133618,15.826642572400033,90,11209,17.778051104763563,0.6000000000000001
101017159,12,0.5127945671787718,14.584927822091458,83,11152,17.77801237711128,0.6000000000000001
101944261,11,0.6283358178997818,21.819654346958487,126,16542,24.90437491846842,0.6000000000000001
101948395,12,0.5290375674145482,18.344572878682357,106,16543,24.90437737878983,0.6000000000000001
101948780,15,0.47428076648896034,23.91404201780483,138,16543,24.90432503170905,0.6000000000000001
101949364,19,0.4669908820500219,23.552876997259773,136,16544,24.90428452918877,0.6000000000000001
101930558,16,0.44173840260103725,18.88342207975029,109,16542,24.904318413265173,0.6000000000000001
101932572,15,0.5256082442439971,22.007039987038297,127,16545,24.90430801923958,0.6000000000000001
101932654,19,0.42998870355827057,22.2154242789577,128,16545,24.904319499652956,0.6000000000000001
101933280,10,0.6880078489006378,21.66265894809817,125,16544,24.90434705003736,0.6000000000000001
10802452,2,1.0,3.4083588707237595,18,11136,17.775046821147498,0.6000000000000001
10819194,7,0.6917943116576595,12.859788357912748,73,11212,17.77507670775458,0.6000000000000001
10838083,9,0.615854219146979,16.811209957776327,96,11152,17.776487552942854,0.6000000000000001
100107681,34,0.43799633232752244,47.75706100362845,281,27619,49.60429849883212,0.6000000000000001
100123131,33,0.32861094149241254,46.13340483040838,272,27491,49.604306371534676,0.6000000000000001
100123854,8,0.6283351900569243,14.448445532271307,82,11040,17.77479447021551,0.6000000000000001
100921427,13,0.6571441742328262,15.790499559938553,90,11181,17.778016339190344,0.6000000000000001
100029948,28,0.9967491873524947,48.605686309292196,286,27523,49.60428192617974,0.6000000000000001
100067280,27,0.47055397624307005,46.26259862664074,272,27619,49.604315725505785,0.6000000000000001
100100827,48,0.7256244393179795,48.49729525158273,286,27619,49.60423701361424,0.6000000000000001
100100829,35,0.5497291993457553,38.60860876022184,227,27529,49.60423528880483,0.6000000000000001
111244232,11,0.45777082242436307,15.086094860844241,86,11031,17.77634016369484,0.6000000000000001
111245072,13,0.6101443441167952,16.791594045091415,96,8933,17.776306554125767,0.6000000000000001
111267568,3,0.9918190008946336,7.968026697099958,45,11072,17.774912859475535,0.6000000000000001
111269697,6,0.7873601322880631,16.737449742389572,95,10867,17.77493620749965,0.6000000000000001
101949836,11,0.712449602888999,24.39324425461632,141,16543,24.904353335067754,0.6000000000000001
101963736,12,0.5955594814600425,21.70150756661883,125,16545,24.904315792057787,0.6000000000000001
101992165,17,0.560326256177954,23.327879588860014,135,16544,24.904278116334353,0.6000000000000001
102029678,18,0.38185391770943,23.28627229312906,135,16542,24.904326220076655,0.6000000000000001
100101948,34,0.42421207823608365,47.661225928093245,281,27533,49.60427103086977,0.6000000000000001
100102303,32,0.33157192771227306,47.841879807372834,282,27492,49.604358489975766,0.6000000000000001
100103683,26,0.3678020154460627,47.11529696259868,277,27528,49.60415549005984,0.6000000000000001
100106368,28,0.4572651982692244,48.30987660314781,285,27555,49.60429635050377,0.6000000000000001
114750450,18,0.4613660800400683,21.572452271402653,125,16545,24.904458671841894,0.6000000000000001
114750474,11,0.8625154679670021,21.265526474204307,123,16545,24.904454887412612,0.6000000000000001
114818487,4,0.9289298891713825,10.502992155762968,61,16543,24.90450372736541,0.6000000000000001
114818789,10,0.6396427818566596,16.8418696286667,97,16546,24.90453860586149,0.6000000000000001
114949823,11,0.5957877161914465,23.434350652697503,136,16413,25.284325343349565,0.6000000000000001
114950121,3,0.3437500067933488,0.7097010770100951,2,16419,25.281553930876726,0.6000000000000001
114952667,3,0.999980840703553,16.86507233324187,98,16421,25.28290799612796,0.6000000000000001
114953091,11,0.6991246816777953,22.71908905298983,131,16422,25.282900444964525,0.6000000000000001
114858562,11,0.5477234251666663,22.183634533461372,128,16544,24.90453915953276,0.6000000000000001
114859570,17,0.4622799432544735,24.26840169188017,140,16545,24.904522470697884,0.6000000000000001
114918596,13,0.5238735350425704,21.609323085689994,125,16410,25.271799287153044,0.6000000000000001
114948814,17,0.4608785735143901,23.682937099013998,137,16417,25.28430550431608,0.6000000000000001
102049230,14,0.6158303927029969,19.45713451983397,113,16545,24.904385830775027,0.6000000000000001
102063797,29,0.3695755133834646,47.524857123732545,280,27616,49.604040059611634,0.6000000000000001
102070608,28,0.4356130936773147,43.9165859695986,259,27618,49.60398561123429,0.6000000000000001
102086414,25,0.38631092739577344,45.53592466149644,268,27616,49.60397352336577,0.6000000000000001
114990385,10,0.8118539653711918,24.05933642140917,139,16421,25.284326726363588,0.6000000000000001
115012786,13,0.6863724865051872,23.6565407142416,137,16422,25.284304696859408,0.6000000000000001
115043101,11,0.7030843944232775,19.305183706904018,112,16420,25.284323774071026,0.6000000000000001
115273603,14,0.5054160822368086,15.937351375620437,91,11072,17.77622988997973,0.6000000000000001
115273621,6,0.761322069747814,12.97213932812133,74,11032,17.77622826482184,0.6000000000000001
115276107,4,0.8920052153193495,9.240159010858633,53,10872,17.77620430002935,0.6000000000000001
115276582,12,0.5735329554259048,14.81656673819839,84,11074,17.776238152207952,0.6000000000000001
11528214,10,0.6974918329655724,15.79293874739983,90,11201,17.77622963991962,0.6000000000000001
115284339,10,0.6035484527149227,12.497127157563227,71,10899,17.77621249706499,0.6000000000000001
115320495,10,0.7296390598372993,15.749873183862064,90,10955,17.776251866864186,0.6000000000000001
115321756,8,0.7262403430933276,13.676339567706918,78,11073,17.7762923058217,0.6000000000000001
115114717,9,0.66407417498201,15.641423897856384,91,16420,25.28436063581853,0.6000000000000001
115115136,12,0.8756999601419702,23.75380065346235,137,16414,25.278795637479107,0.6000000000000001
115150962,13,0.5813163947337865,22.955266274401538,133,16419,25.284378540960688,0.6000000000000001
11518255,8,0.8027799326018998,11.649914281008932,66,11226,17.776216904549074,0.6000000000000001
115350058,12,0.564605041818642,16.37347423613869,93,8921,17.776238309601467,0.6000000000000001
11545988,11,0.5113916307990486,15.28738927813447,87,11046,17.776228972161334,0.6000000000000001
11557550,13,0.45710997334370806,16.915141830287666,96,11041,17.776241318704706,0.6000000000000001
115692561,11,0.6317339595238686,22.23345970455125,129,16544,24.90433725438652,0.6000000000000001
11645778,10,0.5839325018851644,16.333262942487863,93,11225,17.776304215574783,0.6000000000000001
11646650,9,0.744258041363141,14.230461801284264,81,11075,17.776239480273944,0.6000000000000001
11649564,8,0.7118767020357087,16.917981190326827,96,11225,17.774927874025252,0.6000000000000001
11649619,14,0.607622931991591,16.158266971360945,92,11225,17.776326669296395,0.6000000000000001
115693639,13,0.5633781092208218,23.58488599922248,136,16545,24.904334066469346,0.6000000000000001
11615061,12,0.6036077135583271,16.70544327241805,95,11191,17.776262808973115,0.6000000000000001
11637281,11,0.5963465297832161,16.180427264039963,92,11012,17.776258867150318,0.6000000000000001
116417661,22,0.9240550988711803,23.91408331241837,138,16544,24.904363882761572,0.6000000000000001
11649757,3,0.999867834783756,7.090272819275015,40,11226,17.7763147199621,0.6000000000000001
11651884,12,0.5855025698718623,15.909658658386206,91,11022,17.776303106835257,0.6000000000000001
11652908,14,0.4332088365148127,14.91935330186243,85,11008,17.77629374611206,0.6000000000000001
117549467,3,0.9811060585453079,5.784838358610841,32,16545,24.905997937577013,0.6000000000000001
121423680,15,0.4780802045532557,22.695995796902025,131,16489,25.379375536213956,0.6000000000000001
122522271,13,0.5951660446359336,16.982156465254548,97,10890,17.776601954978105,0.6000000000000001
12377867,12,0.828300514725702,23.06536941740933,133,16546,24.904293019358192,0.6000000000000001
117643471,13,0.5612661985659841,21.726513051610482,126,16544,24.904353019815062,0.6000000000000001
117875969,11,0.5862868807758391,23.469611338294044,136,16542,24.90436117587251,0.6000000000000001
118327550,22,0.39266529039033615,23.891912435114364,139,17579,26.90445215203681,0.6000000000000001
118826478,16,0.5544299396026167,19.84321047583512,115,16541,24.904418374911074,0.6000000000000001
120414503,13,0.7103133341767485,22.090169698197997,128,16543,24.90403488654283,0.6000000000000001
120414543,15,0.4784247620389762,21.462436552447116,124,16545,24.904039912425105,0.6000000000000001
120430207,22,0.4312048589346047,24.348544160418896,141,16485,24.90409278127936,0.6000000000000001
120461208,17,0.4778715869299437,23.490288385928352,136,16542,24.904174412634347,0.6000000000000001
120461410,15,0.49591042351472536,22.534696808239005,130,16545,24.904164088923608,0.6000000000000001
120488121,16,0.46841013978962875,23.140240926100432,134,16543,24.90414446176601,0.6000000000000001
120505367,4,0.8915977519597341,11.89301342429485,69,16544,24.90418742553902,0.6000000000000001
120565939,17,0.54034201599919,24.695889257795216,143,16545,24.904223430469756,0.6000000000000001
120584779,20,0.3926912268113085,22.711173403377643,131,16545,24.904258789062624,0.6000000000000001
120608824,13,0.6867681580213372,19.019522960134964,110,16544,24.904282971318935,0.6000000000000001
120610833,19,0.5201233067723521,22.9612136247365,133,16544,24.904293006319676,0.6000000000000001
121420805,15,0.9455242274644925,22.332126413286232,129,16491,25.379368453505776,0.6000000000000001
12393723,17,0.9342107924229334,24.036258782965888,139,16546,24.904311856754248,0.6000000000000001
12393811,2,1.0,2.90552619443406,15,16546,24.9043036429548,0.6000000000000001
12393831,14,0.6247964987334544,22.483423142090714,130,16546,24.90430055655179,0.6000000000000001
12418307,13,0.635023670185337,23.136241737523505,134,16546,24.904323828440283,0.6000000000000001
12434574,8,0.9400280221566042,20.246079681160836,117,16543,24.904398452058558,0.6000000000000001
12470520,19,0.4664464051273095,24.1432817491484,140,16546,24.904408202074592,0.6000000000000001
12509612,14,0.5950601172136594,21.462736870756544,124,16546,24.90443064275769,0.6000000000000001
12773534,10,0.6224832206907186,22.5828768915992,131,16544,24.903673971571152,0.6000000000000001
12784674,7,0.7101950417642223,21.50514902325949,124,16545,24.903668083749835,0.6000000000000001
12787544,11,0.7033571095353616,23.75228165404178,137,16545,24.902275643343728,0.6000000000000001
12862099,11,0.7499179415236178,16.130204617564686,92,11186,17.77459345145553,0.6000000000000001
13099134,15,0.5130020132323667,24.14005453638765,140,16546,24.90394367187855,0.6000000000000001
136842674,11,0.5417989180712898,15.575111914156196,89,11212,17.776535754008364,0.6000000000000001
136845966,11,0.716469127105738,16.666342479057676,95,11074,17.774649772256907,0.6000000000000001
138711927,16,0.5123410645017114,22.84753460566276,132,16544,24.904482282731806,0.6000000000000001
139122986,12,0.6202011543950147,22.218320001563825,129,16491,25.379447766333215,0.6000000000000001
139453344,13,0.49691021189426865,18.489011676100517,107,16488,25.37924990405827,0.6000000000000001
139700604,3,0.9490062028376541,15.338673606737075,89,16487,25.37880205384954,0.6000000000000001
139700906,16,0.6334614654668196,24.728828184619715,143,16482,25.37881341971024,0.6000000000000001
139763851,9,0.7931528927763347,23.456656272934197,136,16486,25.378831288065157,0.6000000000000001
139825582,7,0.6477336638708243,12.195740093810855,71,16489,25.37888064723029,0.6000000000000001
139844443,16,0.538715818759225,24.156679824082858,140,16491,25.37889233486294,0.6000000000000001
139987152,13,0.5396209053623963,21.07760974952953,122,16489,25.378923202618353,0.6000000000000001
140494505,7,0.8763892338740799,13.234622966143661,75,11132,17.77620217707954,0.6000000000000001
143923307,13,0.5883700973817558,24.611019729823056,142,16490,25.379062629989676,0.6000000000000001
143923380,15,0.5989503296710036,24.91657168509073,144,16491,25.379065327565513,0.6000000000000001
143952604,3,0.999980977896528,10.848633417811925,63,16488,25.37909180227234,0.6000000000000001
144000467,8,0.8711997062837932,23.06938891543632,133,16484,25.3777243539173,0.6000000000000001
144065872,17,0.7950585995134657,21.833402875367256,126,16490,25.379258192829184,0.6000000000000001
144068927,12,0.6263604808419855,21.31815292917281,123,16491,25.379251299645148,0.6000000000000001
144102161,14,0.48638552121144607,17.315602708816414,99,11248,17.778110502887557,0.6000000000000001
144102233,11,0.5747854096038958,16.68504155213509,95,11262,17.778116115037392,0.6000000000000001
144103775,4,0.7353005420811479,2.6069920718882713,13,11453,17.778107325913425,0.6000000000000001
144284767,9,0.6873374699234333,22.109399077869057,128,16542,24.903825075399254,0.6000000000000001
144308900,19,0.4800034726078082,23.302453223825523,135,16298,24.553830522104818,0.6000000000000001
144313331,8,0.581087902336073,22.340013045510204,129,16545,24.903866216573988,0.6000000000000001
144331448,11,0.7029165985671969,23.192737514314103,134,16543,24.903845679979895,0.6000000000000001
144331556,5,0.9502822317025443,19.00527665099753,110,16545,24.90383717421082,0.6000000000000001
144335923,12,0.5704331362689568,19.23723376981161,111,16545,24.90388401787368,0.6000000000000001
144378625,14,0.5559619785919002,23.01221692558329,133,16545,24.903877531211947,0.6000000000000001
144385668,10,0.5848497444885891,19.689996810808225,114,16545,24.903876268338536,0.6000000000000001
144386555,15,0.5010172027408898,24.370546962063145,141,16543,24.903874302782242,0.6000000000000001
144387241,16,0.466031268994205,22.78867290808944,132,16542,24.90394175102574,0.6000000000000001
144387364,12,0.6209037953328022,18.267900252323898,106,16545,24.90394247466338,0.6000000000000001
144435085,10,0.6093397359390241,22.299847142363205,129,16545,24.903983019791667,0.6000000000000001
144440091,17,0.5012235603643881,23.3650666440858,135,16545,24.90395968597022,0.6000000000000001
144446304,10,0.6588009232672436,23.913657480436996,138,16545,24.903929879922543,0.6000000000000001
144458200,12,0.6318834867944105,24.25424275197861,140,16491,25.379230625680975,0.6000000000000001
144403828,14,0.5171498231700155,21.034488814808128,122,16544,24.903946306590115,0.6000000000000001
144406842,11,0.6796040491202032,21.445561550661523,124,16545,24.903888244215523,0.6000000000000001
144432683,15,0.5297022178250888,24.44563793663019,141,16545,24.90397156173003,0.6000000000000001
144434171,17,0.46392464279609524,24.169174812569054,140,16545,24.90389521795896,0.6000000000000001
144462697,39,0.8943025073695673,24.66679452192193,143,16489,25.379297325141124,0.6000000000000001
146711335,9,0.6191022388733103,16.376478946059706,93,11134,17.776488094972592,0.6000000000000001
149011533,14,0.5069840134227874,24.645967961880842,142,16544,24.904300475526725,0.6000000000000001
149274422,19,0.48693621262229403,36.37244506218394,214,27705,49.60587468919175,0.6000000000000001
141530700,23,0.4466618342422065,49.992655670263275,295,33036,53.71484420892034,0.6000000000000001
141809729,43,0.38528804157979735,76.17961378470568,452,41224,78.41431063194045,0.6000000000000001
141910606,10,0.7178475492263815,62.40443522670921,370,42070,78.41393416740334,0.6000000000000001
142105308,25,0.41132557564016214,48.220332434041666,284,24845,49.60226578731499,0.6000000000000001
150065244,28,0.47768018914767474,50.39185641187851,297,33040,53.718257845212975,0.6000000000000001
150066811,9,0.7116069360227678,15.406969189651363,88,10862,17.777808009004275,0.6000000000000001
150098542,19,0.5522572216267931,47.223834093796086,279,32976,53.71830425574535,0.6000000000000001
150098860,28,0.3837199621134302,52.04334433567192,307,33037,53.718353585661134,0.6000000000000001
149838741,17,0.4096661607669253,23.013655668292586,133,16546,24.903936051331584,0.6000000000000001
149971277,44,0.34068393019700505,75.73119688621773,449,41838,78.41871780108204,0.6000000000000001
149971537,35,0.38471935853110995,77.62975368398202,460,42063,78.4186489476474,0.6000000000000001
149973044,32,0.43865301754232555,73.77802743532379,438,41960,78.41832587797262,0.6000000000000001
150187916,24,0.9133603167460903,52.47252031785433,311,43837,78.41847170535448,0.6000000000000001
150188659,5,0.9027045067955024,22.798718142356165,132,16493,25.38067398253179,0.6000000000000001
150191881,18,0.4492222806354086,39.007010905831066,230,25522,49.60565125880885,0.6000000000000001
150249622,18,0.626779635799747,76.51708473036751,454,41819,78.41847981927594,0.6000000000000001
150030950,33,0.40266801745705005,77.57406989986202,460,44196,78.41851864367209,0.6000000000000001
150031766,28,0.40132385854387387,52.0126708317423,307,33038,53.71823154333197,0.6000000000000001
150032786,16,0.5568642078620311,44.87364986076659,265,33037,53.71671771287856,0.6000000000000001
150062502,44,0.3797846474951634,73.28100470507297,435,41895,78.41853344005949,0.6000000000000001
150250528,24,0.5489731639637783,76.88076120009055,456,41839,78.41826966051622,0.6000000000000001
150270977,24,0.45635065535450936,75.44451110949353,447,43898,78.41673355123294,0.6000000000000001
150271706,3,0.9277197328986048,16.03619070278978,91,8895,17.777867283820797,0.6000000000000001
150274632,19,0.6017533765258684,71.48928915978513,424,43900,78.4185033355493,0.6000000000000001
149989242,19,0.6372318251337089,75.73802713613782,449,44196,78.4185984863202,0.6000000000000001
149993861,43,0.31756591085930264,72.27678049503561,429,44062,78.41848747226913,0.6000000000000001
150029502,40,0.38431336117896997,77.10898169360348,457,44199,78.41871595476414,0.6000000000000001
150030205,37,0.3770943795671793,77.33398481062295,459,44195,78.41871553249666,0.6000000000000001
150102227,28,0.4020680466086498,74.90713200328128,444,43894,78.41825245090104,0.6000000000000001
150104808,24,0.6003886377887072,74.9669024316895,445,43887,78.4169142712758,0.6000000000000001
150106948,27,0.44661591790440736,51.30316930977142,303,32743,53.296239080332725,0.6000000000000001
150146973,44,0.3167899126181407,77.25040945471483,458,43899,78.4184722318073,0.6000000000000001
152069565,13,0.5341810328789988,23.207265270678363,134,16545,24.904485700219993,0.6000000000000001
152272780,5,0.7848323931199791,16.47365178543646,95,16433,25.31681517660172,0.6000000000000001
152289084,8,0.7629332833698481,14.588775617318106,83,8883,17.776271109851223,0.6000000000000001
152318730,8,0.9066968422167051,11.204151331693538,64,11073,17.774935543932315,0.6000000000000001
152475818,10,0.6550331011846087,16.957277534000013,97,11193,17.77812435095575,0.6000000000000001
152536709,6,0.6871851549653607,14.990559793929151,85,11193,17.778123664221766,0.6000000000000001
152537042,10,0.5276359350494804,15.968361860895811,91,11193,17.77811866034199,0.6000000000000001
154616668,12,0.48564845610199714,19.034318067729373,110,16546,24.903725483022754,0.6000000000000001
150299078,33,0.5862853235217804,74.24338201243268,440,41912,78.41841169537247,0.6000000000000001
150299115,38,0.35093890149531903,64.70582153025612,384,41818,78.41842096390201,0.6000000000000001
150301109,42,0.39292617810206165,77.15740630806454,458,41771,78.41852303856604,0.6000000000000001
150322652,43,0.34547468867678244,77.87004391807318,462,41763,78.41866015413643,0.6000000000000001
154844384,10,0.6938488377516934,18.280178697109022,106,16545,24.902318426905822,0.6000000000000001
154844651,12,0.6114132849996198,18.26364427342787,106,16546,24.903719113242005,0.6000000000000001
155315895,6,0.7675164552806624,19.281578522274685,112,16546,24.903737916644786,0.6000000000000001
155316003,15,0.5276692334108062,19.489904010019472,113,16544,24.90376249797282,0.6000000000000001
155944894,10,0.8258601402224461,20.266488286074946,117,16545,24.90399851699931,0.6000000000000001
155951271,14,0.6013334539981854,23.76098777770676,137,16544,24.90402246712347,0.6000000000000001
155951632,23,0.34446752113746537,23.14712068365543,134,16544,24.90406228325901,0.6000000000000001
150391118,19,0.5117690353642971,46.0363167564999,271,25426,49.6057869031406,0.6000000000000001
150391436,31,0.4696011669362794,77.67530589853845,461,41867,78.41697805815488,0.6000000000000001
150391740,17,0.6869010013220319,24.005591131969595,139,16492,25.379203801902804,0.6000000000000001
150429481,23,0.44680196011108464,47.9099487593237,282,27409,49.605793469736,0.6000000000000001
150359212,36,0.4006796144169553,72.79218291766506,432,43777,78.41864062657578,0.6000000000000001
150360766,25,0.5525266828480487,76.13644560724947,451,43896,78.41839812140415,0.6000000000000001
150390619,26,0.550817860678238,73.50150580955324,436,43891,78.41678699331624,0.6000000000000001
155967977,13,0.5752813569293292,22.96376575695058,133,16544,24.904047598164652,0.6000000000000001
155986202,15,0.5431164829538355,20.685988854216248,120,16543,24.90402224034642,0.6000000000000001
156003626,11,0.5795027032491058,24.388798034886804,141,16545,24.904068461420138,0.6000000000000001
156083493,17,0.4932841522435478,22.73609903693159,131,16545,24.90417207711016,0.6000000000000001
159628098,17,0.5005195548102281,23.809429790630475,138,16398,25.253869794265484,0.6000000000000001
159641248,7,0.8775834596019472,20.797023923656297,120,16415,25.276077807252477,0.6000000000000001
159672838,5,0.8705898695850856,10.47201060192333,60,16291,25.09414687414619,0.6000000000000001
159924919,9,0.6702511234838163,15.530812342370155,88,11235,17.778065686481114,0.6000000000000001
160148428,16,0.5832295915547074,22.1762071394719,128,16545,24.903934160281096,0.6000000000000001
160192747,11,0.5923857734013034,16.09984332776662,92,8994,17.77481420913182,0.6000000000000001
160197441,7,0.6759437271611929,15.279026713922804,87,8971,17.776229953309667,0.6000000000000001
160225415,6,0.8122262215559046,8.722107980788223,50,11072,17.774789737001356,0.6000000000000001
160069047,13,0.5532077462616285,23.346770895506324,135,16545,24.90230737490083,0.6000000000000001
160080353,10,0.6664763022178615,19.3094191796863,112,16544,24.903817135408644,0.6000000000000001
160081043,62,0.13945978275080861,24.595496952606936,142,16545,24.903826957136516,0.6000000000000001
160113035,9,0.7708243795668198,19.263758787752067,111,16543,24.904083196107422,0.6000000000000001
150430275,44,0.36749160675367576,77.96569427194436,462,40861,78.41847409785578,0.6000000000000001
150440079,26,0.4570545359761815,77.28370897837885,458,43892,78.41705296736905,0.6000000000000001
150441905,41,0.3249578691019581,70.45734886249943,418,40574,78.41849537482221,0.6000000000000001
150442748,18,0.5947289724228133,47.711364177147516,281,24186,49.60582293950347,0.6000000000000001
156087003,17,0.5273427998771691,23.270837340181515,135,16545,24.904179418726017,0.6000000000000001
158536201,16,0.4946223222766002,19.984851326902117,116,16545,24.904350340632845,0.6000000000000001
158536220,10,0.6811347299747763,22.518224054894745,130,16544,24.904346879605328,0.6000000000000001
158624328,27,0.49293236164892984,48.09858527547112,283,27416,49.604101123638884,0.6000000000000001
161112458,14,0.5622164560563968,24.615370009690423,142,16491,25.37926383804097,0.6000000000000001
161153394,16,0.4334585919440841,21.78896773151996,126,16485,25.37925066401749,0.6000000000000001
161154963,5,0.9261073646973884,11.334673078586547,66,16489,25.379209757536046,0.6000000000000001
161168147,13,0.5556150566332948,21.932059113840978,127,16491,25.37929135489776,0.6000000000000001
161168483,12,0.5901441350828159,22.233458997081016,129,16487,25.379263864583663,0.6000000000000001
161169062,17,0.4573475751935192,21.27087572627579,123,16491,25.37921009188085,0.6000000000000001
161170644,5,0.8709756333658837,13.48753257935914,78,16488,25.379293506718568,0.6000000000000001
161173424,14,0.603416823045536,22.241777461455285,129,16491,25.37928402632042,0.6000000000000001
164681149,8,0.5804237343429,8.629189499659333,49,10986,17.776430874047946,0.6000000000000001
164695091,12,0.4735833103292897,14.512596623241507,83,10933,17.776469762819033,0.6000000000000001
164698728,5,0.8860322150224684,12.16535177361925,69,11138,17.776442987295013,0.6000000000000001
161174069,14,0.562507239241851,20.804278692344724,120,16491,25.379309548749916,0.6000000000000001
161209504,16,0.5146319426577163,20.898724120842644,121,16491,25.37923890746697,0.6000000000000001
161221229,2,1.0,4.072192513482605,22,16484,25.37929849208831,0.6000000000000001
161223640,15,0.48316000680630555,22.79452797397994,132,16491,25.3792519990684,0.6000000000000001
161264425,3,0.9962213447031998,9.55276966659494,55,16487,25.379288564189665,0.6000000000000001
161271850,11,0.7103487993908715,24.308497009770463,141,16490,25.379343128051005,0.6000000000000001
161272468,13,0.6436252318020219,25.102891957157453,145,16489,25.37928269173517,0.6000000000000001
161291273,15,0.5408366925533815,21.479320133384363,124,16489,25.379313506405197,0.6000000000000001
164720895,10,0.5689134219629283,14.293138062891103,81,11138,17.776460102209967,0.6000000000000001
164720937,6,0.9084606194156736,13.508384873473005,77,11137,17.776454129172635,0.6000000000000001
164753256,3,0.9459765073345849,15.952888801540212,91,11136,17.775100087676492,0.6000000000000001
164767175,8,0.6424194350156135,11.401429257043901,65,11054,17.775121828470674,0.6000000000000001
161376559,16,0.5941811168741846,23.82661282331037,138,16161,24.91967455288659,0.6000000000000001
161440068,14,0.6314477089582261,23.287734284618182,134,14649,23.96690393375866,0.6000000000000001
161458420,11,0.5683551157463075,20.09178723628429,116,16374,25.379393272321067,0.6000000000000001
161459089,13,0.5327990388106854,21.203026087103353,122,14676,24.009983315290356,0.6000000000000001
161306328,18,0.4266852069981226,23.86123621652041,138,16487,25.379304636023335,0.6000000000000001
161313695,17,0.7129044197668438,22.515400536576408,130,16486,25.379315383485846,0.6000000000000001
161358441,14,0.5249095973083463,23.001588698824435,133,16490,25.37935809440478,0.6000000000000001
161376469,13,0.525406866242719,23.146042856781605,134,15948,24.615510603410712,0.6000000000000001
164768954,12,0.6210711735378897,15.133454440966034,86,10968,17.776504766578,0.6000000000000001
164772943,13,0.5378943605432842,15.66536980674141,89,11009,17.77512506761059,0.6000000000000001
164775178,4,0.934950639359262,15.570967742414496,89,11137,17.775155412428376,0.6000000000000001
165889185,8,0.7455359866340611,15.129048581094594,86,11056,17.776265388736647,0.6000000000000001
165940959,4,0.8402469087683607,4.674943491209433,26,8967,17.776305971816328,0.6000000000000001
166975595,9,0.7540906937351136,19.70539345807697,116,25405,78.41460224804337,0.6000000000000001
167456185,5,0.9909371147016144,11.411124095341393,65,11074,17.77631798890434,0.6000000000000001
167526213,9,0.7015933380920907,40.51557392050563,239,27403,49.60453648290968,0.6000000000000001
169266000,11,0.6845023444214375,20.424842068017142,118,16545,24.90401934975398,0.6000000000000001
169304346,11,0.5581280428965697,20.710995323352336,120,16545,24.90403719016922,0.6000000000000001
175391698,19,0.50333294588014,22.203802745964595,128,16544,24.903770851470654,0.6000000000000001
175392087,7,0.7882313163037727,17.31635244841368,100,16545,24.903744633343194,0.6000000000000001
175397329,14,0.5145142428594691,21.803791482231645,126,16544,24.9037660430522,0.6000000000000001
175405764,5,0.8083735250429706,12.638606180657916,73,16543,24.903766652602826,0.6000000000000001
175405928,11,0.6431189841544893,22.98019003783952,133,16545,24.903754211995874,0.6000000000000001
175409859,15,0.5897984034246251,21.676013405858157,125,16545,24.9037680109368,0.6000000000000001
175411371,16,0.5622295481677216,21.552434681915656,125,16545,24.903779167249922,0.6000000000000001
175457541,17,0.4446464346371949,23.305204421407097,135,16545,24.90378735636932,0.6000000000000001
175475124,15,0.6114604702186639,23.192706371721215,134,16544,24.903815622475122,0.6000000000000001
179492666,10,0.6472233236665391,19.98499112953664,116,16544,24.90446604931367,0.6000000000000001
179677491,15,0.46815741074800665,23.86281358129213,138,16545,24.9044887987302,0.6000000000000001
179678378,9,0.6687284635081986,21.58492797293684,125,16545,24.904402678400402,0.6000000000000001
178171862,13,0.6085734723123265,16.625250519408382,95,11035,17.778042381530668,0.6000000000000001
179282641,18,0.4729200529412946,22.933625190383964,133,16543,24.904469946432982,0.6000000000000001
179284271,15,0.5371906468029821,18.723825255972088,108,16542,24.904453992411618,0.6000000000000001
179491590,20,0.4912458040974754,21.200227423701563,123,16544,24.904446247533087,0.6000000000000001
179823111,18,0.5670401618764326,22.24195279408741,129,16542,24.904461704228197,0.6000000000000001
179985715,19,0.45512541429434616,22.329429136211274,129,16544,24.904469680074726,0.6000000000000001
179986582,4,0.9904740965471842,21.354415686899756,123,16543,24.90446351006267,0.6000000000000001
180413022,2,1.0,7.247230436769996,41,16490,25.379028792479403,0.6000000000000001
183529462,5,0.949102525363522,20.626359367225632,119,16545,24.90417847599474,0.6000000000000001
183529631,17,0.4775594926704201,23.766649656362006,137,16544,24.904157098882024,0.6000000000000001
183529721,18,0.472257650266957,22.33469400367403,129,16544,24.90415185972688,0.6000000000000001
167526477,19,0.5360488726208845,71.35181145868796,423,43897,78.41710323256552,0.6000000000000001
167549317,24,0.5499395742515261,69.60987576417119,413,43901,78.41686400625713,0.6000000000000001
167551097,24,0.51790738602914,66.49854110178785,394,39180,78.41653391314412,0.6000000000000001
167655998,23,0.43832985584574624,44.23508802671722,261,23566,49.605961888218644,0.6000000000000001
181454895,20,0.4705806917040869,25.252719053755982,146,16490,25.379106902038075,0.6000000000000001
182521219,17,0.5971799497132099,23.54983264397356,136,16489,25.37898621543809,0.6000000000000001
183495016,11,0.6778422578347995,20.495713543501324,119,16481,25.37905361758112,0.6000000000000001
183529176,20,0.40855789906751006,22.456963870276468,130,16546,24.904208493918304,0.6000000000000001
180724528,3,0.9989619960481946,22.910015281632695,135,27611,49.6040296774604,0.6000000000000001
180724548,4,0.9500089785293996,12.88166434351433,73,11072,17.774607220128473,0.6000000000000001
180999563,25,0.448929496636461,46.91110056103162,276,27696,49.604202192489765,0.6000000000000001
181230103,6,0.8306350814932152,20.494348293887697,119,16484,25.3790430037634,0.6000000000000001
183532275,4,0.882211049403961,10.483228281592801,60,16545,24.90414337025595,0.6000000000000001
183532609,6,0.7788874133744131,17.527773903624393,101,16544,24.904152609907214,0.6000000000000001
183533154,5,0.9211695466288977,9.536077174315778,55,16546,24.904209220815574,0.6000000000000001
183536420,11,0.6034407696760633,23.34566688495147,135,16543,24.9040108127856,0.6000000000000001
183537452,21,0.42474292829281857,23.942888983541707,138,16544,24.903998416882132,0.6000000000000001
183537557,15,0.5565946110299614,22.04297921212583,127,16544,24.904035612043117,0.6000000000000001
183584918,18,0.4649896205752383,23.662814608201643,137,16544,24.90449813151372,0.6000000000000001
180444255,23,0.45770258303079325,23.36829202257354,135,16543,24.904433722641443,0.6000000000000001
180444967,18,0.4685851556495727,19.558553319118573,113,16543,24.904422181226437,0.6000000000000001
180551167,25,0.48397634475976314,46.30407218547157,273,27769,49.60410681341659,0.6000000000000001
180723706,21,0.478189446338914,45.47627253277847,268,27770,49.60414697903093,0.6000000000000001
167698166,36,0.3180223855824855,75.56837534516262,448,40437,78.41701026330793,0.6000000000000001
167723227,37,0.3548699102644933,75.8114795213055,450,40280,78.4170574664322,0.6000000000000001
167797589,31,0.3860847993143567,74.62805994412884,443,41682,78.4169710991564,0.6000000000000001
167813804,36,0.40521936507969636,77.25868650297025,458,41822,78.41703005533873,0.6000000000000001
184449225,4,0.986087370388469,11.933054525808075,68,11149,17.77326108276634,0.6000000000000001
188544193,15,0.4903176974316623,22.28428910795219,129,16546,24.90372740294424,0.6000000000000001
188570399,16,0.5558687637271094,24.160711259002028,140,16546,24.903745494816576,0.6000000000000001
184137441,2,1.0,7.924817592374893,45,16543,24.902319318530772,0.6000000000000001
184240478,7,0.7010838904625729,14.409563816095442,82,9049,17.774820722801906,0.6000000000000001
184240683,19,0.9877847255781341,24.415131992580427,141,16545,24.904014490112786,0.6000000000000001
184398115,5,0.835256412530059,13.181851826710272,75,8968,17.776248481040966,0.6000000000000001
183585025,17,0.5672331170407462,22.38637388172583,129,16542,24.904478474553798,0.6000000000000001
183585325,17,0.42114059204298193,23.61414398750867,136,16543,24.90443683931244,0.6000000000000001
183591107,10,0.8013579628589027,44.81941291742123,264,27616,49.60412536177455,0.6000000000000001
183594608,26,0.46805916685714566,46.86668410599873,276,27617,49.604135879200385,0.6000000000000001
183619369,22,0.49562807607107473,47.82075922881518,282,27615,49.60412514966583,0.6000000000000001
183620516,12,0.6364796234214187,31.745740687123998,187,27619,49.60429676051854,0.6000000000000001
183645350,20,0.6884312644892016,45.10225683362364,266,33021,53.716084497255906,0.6000000000000001
183675957,9,0.6976002699004189,21.404046233615645,124,16541,24.904054377727334,0.6000000000000001
197736345,12,0.5581828186448922,22.822331952528657,132,16354,25.188991396527854,0.6000000000000001
197740549,13,0.4424763838525805,19.66952874624485,114,16301,25.109816065320956,0.6000000000000001
197783882,14,0.5366925705399036,23.120586716715707,134,16490,25.378887562766067,0.6000000000000001
197784342,17,0.5374572380563205,46.18109936092969,272,27737,49.60471487923314,0.6000000000000001
183979262,44,0.7013334136042008,54.90637061326879,324,35125,55.71608742608851,0.6000000000000001
183981752,25,0.37501749267234286,51.73131797941437,305,33034,53.716033557869196,0.6000000000000001
183984138,13,0.5982314008136065,24.140154809892465,140,16544,24.904037550591056,0.6000000000000001
183985250,33,0.776324824281056,23.76101888689118,137,16545,24.904064870938782,0.6000000000000001
197804126,27,0.43683733550783754,45.00017366894326,265,25364,49.60441354464433,0.6000000000000001
197804282,17,0.6807001062672908,41.460002827816425,244,27664,49.60447040957092,0.6000000000000001
197806814,26,0.3687119755446968,47.35164809966932,279,25346,49.60444571101266,0.6000000000000001
197807043,12,0.537855564408858,19.676650681866704,114,16545,24.905894830621946,0.6000000000000001
197807302,27,0.3854176501836134,46.608770821211465,275,27738,49.60460881346626,0.6000000000000001
197808393,2,1.0,5.970827704162502,33,27737,49.604650500978096,0.6000000000000001
197809777,13,0.5885734382308252,23.323941775360254,135,16546,24.90590997788513,0.6000000000000001
197829601,30,0.38965486271413496,47.078284677109195,277,27739,49.604717526633976,0.6000000000000001
197830265,16,0.5355104003165934,23.28225876495344,135,16546,24.905880718058143,0.6000000000000001
197845043,27,0.5129175054626753,45.83387309846489,270,25547,49.604725140196024,0.6000000000000001
197846172,19,0.4575949223205009,23.03643918220473,133,16543,24.905900066401045,0.6000000000000001
197880776,23,0.4398702124978291,48.254752934561566,284,25503,49.604773978053345,0.6000000000000001
197950300,11,0.7016180056258484,23.01410404729313,133,15514,24.002996588794304,0.6000000000000001
197954314,6,0.9277445610378928,21.994691754872065,127,11903,23.74885804529049,0.6000000000000001
197955324,12,0.5358499698783853,19.876598025630756,114,13519,22.411319272758192,0.6000000000000001
197961755,13,0.9368310704574305,23.857163797109934,138,16189,24.96272677146453,0.6000000000000001
197885600,24,0.4566905132175636,48.101884278930584,283,27738,49.60466378815727,0.6000000000000001
197886895,27,0.377000737201141,47.96435976695375,282,27443,49.60465227910572,0.6000000000000001
197887644,7,0.7236067097639037,13.327864363149502,76,11133,17.776488284962397,0.6000000000000001
197890692,14,0.857941521992212,27.965486352639346,165,27739,49.60477339306635,0.6000000000000001
197892635,12,0.6278017058779424,39.94767004526807,235,25362,49.60475087985651,0.6000000000000001
197904448,13,0.5572387156508188,15.523717492591004,88,11192,17.77789084161077,0.6000000000000001
197935281,30,0.42556480861303536,47.91005276947976,282,25337,49.60452323039317,0.6000000000000001
197935605,17,0.4998146593131868,23.581860902877906,136,16488,25.379098235383026,0.6000000000000001
197985569,11,0.6271743767695203,22.111019413170652,128,16489,25.379069841686032,0.6000000000000001
198005341,5,0.9184932014953995,16.579286566301562,94,11193,17.776520530491325,0.6000000000000001
198073526,7,0.5930872856158512,17.05283575661383,97,8944,17.77644856929328,0.6000000000000001
198074705,11,0.5982748395484997,16.35012120427905,93,8782,17.77790496418629,0.6000000000000001
197978738,6,0.7402733452890933,16.469273098955455,95,16485,25.378817352685473,0.6000000000000001
197979354,20,0.4442024638157591,24.510803165982225,142,16489,25.378840519334517,0.6000000000000001
197982694,16,0.4636196968766826,24.613565066806586,142,16491,25.37883052996858,0.6000000000000001
197983102,10,0.6895914886341734,24.74413229357242,143,16487,25.378845365937195,0.6000000000000001
198077554,7,0.7039385185407259,16.88207770976919,96,8870,17.777916010137687,0.6000000000000001
198078007,8,0.6629310915290434,14.141817154049704,81,11193,17.777957480884197,0.6000000000000001
198081001,9,0.7711261499416137,13.93622139516333,79,11194,17.77793009033803,0.6000000000000001
199729914,26,0.4725190667965522,46.4791446018819,274,27589,49.60415174381478,0.6000000000000001
200671041,6,0.8937464198217152,18.28170589874844,106,16542,24.90389362283622,0.6000000000000001
200742257,12,0.6658395036779822,45.24636355165626,267,27406,49.60468008246062,0.6000000000000001
200745217,4,0.9933242650005892,7.850025136056502,45,11751,17.776451399233338,0.6000000000000001
200786539,7,0.8000025029103777,14.898661732854862,85,11114,17.776459026066732,0.6000000000000001
200802812,12,0.6549309817793008,16.00708977252407,91,11200,17.777938429633195,0.6000000000000001
200804116,12,0.5731288641274735,16.290335770617276,93,11110,17.776444960534718,0.6000000000000001
200807744,6,0.9027969287496743,15.150170169437843,86,11183,17.77796089872163,0.6000000000000001
200746541,11,0.7011180305598949,16.630625254038478,95,11749,17.77646262516282,0.6000000000000001
200769811,12,0.9090022890095537,45.690797274733086,269,27605,49.60471779497129,0.6000000000000001
200780252,12,0.6517231059740892,14.40147243285719,82,11532,17.776472910456505,0.6000000000000001
200782823,10,0.5625195470325952,16.737597178323767,95,11331,17.77649073829889,0.6000000000000001
201753334,5,0.9232058552414387,19.884783549206077,115,16544,24.904238676220302,0.6000000000000001
201791716,20,0.5395234568550535,43.39996467803303,256,27940,49.60408138644766,0.6000000000000001
204449384,15,0.477704528195223,23.5000701891679,136,16388,25.23059946074045,0.6000000000000001
206401237,7,0.8660771815078154,15.418215687040401,88,11500,17.777970861777703,0.6000000000000001
206402318,10,0.6437415752212077,14.40564014388383,82,11125,17.776493399320316,0.6000000000000001
206402603,12,0.4870240260759373,16.204233439939344,92,11193,17.776467126477655,0.6000000000000001
200852526,2,0.0,0.301388641972153,0,11193,17.776454317299795,0.6000000000000001
201365022,31,0.39130851390401244,52.420744271385274,309,33035,53.71659717769148,0.6000000000000001
201753030,26,0.39786923131957197,48.114999206043194,283,27706,49.60389464206878,0.6000000000000001
199731707,22,0.4694085389877206,44.45700376904506,262,27572,49.604113509996296,0.6000000000000001
199735746,24,0.44359025591580026,47.15548022730013,278,27481,49.604058233440355,0.6000000000000001
199735836,29,0.4170081672317676,48.83047435983667,288,27616,49.60408625251284,0.6000000000000001
200657905,16,0.6076372233281827,23.106684253383264,134,16545,24.90386990763818,0.6000000000000001
204584365,8,0.8839350335474707,11.056935255800681,64,16440,25.316790412734463,0.6000000000000001
204588986,13,0.5764126090143916,18.627794493922465,108,16393,25.2417918970109,0.6000000000000001
206350311,22,0.4500027348967297,48.209494141098276,284,31137,51.44978963116091,0.6000000000000001
206385283,8,0.5899086512911941,16.027954893016613,91,11750,17.777969577716703,0.6000000000000001
206434088,10,0.7040417920971809,14.365434800762387,82,11137,17.77797015117858,0.6000000000000001
206435948,12,0.4996496339113762,15.990425214573861,91,11192,17.777951313549693,0.6000000000000001
206466813,13,0.5213182065851006,16.62375769530854,95,11126,17.777929674502502,0.6000000000000001
206467068,13,0.6084470469249176,16.79044189715819,96,11193,17.77795470565934,0.6000000000000001
206467901,11,0.6149337439147781,14.519628236806966,83,11194,17.777990768332074,0.6000000000000001
206469812,3,0.9325459107758971,10.172328691662642,58,11106,17.777983406925614,0.6000000000000001
206474468,11,0.6075270136834754,15.618266011347487,89,11194,17.77801762604531,0.6000000000000001
206475215,11,0.48698857631390036,15.644576293473165,89,11194,17.777931726206134,0.6000000000000001
206477756,11,0.6428368837749524,14.268187694077824,81,11175,17.777929827937896,0.6000000000000001
206478479,12,0.5037364478171193,15.162636532369334,86,11085,17.777929869963828,0.6000000000000001
206492386,5,0.9619705973027204,14.844613943501827,85,11193,17.777990023274015,0.6000000000000001
206529534,30,0.39840115072773397,51.58229178465376,304,33037,53.71701498459811,0.6000000000000001
211436475,12,0.5400592883469416,18.832239664145163,109,16547,24.905984864602033,0.6000000000000001
211440800,18,0.4481301675417526,23.485093670054766,136,16546,24.904560547355686,0.6000000000000001
212377300,9,0.9157354615081431,15.569576933748067,89,10921,17.775156523496207,0.6000000000000001
207206422,22,0.42928205950233944,48.02243879639377,283,27661,49.60440520034331,0.6000000000000001
207238086,8,0.7333638600396524,16.548910092057213,96,16543,24.905947321592066,0.6000000000000001
207240752,16,0.6126535925456696,22.792036221674607,132,16546,24.905957275334913,0.6000000000000001
20923934,10,0.6762652187591743,16.274659717855002,93,11067,17.7746171843487,0.6000000000000001
212381172,10,0.6322968916726536,15.637682901056223,89,8986,17.776579535482597,0.6000000000000001
214515903,16,0.5510758465715379,22.593337940284755,131,16292,25.094788127457377,0.6000000000000001
214772289,14,0.49900653788756544,21.42257280112699,124,16324,25.14344225646073,0.6000000000000001
218960215,13,0.5781717190540336,24.341293180927096,141,16546,24.903786409214263,0.6000000000000001
206615548,18,0.44214663694801914,49.132330241122645,290,33034,53.717095103019574,0.6000000000000001
206683782,12,0.547693201530199,22.52734399574274,130,16545,24.90228018074731,0.6000000000000001
207088262,7,0.9495446362495114,22.240502230964466,129,16544,24.90440888450121,0.6000000000000001
207090424,21,0.40434596046792515,24.166915724237242,140,16544,24.90441455741984,0.6000000000000001
207148330,10,0.6171217375191377,15.9916221587157,91,10887,17.77633704888649,0.6000000000000001
207174734,21,0.5309926969805822,48.23089368284354,284,27411,49.604525894859535,0.6000000000000001
207174980,9,0.6518266120289471,21.983712776352377,127,16545,24.90597021652775,0.6000000000000001
207177270,27,0.42187871241092345,45.39052669407897,267,27586,49.60449947824395,0.6000000000000001
218967667,13,0.5168447819984003,23.81491325416505,138,16545,24.903792917296414,0.6000000000000001
218968119,15,0.5535295687869135,23.00525781390843,133,16545,24.903826349448536,0.6000000000000001
218969746,18,0.4485787707274689,23.631628139817167,137,16545,24.903816709328567,0.6000000000000001
218970269,10,0.7597643922751033,23.091310083095095,133,16544,24.903804196078454,0.6000000000000001
219215835,6,0.8776306324741745,13.559846505819905,77,11193,17.777938638249452,0.6000000000000001
219217331,2,0.0,0.40139497775589916,0,11181,17.778046639653894,0.6000000000000001
219218631,8,0.694217261276858,13.754312884859473,78,11080,17.777961581381078,0.6000000000000001
219221780,13,0.4946087101815414,14.402989577755534,82,11194,17.778023520502302,0.6000000000000001
206532826,32,0.37541222977721145,53.09888964046786,313,33036,53.71694051162126,0.6000000000000001
206532858,26,0.4152540022140928,52.90307593008242,312,33033,53.71695388098965,0.6000000000000001
206564625,20,0.5321793871176127,51.058666595241675,301,33036,53.7170092578956,0.6000000000000001
206609649,10,0.6528102475489954,23.205478496038722,134,16545,24.904080304350828,0.6000000000000001
218972061,12,0.6107880984899072,19.12066088435222,111,16544,24.90383973860753,0.6000000000000001
218973038,17,0.6539080244019428,23.910785387095075,138,16546,24.90382812734333,0.6000000000000001
219121412,17,0.5343447222883015,23.299945996343695,135,16491,25.379087161491952,0.6000000000000001
219141658,14,0.5663303317603292,22.208354501557096,128,16490,25.379191291737698,0.6000000000000001
219229293,10,0.624737594158563,15.605743693506838,89,11109,17.777988047123927,0.6000000000000001
219233386,9,0.6492073625130039,15.29608742993014,87,11194,17.77806540242773,0.6000000000000001
219234951,9,0.6266714329935478,14.962695404936312,85,11194,17.778016042098443,0.6000000000000001
219235147,2,1.0,4.100053563037136,22,11194,17.77803634865586,0.6000000000000001
219236564,7,0.8416483921243589,15.9474500094625,91,11194,17.778026072908233,0.6000000000000001
219238878,13,0.49310286505587664,14.161346364641531,81,11194,17.77808553319801,0.6000000000000001
219240217,8,0.7190725837588059,13.409891595850013,76,11194,17.777991541679057,0.6000000000000001
219246146,9,0.7215860499074277,15.162725742375414,86,11194,17.77803122463547,0.6000000000000001
219251169,7,0.8241575947607818,15.521095425179283,88,11194,17.778070047981146,0.6000000000000001
219255235,8,0.7123926924656445,16.094682150155677,92,11142,17.778035540267865,0.6000000000000001
219317391,9,0.6943556513209491,17.031633220606636,99,16490,25.377342057641954,0.6000000000000001
219318151,17,0.4694262640510145,22.9274372567279,133,16488,25.377375376638383,0.6000000000000001
220394125,11,0.6176124483693379,16.752968877140574,95,11194,17.77797862365287,0.6000000000000001
220394510,9,0.7403236398944893,16.323755746644338,93,9030,17.776548125695626,0.6000000000000001
220394878,8,0.6250819947573959,15.241766831245513,87,11194,17.777898162271867,0.6000000000000001
220397638,13,0.5350512869822663,14.936242610004001,85,11194,17.777930819097946,0.6000000000000001
219342752,34,0.29708495119259537,49.18032002970449,290,31525,53.716496431543874,0.6000000000000001
220388567,15,0.9178117064417224,23.702675279276264,137,16489,25.37768551776594,0.6000000000000001
220389925,26,0.4045351533401439,45.48250141969811,268,27741,49.6061765012862,0.6000000000000001
220390069,6,0.9190574928045243,14.000115424692694,80,8905,17.777922880155074,0.6000000000000001
220391299,11,0.6448888155780569,37.49923642443787,221,27739,49.60629563187899,0.6000000000000001
220391375,25,0.45530061250839804,48.156262229568256,284,27739,49.606275828002936,0.6000000000000001
220393352,7,0.6534391282170455,11.71538740980941,67,8947,17.777955606131854,0.6000000000000001
220393406,12,0.6080191792005527,17.066842863670672,97,8956,17.777959731541614,0.6000000000000001
219334470,16,0.45089753802121846,22.359953801744496,129,16488,25.379425266278304,0.6000000000000001
219334689,21,0.43970147701270523,47.5358144433319,280,30385,49.989936651389144,0.6000000000000001
219334997,28,0.4429830037853679,47.29555299255344,279,30219,49.74688334193047,0.6000000000000001
219337000,4,0.9944922170398226,19.620639299209415,115,33035,53.71636140350756,0.6000000000000001
220399756,6,0.756434514374472,12.757103299967184,73,11194,17.777985149313736,0.6000000000000001
220405171,45,0.35858409228970256,77.52055836921181,460,43949,78.41918659047542,0.6000000000000001
220407099,9,0.7837154672000258,30.39496730883525,179,27693,49.60490082550609,0.6000000000000001
220407213,8,0.6621012096921408,15.669588551810193,89,11194,17.777946189645718,0.6000000000000001
220436741,19,0.5392465715104552,48.192387565410854,284,27704,49.606300583288885,0.6000000000000001
220455309,3,0.9946907797521145,8.098726918651664,46,11159,17.77803579667261,0.6000000000000001
220459040,10,0.526658576287649,14.52799511605599,83,9040,17.77804260865696,0.6000000000000001
220482148,4,0.9799589414155121,6.388830055256676,36,16487,25.379179949625723,0.6000000000000001
220407530,18,0.46563151469061514,47.60059151713699,280,27462,49.606173349753135,0.6000000000000001
220408612,21,0.4825676038586941,45.32002652230199,267,27706,49.60616724289639,0.6000000000000001
220409421,9,0.7997443455843495,14.483503348793192,83,8964,17.777991052967536,0.6000000000000001
220413881,21,0.5146740314258186,48.542402494657836,286,27705,49.60631247392075,0.6000000000000001
220423277,10,0.7070125922518451,14.600212098108614,83,8976,17.77803051194087,0.6000000000000001
220430530,6,0.795542734926396,12.205734002645158,70,11159,17.778035160055424,0.6000000000000001
220430697,5,0.794666831207057,6.500082914804807,37,9005,17.776630111418854,0.6000000000000001
220431435,43,0.3614820256985011,72.62480014983271,431,44197,78.41930441704199,0.6000000000000001
220511824,4,0.9635334458346203,20.423738228588718,118,16489,25.379322537440203,0.6000000000000001
220595865,10,0.7023395026446567,16.39861636484602,95,16545,24.904234571648885,0.6000000000000001
224225541,2,0.941292004916594,19.387275483673875,112,16544,24.90251271616171,0.6000000000000001
224278972,16,0.46343326165747667,21.088686521349246,122,16545,24.903959481079255,0.6000000000000001
220482527,14,0.5121968398987773,22.845896719358734,132,16489,25.379222125499837,0.6000000000000001
220485705,12,0.6732938252904009,24.205648801692405,140,16491,25.379259160007678,0.6000000000000001
220491450,8,0.6609971534528674,24.486194379247536,142,16491,25.37925803171038,0.6000000000000001
220509904,5,0.8403268054984987,18.113892425262748,105,16489,25.379221762051202,0.6000000000000001
220414767,40,0.3343657399996858,75.05094967012269,445,43700,78.03986585564257,0.6000000000000001
220416628,10,0.7002497761988008,14.869647323357412,85,11194,17.778029048018197,0.6000000000000001
220421994,33,0.4729646975355747,75.72605311196276,449,43782,78.14692676459072,0.6000000000000001
220423078,7,0.7434176017045981,15.408535439007665,88,8914,17.778012492246035,0.6000000000000001
228507387,15,0.5460358198884627,24.543379360718973,142,16546,24.904490619931494,0.6000000000000001
228569826,9,0.8030695690784574,21.31281777565141,123,16545,24.90446977134434,0.6000000000000001
224281107,18,0.528361214637526,21.62760940182966,125,16545,24.903973524026696,0.6000000000000001
224281503,19,0.39260009134657037,22.773407073761064,132,16544,24.903937441330527,0.6000000000000001
224283342,27,0.9545953368651507,23.96645934381263,139,16542,24.903946288429324,0.6000000000000001
224284606,10,0.6813196407236236,21.973485900791275,127,16543,24.903993349090342,0.6000000000000001
229100316,20,0.6211152923130692,45.65849842770672,269,27430,49.60443563142462,0.6000000000000001
229112415,13,0.5756638267875802,21.484746661575855,124,16545,24.904195624902968,0.6000000000000001
230983203,14,0.6280257092669772,19.575031918152263,113,16545,24.904168218640734,0.6000000000000001
224285142,25,0.4574065736053351,24.09283669673141,139,16541,24.90393592374039,0.6000000000000001
224285897,9,0.7022142997569325,17.56510339382976,102,16545,24.9039891455659,0.6000000000000001
228382006,9,0.7313877119927874,22.46552284836298,130,16540,24.904455799643074,0.6000000000000001
228383297,15,0.47006620481867734,21.575182541840604,125,16545,24.90443015521032,0.6000000000000001
229012749,17,0.4802871518161893,22.75724602782566,132,16545,24.904515475534026,0.6000000000000001
229037487,12,0.5896398865655889,20.79740154345859,120,16357,25.18905612018716,0.6000000000000001
229039703,12,0.561572840020919,20.754334048616556,120,16354,25.189050359957037,0.6000000000000001
229051080,9,0.6934810328257758,16.704390149757728,97,16355,25.189075803689775,0.6000000000000001
231293370,2,0.9962062772181678,9.134725689103334,52,11751,17.776414411757287,0.6000000000000001
231627272,6,0.8419180629714245,20.746825449723474,120,16489,25.377245851554335,0.6000000000000001
231627290,13,0.6517252311288557,23.600886488068454,137,16489,25.377243934426815,0.6000000000000001
231630959,5,0.9047632851476927,20.62593937640804,119,16488,25.377277767513306,0.6000000000000001
231005223,10,0.6093790173181423,12.095550000143021,69,11394,17.774617769219276,0.6000000000000001
231009108,7,0.8717907102692568,17.615290352519423,102,16545,24.90416135153373,0.6000000000000001
231013930,8,0.8432603750496157,41.22887069848821,243,27938,49.60377995691147,0.6000000000000001
231020078,32,0.38344208451294204,48.78705631926209,287,27939,49.60371969708126,0.6000000000000001
231671734,15,0.9641575084852633,25.006504544408926,145,16484,25.377334157698215,0.6000000000000001
231701201,6,0.9704475666462437,22.342962802411193,129,16482,25.379019880886517,0.6000000000000001
231704059,13,0.6190967243552885,24.929076281565358,144,16484,25.37907243029713,0.6000000000000001
231704229,8,0.7056400500006076,16.734650068891142,97,16481,25.3790830771768,0.6000000000000001
231636691,7,0.8899728011296985,14.552391578363313,84,16490,25.37725728772989,0.6000000000000001
231663901,19,0.8222947374569521,24.313415438253287,141,16489,25.377292880550385,0.6000000000000001
231668630,11,0.6795494455527352,23.92876152674853,138,16486,25.377333260834575,0.6000000000000001
231670397,16,0.5420580886010729,23.37177716957831,135,16490,25.37729744682497,0.6000000000000001
231061445,31,0.3983502157950265,47.0971058179382,277,27711,49.60399716345478,0.6000000000000001
231061733,16,0.9931962637740878,47.94560943644615,282,27940,49.6039121958695,0.6000000000000001
231268284,8,0.7894756451596519,22.126371437538182,128,16488,25.379109272486858,0.6000000000000001
231280161,33,0.3328278305276777,47.55727490728691,280,27941,49.60453776361305,0.6000000000000001
231047005,26,0.37717485151293495,47.98707889698517,283,27820,49.603707735872604,0.6000000000000001
231048679,21,0.45427865013947877,45.74693319542985,269,27769,49.60392844488729,0.6000000000000001
231057252,24,0.4763836041816121,44.806552981232244,264,27737,49.60375299884822,0.6000000000000001
231059941,8,0.8328673147400543,44.37875692004991,261,27938,49.603792157004364,0.6000000000000001
231023707,34,0.3269076812382632,49.09416674424392,289,27762,49.60388821268339,0.6000000000000001
231044412,21,0.5535694367591943,44.60789546263345,263,27935,49.60370492746938,0.6000000000000001
231045282,24,0.47651281494191,46.70252601879383,275,27940,49.60388914447162,0.6000000000000001
231046372,26,0.39376129366613366,47.20106206616197,278,27831,49.603858462747894,0.6000000000000001
231715395,8,0.7289752921296342,17.19460437935095,100,16455,25.378020107740895,0.6000000000000001
231825380,27,0.367449670011294,50.04721970339665,295,28722,52.383333227674484,0.6000000000000001
231831114,33,0.4215478266027275,48.79322659185482,288,33036,53.71690186755518,0.6000000000000001
237356492,5,0.8120446977103166,8.529289989489826,49,11193,17.77662924354263,0.6000000000000001
237356930,7,0.6586205547585208,10.75705123585476,61,11192,17.77658416147642,0.6000000000000001
237356985,7,0.7496777911804744,14.23626552100427,81,11194,17.777966524492058,0.6000000000000001
237358181,12,0.48783458077049624,12.42793125457797,71,11124,17.778007896751205,0.6000000000000001
231831315,36,0.37415895448075087,50.40171700813926,297,32727,53.286399817200845,0.6000000000000001
231832497,16,0.5221595154586588,53.380719124344296,315,32908,53.53766383685365,0.6000000000000001
231833204,56,0.22641175190692708,41.52487579287504,245,33034,53.7167274988235,0.6000000000000001
231839537,13,0.6247488742215033,46.59076006090322,275,33037,53.71707651172551,0.6000000000000001
234497476,11,0.9507209517877173,50.99028730957434,301,33030,53.71665725288699,0.6000000000000001
234504902,33,0.3553495104572266,53.48337056499713,315,33035,53.7167037861866,0.6000000000000001
234525922,12,0.5928068734557346,24.11148970779641,139,16489,25.380956981077816,0.6000000000000001
237340658,3,0.9459746052092446,3.380590783171101,18,11194,17.777955069340805,0.6000000000000001
231840159,5,0.8990113113128771,31.122562040660114,184,33034,53.7169808329993,0.6000000000000001
231840839,18,0.5964118184599535,48.494525494030086,286,28624,52.28060838118313,0.6000000000000001
231845790,31,0.4781711568283087,51.996102806541785,307,32552,53.04192758030172,0.6000000000000001
231853796,31,0.39116169605732654,52.672659820782656,311,33033,53.717092726982855,0.6000000000000001
240849795,14,0.6442197764613864,20.64547888624702,119,16545,24.903813528861974,0.6000000000000001
241393007,15,0.49203120807119405,17.015551248387965,97,11209,17.776664262553822,0.6000000000000001
241393039,26,0.36822063773665625,16.986387454617898,97,11210,17.7752791484113,0.6000000000000001
241444142,8,0.6136498257213413,15.07242531621364,86,11170,17.775250845518258,0.6000000000000001
231862051,13,0.6198438020808038,20.74019464030971,120,16544,24.904083334175994,0.6000000000000001
231867105,28,0.42930355935053877,50.29979279578424,297,33032,53.71646901722784,0.6000000000000001
231912935,31,0.3688465586324423,52.75113100582462,311,33033,53.716402562472695,0.6000000000000001
233959273,23,0.4491966383540671,48.662095925011954,287,27662,49.603742270759085,0.6000000000000001
233959314,45,0.3349306089617239,77.2361860373544,458,44156,78.41675277828449,0.6000000000000001
233961272,17,0.6492694681237217,72.9208084147499,432,44148,78.41675438528159,0.6000000000000001
234280067,13,0.5186370140199236,23.377570490059497,135,16489,25.378925887621335,0.6000000000000001
234291032,15,0.4639609245206149,23.802892125457674,138,16490,25.37927966051302,0.6000000000000001
237879824,25,0.4804667550489573,51.10578036732409,301,33035,53.71685361247296,0.6000000000000001
237883766,15,0.5426261474219826,51.622490034053726,304,33032,53.71691105086143,0.6000000000000001
237886259,13,0.5956678584205334,23.599004636357222,137,16489,25.38097559402513,0.6000000000000001
237886434,12,0.6757551186798609,47.64196559974903,281,33034,53.71700418381738,0.6000000000000001
241577342,2,0.8968136817415612,10.18493258578087,58,11213,17.77667754135109,0.6000000000000001
241765380,11,0.5363040445683824,16.419729482541925,93,11214,17.77809233813923,0.6000000000000001
24186466,11,0.5670556794969523,16.711020027634277,95,11188,17.776284827767086,0.6000000000000001
24225968,10,0.7245936460811392,17.31380282427358,99,11139,17.776295144958567,0.6000000000000001
237906842,29,0.3739686820406336,50.36115810319484,297,32552,53.03612468795495,0.6000000000000001
237912376,30,0.4969010441362811,52.6404337407821,310,32767,53.33904245402732,0.6000000000000001
238926393,33,0.47055795576622006,52.6647147896947,311,33041,53.71889452592677,0.6000000000000001
240764987,45,0.9860400343316508,24.13991189265289,140,16544,24.902399871064972,0.6000000000000001
24251461,12,0.6667350390437295,17.223554806696256,98,11132,17.776330192955356,0.6000000000000001
24251953,9,0.6721318035548879,16.379164184889987,93,11140,17.776364003224444,0.6000000000000001
24269255,8,0.6948516948015702,15.084715930048787,86,11211,17.774966684565243,0.6000000000000001
24270027,12,0.6494529172384738,14.158326528059206,81,11211,17.776371255898994,0.6000000000000001
246820769,18,0.4494754770477358,23.686348498985808,137,16545,24.904419800300275,0.6000000000000001
246822906,15,0.6265976683309499,23.737759174693792,137,16546,24.90444058742014,0.6000000000000001
246848176,3,0.8893695651712724,2.266711810810193,11,16546,24.904533530153458,0.6000000000000001
246848355,5,0.8709020469659523,13.062584451048906,76,16542,24.904511268749957,0.6000000000000001
248946014,9,0.6217591919940663,14.63344601730023,83,11212,17.775152929988053,0.6000000000000001
248947399,5,0.7980155993981146,9.123744037887263,52,11158,17.77513977272838,0.6000000000000001
248949078,13,0.5723045709490457,16.295998874955103,93,11156,17.776568386620056,0.6000000000000001
248949857,14,0.41361382120519696,16.227928221602497,92,11154,17.7765359039513,0.6000000000000001
248380067,9,0.5911802088226786,14.97788505569929,85,11213,17.776483063502383,0.6000000000000001
248392812,10,0.6769867131040714,13.913984380116744,79,11161,17.775144006055143,0.6000000000000001
248945311,12,0.5619201255304532,14.040368967621362,80,11154,17.77653382430799,0.6000000000000001
248945424,11,0.5572373443826125,14.683428838322698,84,11139,17.775137243256268,0.6000000000000001
246851853,18,0.5524009150046377,22.10305083133221,128,16545,24.904519240405534,0.6000000000000001
246854655,13,0.6366596445790327,22.94055658370212,133,16546,24.904498695429538,0.6000000000000001
246859878,16,0.5636449113219085,24.01708399436393,139,16546,24.90599767960066,0.6000000000000001
246861224,3,0.9999999261659804,12.440524534204997,72,16544,24.9045374449679,0.6000000000000001
248952191,8,0.6004337605607312,17.159897846398053,98,11213,17.77656226736508,0.6000000000000001
248952560,3,0.9099284385026399,10.368117516978373,59,11141,17.776585449846607,0.6000000000000001
248953025,10,0.609546657893968,16.375200600073413,93,11211,17.77520567637339,0.6000000000000001
248955543,7,0.9561757550254543,15.343211371744701,87,11175,17.77658540700577,0.6000000000000001
248956869,7,0.6475223542026798,14.70015199413865,84,11200,17.776596460407745,0.6000000000000001
248959076,7,0.7240191909497821,15.308515123246252,87,11199,17.776600930290442,0.6000000000000001
248962024,9,0.6173920544353391,16.890491553127504,96,11203,17.776612800462317,0.6000000000000001
248962582,10,0.6707069366691027,14.214022957612315,81,11151,17.776575802276056,0.6000000000000001
248986951,5,0.7568248685993499,8.826501779720274,50,11161,17.77525724836096,0.6000000000000001
248987739,12,0.6814375301806201,17.205757743983895,98,11212,17.776593801481795,0.6000000000000001
24940997,4,0.9097711315209396,11.045985215045448,63,11138,17.776668603448343,0.6000000000000001
251821926,8,0.7235203379105346,17.69597612087091,102,16543,24.90431127886859,0.6000000000000001
246862277,16,0.4746308990196545,21.875299079694287,126,16545,24.9045500834809,0.6000000000000001
246862438,10,0.6593783368347449,18.37802027097223,106,16545,24.904570647083347,0.6000000000000001
246883482,14,0.5720206327015496,22.65867838733061,131,16546,24.904554780606304,0.6000000000000001
24696180,32,0.40494213728896444,50.53448328653644,298,33026,53.716366959894685,0.6000000000000001
251828729,6,0.7350151991209974,14.532188127249356,84,16545,24.904400989912574,0.6000000000000001
251828912,8,0.701203270495413,18.202933091837167,105,16545,24.904381417703007,0.6000000000000001
251840720,18,0.46987809237680933,23.13358345726806,134,16544,24.90441694393394,0.6000000000000001
251841265,20,0.4358414106294768,24.164071486010016,140,16545,24.90435239722592,0.6000000000000001
251848060,8,0.7061946352854765,19.70714949376452,114,16544,24.902974340631317,0.6000000000000001
251848320,17,0.49383607334937996,22.05437148172723,128,16545,24.904396234579508,0.6000000000000001
251848941,21,0.39312258320170934,25.346170120986244,147,17579,26.904503531240607,0.6000000000000001
251853202,15,0.5710883632835364,20.341888599079084,118,16544,24.904493452083443,0.6000000000000001
251844875,18,0.5887329610093338,22.70582611563441,131,16544,24.904452497638886,0.6000000000000001
251845125,16,0.586037560835422,24.191908836808807,140,16545,24.904422603115563,0.6000000000000001
251845481,12,0.5123387436069766,23.608542984706446,136,16545,24.90437838066009,0.6000000000000001
251846711,21,0.35794321190322176,23.004440899879683,133,16545,24.90445783877385,0.6000000000000001
251879885,13,0.643766018547538,20.358621909955446,118,16542,24.90452277291206,0.6000000000000001
251881536,11,0.6763578070900585,19.946072709093187,115,16545,24.904475036110853,0.6000000000000001
251882735,12,0.5773735442719733,23.519752164094825,136,16544,24.90451272021619,0.6000000000000001
251884959,7,0.8992855209331693,18.20583432313265,105,16545,24.90451279611898,0.6000000000000001
251885366,6,0.9131099278855912,14.459932120710164,84,16544,24.904453976113473,0.6000000000000001
251885542,13,0.6292836338892004,23.562785824774437,136,16544,24.904467521268998,0.6000000000000001
251886567,14,0.5611092171161999,19.633624235770185,114,16546,24.90597075646201,0.6000000000000001
251886984,11,0.6393759503032852,22.830896138138996,132,16545,24.904525371767704,0.6000000000000001
259408567,5,0.9274659512641149,10.815453880433324,62,11193,17.776661289537515,0.6000000000000001
259472825,10,0.6173919996265906,15.516915138623517,88,11194,17.778062338027212,0.6000000000000001
259472888,10,0.7800138912705766,15.382186856863655,88,11194,17.77806690395255,0.6000000000000001
259477227,10,0.633061529968963,13.854385487807122,79,11079,17.778053907928097,0.6000000000000001
251887089,16,0.45252169511647566,21.60031260441383,125,16544,24.904512947458898,0.6000000000000001
25285103,16,0.4186639427889416,21.630766516621406,125,16446,25.316927861976637,0.6000000000000001
254302983,16,0.5327860437575846,22.77540797421034,132,16545,24.904585022047286,0.6000000000000001
254304085,16,0.5767875545960004,20.037777227438482,116,16545,24.904570732299362,0.6000000000000001
255632493,15,0.4742682516671495,21.849021331804124,126,16547,24.906023047081362,0.6000000000000001
257735550,14,0.5985666647611738,48.14199075054739,284,33022,53.71562468353909,0.6000000000000001
259377017,13,0.48143867364431303,14.38494142930108,82,11194,17.778054116078692,0.6000000000000001
259389138,12,0.47471034819831337,16.891951115399934,96,11138,17.77807936004274,0.6000000000000001
260750374,12,0.5956283400445558,22.28170568266023,129,16490,25.377500956407175,0.6000000000000001
260852493,15,0.5151870270077789,22.712394851338104,131,16491,25.379064516849212,0.6000000000000001
260854590,14,0.5196999667075946,21.626192452899204,125,16491,25.378957521855227,0.6000000000000001
261543672,15,0.5118975373634007,23.703798616748145,137,16487,25.37738558020851,0.6000000000000001
262820103,7,0.6480193785297501,12.461376468467734,71,11211,17.77530858192995,0.6000000000000001
262823544,8,0.8145735826080249,20.7460077469334,120,16490,25.379371176227323,0.6000000000000001
262824351,14,0.5222678849251277,20.339071419098218,118,16488,25.379332020399488,0.6000000000000001
262824477,12,0.6281761487111207,24.18487704454401,140,16488,25.379323065267272,0.6000000000000001
261561216,2,1.0,1.0833174053527728,4,16488,25.377502038138346,0.6000000000000001
262530407,23,0.6337190842310829,48.51788398019744,286,27607,49.60261360010463,0.6000000000000001
262531321,15,0.5255305532032134,45.626415515581584,269,27551,49.60420587880208,0.6000000000000001
262810040,8,0.7349477233710583,13.461346737144368,77,11213,17.776695716111135,0.6000000000000001
262829638,2,1.0,3.3916802523856404,18,16491,25.37936044203616,0.6000000000000001
262924431,3,0.9910503876882661,26.097216567625765,154,25308,49.60431655729349,0.6000000000000001
265438551,9,0.7752324650524783,24.716204536723808,143,16487,25.377295738080875,0.6000000000000001
265468668,20,0.3870069978513804,22.812044099846617,132,16489,25.377281522140265,0.6000000000000001
260188153,27,0.4170398391757919,51.50046205148692,304,33039,53.71853490885496,0.6000000000000001
260266449,30,0.4259167705495943,73.18124613751934,434,43902,78.4188088660917,0.6000000000000001
260300455,20,0.5129650742269755,50.94098925894855,300,33040,53.71880737677657,0.6000000000000001
260604507,15,0.47429866923607455,21.237574476295322,123,16494,25.38064542468919,0.6000000000000001
260604509,7,0.6926157403813916,14.51683960221385,83,8838,17.777994381681765,0.6000000000000001
260657210,3,0.9996208969870517,10.007003697298387,58,33040,53.718718255201566,0.6000000000000001
260708537,33,0.44836063475941645,76.7201563746521,455,43666,78.41878778190903,0.6000000000000001
265567103,10,0.6774426246355963,16.267846940911113,94,16479,25.377582882292927,0.6000000000000001
266640615,15,0.5546767607131029,19.391507215831552,112,16389,25.235890522186537,0.6000000000000001
266640848,9,0.6901040151978787,16.955386075939714,98,16395,25.25394597784907,0.6000000000000001
266787143,4,0.9559934253682518,8.112644094791676,46,11087,17.77661699467353,0.6000000000000001
266787510,11,0.6288544312032887,16.340470601750667,93,11150,17.776578804860037,0.6000000000000001
266788321,12,0.6953770298123803,16.850189959078534,96,11130,17.775206569511738,0.6000000000000001
266717622,9,0.7550383835172911,15.420943749825028,88,11097,17.77512135722145,0.6000000000000001
266723295,2,0.0,0.42916437461485657,0,11159,17.776514333589148,0.6000000000000001
266735121,21,0.3560463721159546,17.230681114714343,98,11242,17.77651888170294,0.6000000000000001
266784171,6,0.910721799475967,11.693172142282037,67,11190,17.776551157618087,0.6000000000000001
266877446,5,0.8647911743269832,5.280638821623597,29,11242,17.77663820181988,0.6000000000000001
266905315,16,0.45800295811245206,23.552593315081367,136,16490,25.378959866226978,0.6000000000000001
266966946,16,0.528219453392329,24.59002723980825,142,16486,25.37751416093147,0.6000000000000001
266968065,15,0.5722013501889457,24.66511554580393,143,16490,25.37899699898935,0.6000000000000001
260356438,5,0.9328260247759979,66.64082302709198,395,43900,78.4187224944078,0.6000000000000001
260420562,48,0.31908410755617234,73.98952170183293,439,43142,78.41874031128782,0.6000000000000001
260420823,39,0.4749692863799372,73.46170586642006,436,41172,78.41870118302859,0.6000000000000001
260476107,35,0.36749153363565856,72.27850272983869,429,40275,78.41887646539863,0.6000000000000001
266994265,17,0.4862375027795973,21.201524640373464,123,16488,25.379354479243375,0.6000000000000001
266994443,9,0.5765895120993536,21.250181004897513,123,16488,25.37937543679527,0.6000000000000001
267002000,10,0.5450467684125102,22.044254313983174,128,16487,25.37755054770446,0.6000000000000001
267040956,13,0.5874224007037869,23.347487457710486,135,16169,25.379433636539943,0.6000000000000001
267041899,18,0.4420745865069643,21.662645031186003,125,16488,25.3793762507712,0.6000000000000001
267046790,17,0.4361680401312903,24.07891290133307,139,16489,25.377500955475853,0.6000000000000001
267063469,19,0.44629241190028257,23.977649581626338,139,16488,25.379029321237795,0.6000000000000001
267090033,6,0.7547139343547803,12.64570574565505,73,16485,25.378976301742114,0.6000000000000001
260476779,37,0.38859250717166893,76.64231141453547,454,43671,78.41871452999794,0.6000000000000001
260507598,20,0.5663811303311828,73.34653486677257,435,43893,78.41877855193115,0.6000000000000001
260507876,43,0.321459590667317,69.99503526953208,415,40139,78.41872008866949,0.6000000000000001
260542381,21,0.5926855316026147,70.41591351370107,418,41979,78.41878898307505,0.6000000000000001
268751690,9,0.5849978974197836,14.56551076186338,83,8982,17.775258857686367,0.6000000000000001
268765642,11,0.6155174236225793,15.553016740139356,89,10915,17.77666158081047,0.6000000000000001
268765670,5,0.9451525902211999,14.107159117887932,80,8996,17.776660921434086,0.6000000000000001
268766053,12,0.5334846685057812,15.832149824439966,90,11129,17.77523687195435,0.6000000000000001
267324071,6,0.7209675788555098,17.417846725561958,101,16465,25.376118090241107,0.6000000000000001
267324084,14,0.48678791335532234,23.952528532752467,139,16489,25.377505742473886,0.6000000000000001
267492210,4,0.9661937094921382,22.61515214175938,131,16486,25.3790260199321,0.6000000000000001
268534632,11,0.6540151964660952,16.08175277647092,92,10950,17.776179578537267,0.6000000000000001
267183401,10,0.6593508263424971,22.042842519636224,128,16487,25.377558850678042,0.6000000000000001
267188864,14,0.6444875368049114,24.287402568296784,140,16486,25.379060865599058,0.6000000000000001
267263253,12,0.6257814553662452,20.62478501381952,119,16484,25.37753058387375,0.6000000000000001
267320484,14,0.5220979471193654,21.662445518960567,125,16491,25.379072697819538,0.6000000000000001
268769168,10,0.6118718677129521,15.12383641039196,86,11130,17.77525559246942,0.6000000000000001
268785978,10,0.537030084247951,14.854386457595183,85,11216,17.778062743036116,0.6000000000000001
269847768,9,0.5935667722241935,14.342829388960809,82,11186,17.774729921412018,0.6000000000000001
270166054,10,0.7552686478128747,20.11406223238464,116,11424,22.823798104858497,0.6000000000000001
270268773,12,0.5464140240267331,22.26557412650004,129,16544,24.904468630939846,0.6000000000000001
270269007,6,0.8807864179849068,23.347471244638655,135,16544,24.904441699884956,0.6000000000000001
270275818,20,0.5247386950296803,23.757861524567943,137,16488,25.377277995687336,0.6000000000000001
270286182,13,0.5156006730099402,16.885751522201417,96,11061,17.774621484497857,0.6000000000000001
270302483,11,0.5803019786848348,18.755742422817775,108,14502,22.59184295200066,0.6000000000000001
270303376,5,0.9173179577525922,20.640480308431734,119,15426,23.89049719307991,0.6000000000000001
270337261,11,0.7297311520678179,22.736330685133225,131,15452,23.91412118701396,0.6000000000000001
270378356,7,0.7145342655794025,12.387271781578875,72,15158,23.857978974841444,0.6000000000000001
270173850,10,0.5273677446218342,19.495438472800743,113,16488,25.37729092849827,0.6000000000000001
270174158,17,0.4345226195917563,23.446788399690604,136,16488,25.377304311836497,0.6000000000000001
270249497,12,0.6013182927752369,21.75297315945795,126,16437,25.303022518916805,0.6000000000000001
270260170,19,0.44915943096722266,22.942901793297096,133,16544,24.904026952140157,0.6000000000000001
270480629,11,0.7851558365506559,23.0958184856745,134,16545,24.90415898620722,0.6000000000000001
270481071,15,0.5229803833628057,20.20419571682305,117,16546,24.90420986296249,0.6000000000000001
270621379,17,0.4895408639152028,22.161055905864487,128,16543,24.90414165895072,0.6000000000000001
270621612,8,0.772731915696229,15.188827520776613,88,16546,24.90416229938728,0.6000000000000001
273569625,19,0.47236860667261715,24.178915863605653,140,16490,25.377504460741193,0.6000000000000001
273652136,9,0.7278545629622382,19.348244243958334,112,16489,25.377261852141828,0.6000000000000001
273699230,5,0.8675543065142886,15.058005295501061,87,16489,25.377275660861642,0.6000000000000001
273734245,10,0.6866335647165381,22.084291292622993,128,16484,25.377282868832708,0.6000000000000001
273792114,18,0.45646999021527757,21.33882193369891,123,16543,24.904081561636303,0.6000000000000001
277802122,2,0.9530153203872261,18.162357904380997,105,16490,25.37890669608987,0.6000000000000001
277891996,12,0.5630801011111621,22.034464633715515,127,16488,25.37749943579024,0.6000000000000001
277892347,14,0.5406402937664802,21.43453465575749,124,16490,25.377529438346983,0.6000000000000001
270622780,12,0.5508423653631231,22.483297926969044,130,16545,24.904146244783078,0.6000000000000001
270653912,14,0.46973016596637773,20.015017762537354,116,16544,24.90387149111939,0.6000000000000001
271724675,15,0.7005564826560392,73.74890935297162,437,41312,78.41414355983011,0.6000000000000001
273555466,16,0.5015293398511518,23.60388767915515,137,16488,25.37746827210708,0.6000000000000001
277892453,3,0.9982526928157208,11.410978319558126,66,16488,25.37753765610455,0.6000000000000001
277911424,17,0.4112420252689726,23.824661530814637,138,16489,25.377416653553382,0.6000000000000001
277911656,14,0.6455217057484758,22.28442067609285,129,16489,25.377438491903604,0.6000000000000001
277912869,9,0.6889777065675965,21.062286739474985,122,16490,25.378941545947782,0.6000000000000001
280789406,11,0.6556600440630825,14.457138999287963,82,11170,17.776640619531463,0.6000000000000001
280789967,15,0.5613984038728823,17.326581601087355,99,11112,17.777973410924005,0.6000000000000001
280794991,7,0.6771732928294443,11.212539211919193,65,16491,25.37938220471642,0.6000000000000001
280803672,22,0.5200489623584291,73.76526106165807,437,44155,78.41656364017376,0.6000000000000001
279088303,42,0.4321042751238807,76.41472971678286,453,43901,78.41892725832031,0.6000000000000001
279088539,37,0.41566918996600455,77.17025070496675,458,43901,78.4174938109179,0.6000000000000001
279091054,13,0.70358056599522,38.05872579927541,224,25337,49.60605741970858,0.6000000000000001
278990983,20,0.4538268803640495,44.76719673013008,264,27410,49.60616389199777,0.6000000000000001
278991073,37,0.3783298261224468,77.5229014459876,460,43901,78.4173575551365,0.6000000000000001
278991349,23,0.5691293805326636,76.91878532138298,456,43899,78.41740635955352,0.6000000000000001
278991580,8,0.88650543099967,29.873751883649902,177,43902,78.4188422426264,0.6000000000000001
277940529,20,0.3815654600009989,22.617844343912566,131,16491,25.378949067541726,0.6000000000000001
278777620,35,0.49864841346668887,77.39359364141342,459,40178,78.41721291406134,0.6000000000000001
278779083,33,0.42766131691601017,77.15917455481667,458,43903,78.41890347859908,0.6000000000000001
278957617,31,0.3643244637705897,76.23942087197474,452,41831,78.41722634994653,0.6000000000000001
279052786,36,0.42768580164624626,71.06310172115536,421,41707,78.41733425492998,0.6000000000000001
279054946,22,0.5457055670600403,75.01038025849493,445,43902,78.4173275088367,0.6000000000000001
279055830,9,0.9175146288300478,52.26565622759881,310,43902,78.41887662868567,0.6000000000000001
279087952,29,0.4484482899303541,45.90905866775802,270,27409,49.60635296235478,0.6000000000000001
279092536,28,0.561621221356051,76.97019985016209,456,43901,78.41744694164368,0.6000000000000001
279159844,30,0.40279967417812435,48.053239339345964,283,24336,49.606039045587295,0.6000000000000001
279160404,17,0.5056065327216654,24.461130212813487,141,16492,25.379186152468492,0.6000000000000001
279318109,34,0.3922301577085505,71.02836136722453,421,43898,78.41738968043933,0.6000000000000001
279322448,32,0.6939787038947034,77.82433326059595,461,43902,78.41739751719865,0.6000000000000001
279361762,29,0.45009365069006846,47.70886086282144,281,27407,49.604707659691485,0.6000000000000001
279362204,7,0.7667530687654558,32.240348790440066,191,41266,78.41712909075522,0.6000000000000001
279362216,7,0.990469545911965,15.03470556358161,88,40883,78.41712688701318,0.6000000000000001
279425657,48,0.32564677248641405,77.92984436904953,462,42092,78.4173453739611,0.6000000000000001
279854899,31,0.42319187788165613,76.05292927682171,451,44153,78.41677568497812,0.6000000000000001
280698967,15,0.6119683122225298,24.51481134443975,142,16489,25.377295517590255,0.6000000000000001
28077586,5,0.9828195656259728,15.352551390637018,87,11074,17.77334624942182,0.6000000000000001
284082067,10,0.7307776963502538,15.14868802481169,86,11149,17.77504952012032,0.6000000000000001
284083051,10,0.6719804172941443,14.34726365313486,82,11212,17.776396603705507,0.6000000000000001
284083493,8,0.6768967517981538,13.965290689099902,80,11124,17.776379146063846,0.6000000000000001
284121210,9,0.6198298984012212,16.168069089039818,92,11121,17.776396580422443,0.6000000000000001
284122100,7,0.8373953294191562,14.536148470782337,83,11155,17.77645957182176,0.6000000000000001
287174076,10,0.5918601413432043,15.436185683654912,88,11157,17.775071381520775,0.6000000000000001
287589907,11,0.5824004887392514,17.306636257814034,98,8936,17.77468318124238,0.6000000000000001
289626783,12,0.653067039182512,23.964318058114486,139,16545,24.90598909280652,0.6000000000000001
281786416,14,0.5339620927798975,19.506825140623278,113,16545,24.903993520919357,0.6000000000000001
281788484,14,0.5207897733720952,20.163739873321674,117,16544,24.9039973521476,0.6000000000000001
281815410,3,0.9699552511277033,21.90817016011897,127,16544,24.90399745412742,0.6000000000000001
284077350,12,0.5401559875626956,16.71084502254439,95,11187,17.774711681459394,0.6000000000000001
293525326,13,0.6691018987345384,24.592740175609833,142,16488,25.37745824106446,0.6000000000000001
293526840,17,0.48492320187443005,24.76639985390898,143,16489,25.37750368168986,0.6000000000000001
293571273,16,0.5952798471782168,23.621960925704116,137,16488,25.37749228369853,0.6000000000000001
293618282,17,0.4804648773025375,24.544254688923274,142,16488,25.378972378312938,0.6000000000000001
290303700,13,0.5078361004974736,22.077348615905976,128,16489,25.37725512519887,0.6000000000000001
293166958,3,0.9992313804170777,6.190327571782518,35,11194,17.777948474179993,0.6000000000000001
293217787,8,0.7491748199586516,15.769554999968022,90,8904,17.77790103039615,0.6000000000000001
293220616,36,0.3606588842370415,76.67645419265955,455,42056,78.41673602227911,0.6000000000000001
281497193,29,0.5209856706217908,52.32358548512889,309,33033,53.71665973928543,0.6000000000000001
281574579,35,0.41669495839572024,50.82789797701321,300,33036,53.716740069815614,0.6000000000000001
281593180,12,0.5008214736468539,24.02539489585297,139,16492,25.3809724831749,0.6000000000000001
281598447,32,0.3801350757312256,50.09585455913498,295,33036,53.716698984054574,0.6000000000000001
299134860,10,0.6412052975792112,16.35844876312808,93,11125,17.776527553247433,0.6000000000000001
299134881,12,0.5617194867399515,17.036242098387447,97,11135,17.776524595832598,0.6000000000000001
299176514,10,0.5002017898541604,14.620909219888517,83,11117,17.77651613988928,0.6000000000000001
299177892,8,0.796254719413863,14.304302599752418,81,11212,17.775171201605644,0.6000000000000001
281703171,28,0.39878594879929175,50.090389965953136,295,33037,53.716844661298865,0.6000000000000001
281728940,7,0.6995700070807119,20.966516640910413,121,16544,24.903976830221836,0.6000000000000001
281729296,30,0.3450892412827128,48.13914253133635,284,33037,53.71687983129891,0.6000000000000001
281781343,28,0.4342389832841318,47.18066085013493,278,33037,53.716866549474844,0.6000000000000001
293224564,38,0.3970762311190952,75.89353179041791,450,40821,78.41855626189817,0.6000000000000001
293270932,28,0.3729983492916289,75.37790029396115,447,40210,78.41679178859431,0.6000000000000001
293271518,19,0.6076924741801066,44.88495149992082,264,24365,49.6058172636599,0.6000000000000001
293508748,10,0.5923806846289179,17.676094059411753,102,16486,25.377401875093938,0.6000000000000001
308209067,17,0.46173353813621876,23.315495879266564,135,16545,24.904418311115478,0.6000000000000001
308210106,16,0.5414655893266815,21.75572937122547,126,16543,24.904370319597547,0.6000000000000001
311864780,6,0.8265314515639004,14.443231402051197,82,10909,17.778005283809307,0.6000000000000001
311883977,5,0.8365967057050867,10.102895243517423,58,11194,17.778001608926843,0.6000000000000001
299897517,31,0.35584276083296884,51.47505623192228,304,33034,53.71667299666228,0.6000000000000001
300033383,10,0.581176582961245,16.952644979844536,96,8835,17.774861697153483,0.6000000000000001
300705038,34,0.5102258087398024,75.68002079572534,449,36860,78.4161032519778,0.6000000000000001
316831681,9,0.8217343061254961,21.358021344666668,124,16489,25.378810277427874,0.6000000000000001
316832201,2,1.0,10.637408999659328,61,16491,25.37882538161739,0.6000000000000001
316832207,11,0.6932098295736849,24.221889085994462,140,16482,25.37882720887228,0.6000000000000001
316832286,8,0.5991440813556284,13.217769451338654,77,16457,25.378822033047072,0.6000000000000001
316854882,20,0.4344472973903921,24.50657670648502,142,16490,25.37738359369746,0.6000000000000001
316855037,11,0.6424248686050553,23.206614401673733,134,16487,25.37738952296263,0.6000000000000001
316881711,20,0.41971888717803085,23.884907702710734,138,16489,25.379371284959234,0.6000000000000001
303953504,14,0.588122859014046,23.862032427986378,138,16543,24.90228992517541,0.6000000000000001
303981359,26,0.5143659312646808,47.386962337578325,280,33030,53.71608080095302,0.6000000000000001
304102181,32,0.3525175136027714,48.1870911380754,284,33033,53.716258448591134,0.6000000000000001
308209064,14,0.6631948603093143,19.859885974099598,115,16545,24.904415701549624,0.6000000000000001
313934186,2,1.0,9.198635849563743,53,16545,24.90428340019298,0.6000000000000001
313934195,8,0.7612479536410359,17.744451724968258,103,16544,24.90428490800423,0.6000000000000001
31654804,32,0.41070899579393116,50.72064306738389,299,33035,53.7164546933916,0.6000000000000001
316830011,12,0.5871259292542617,23.198235367487086,134,16487,25.37736428505218,0.6000000000000001
322048480,12,0.5746050685418203,20.45975548848037,118,16545,24.904217345208053,0.6000000000000001
322050553,10,0.6348083736278709,24.018068404585165,139,16544,24.904181249473368,0.6000000000000001
322065322,11,0.6280961930532531,20.745786937825642,120,16545,24.904157330315684,0.6000000000000001
316992294,9,0.6959753758097507,22.430212900562992,130,16490,25.377361782588423,0.6000000000000001
317060587,10,0.6654352684736132,24.38150849704948,141,16489,25.377318349894495,0.6000000000000001
317088106,11,0.7261977309989183,22.064846058574403,128,16487,25.37726736533864,0.6000000000000001
317097443,18,0.5183213960744361,22.984283925270574,133,16490,25.377274211025224,0.6000000000000001
32198742,11,0.684546507251097,22.129470205405823,128,16126,24.868369611085654,0.6000000000000001
32199330,14,0.6153787481383866,23.46969203142862,136,16111,24.846112559804624,0.6000000000000001
32200787,18,0.5279457135634079,24.53091621603062,142,16430,25.317028042483344,0.6000000000000001
322010023,16,0.4984965659247601,21.799739529774342,126,16545,24.903905336778735,0.6000000000000001
32207625,17,0.4373087584236237,24.053091782747288,139,16151,24.90309273720004,0.6000000000000001
325338671,13,0.5497304849945502,20.095486774207757,116,16490,25.37735189520231,0.6000000000000001
326198086,2,1.0,2.330504538736932,11,11019,17.77620333517916,0.6000000000000001
326205407,6,0.7296201154080241,10.066590537740694,58,11076,17.774811671976295,0.6000000000000001
326205481,10,0.6746371735996257,16.29984203419326,93,11032,17.776198949581158,0.6000000000000001
326210415,8,0.821950550931313,16.81094079264608,96,11008,17.776208436032903,0.6000000000000001
327939708,16,0.5495277035881111,23.111413567031832,134,16546,24.904509046148632,0.6000000000000001
327996089,25,0.82842910756386,23.9112551926346,138,16546,24.904311143361156,0.6000000000000001
316915259,21,0.4863180370127024,52.16789370575839,308,33033,53.71650270004329,0.6000000000000001
316934730,29,0.3926174317770611,52.626232327164416,310,33033,53.71653225277123,0.6000000000000001
316967137,7,0.7404774107876542,18.410738974459264,106,16059,24.21893854781456,0.6000000000000001
316968412,13,0.6432702223969202,43.193133369105226,255,33030,53.71649676402603,0.6000000000000001
317128444,13,0.507698565395676,24.203728113557872,140,16490,25.377307652723402,0.6000000000000001
319259160,38,0.3815942641367416,50.84645735595541,300,33033,53.71446484546709,0.6000000000000001
31943118,4,0.9901772233352012,21.517893428500656,124,16542,24.901199251444723,0.6000000000000001
321978744,13,0.6478754454555613,20.351150877255805,118,16543,24.9039169508369,0.6000000000000001
327996109,14,0.5243631525493907,21.880662948463396,127,16546,24.904311356168364,0.6000000000000001
33443827,11,0.48544617134566415,13.834733092299075,79,11082,17.776404011445265,0.6000000000000001
33490526,12,0.5513269446285067,15.934734099054822,91,11092,17.776405638465803,0.6000000000000001
33490856,12,0.49205671260756023,14.556963029438066,83,11068,17.775040591996458,0.6000000000000001
33493176,9,0.7101870199507874,17.615299948235815,100,11007,17.77641031836174,0.6000000000000001
33495280,11,0.5886814012922331,14.300042811692038,81,11043,17.776411032220494,0.6000000000000001
33526048,9,0.6339938740491803,16.941716741413074,96,11022,17.776435716459673,0.6000000000000001
336874964,9,0.7303239421065799,14.611130228372076,83,11211,17.77642742023818,0.6000000000000001
339767794,4,0.9640447414486114,11.189091706299905,64,10863,17.778107304260175,0.6000000000000001
340707249,9,0.6609833244379502,15.391432707756167,88,11224,17.774718597926494,0.6000000000000001
344283272,6,0.91852024259061,9.3446222218804,53,11212,17.77666084320299,0.6000000000000001
344320670,12,0.47528963580009576,13.543145700424702,77,10922,17.77652255949579,0.6000000000000001
358512823,25,0.44799202809228433,51.07256328159133,301,33036,53.71703317993661,0.6000000000000001
369219815,9,0.6944168148211243,15.596907764126172,90,16415,25.282901305040923,0.6000000000000001
369219891,12,0.5428378286475448,19.466380428366847,113,16407,25.26345804743346,0.6000000000000001
355425821,13,0.47184081346502704,22.03354882137296,127,15973,24.968283538070864,0.6000000000000001
355426813,12,0.5194557725827946,23.38032160359535,135,16545,24.90391261366767,0.6000000000000001
355480244,20,0.5098071530819286,49.15116781902543,290,33032,53.716427858029874,0.6000000000000001
355508749,12,0.6593661007080173,23.962426210430067,139,16545,24.904085913473864,0.6000000000000001
355767588,22,0.41642941798666633,50.73875948137834,299,33035,53.71649352451573,0.6000000000000001
35704767,4,0.9397676759006749,14.83492180937401,85,11213,17.776619332293194,0.6000000000000001
358250131,16,0.45620441882385054,18.34331486733481,106,16545,24.905872285979967,0.6000000000000001
358509438,16,0.5359869727652495,24.305210638699464,141,16492,25.37741531402048,0.6000000000000001
369455534,7,0.882711944199887,12.497182061189505,72,16545,24.904085057355587,0.6000000000000001
369458346,10,0.6052715789196147,22.494030392010018,130,16415,25.282827968510446,0.6000000000000001
369480804,9,0.6242718980286518,16.6016592171502,95,11191,17.776685304856073,0.6000000000000001
369480832,10,0.6510567528410719,15.515540022977802,88,11212,17.776684382846724,0.6000000000000001
336875204,10,0.6547874979693303,16.52502976941446,94,11213,17.776409933259856,0.6000000000000001
336876701,16,0.4621549977798427,16.88477016556999,96,11160,17.776439203797054,0.6000000000000001
33715956,49,0.3304562492318297,75.986646538267,451,44118,78.41577167154287,0.6000000000000001
33878145,24,0.47561551751342734,74.22969857694261,440,44247,78.4143986774991,0.6000000000000001
344368428,11,0.5873432389104684,15.359653002141613,87,11145,17.776320281820517,0.6000000000000001
349273478,37,0.3333590916369855,77.30680867101842,458,43157,78.41653765979663,0.6000000000000001
355403599,6,0.8018967016819863,22.566880433222877,130,15292,23.696055523428186,0.6000000000000001
355424707,30,0.36393256808840513,50.09840850845512,295,33033,53.7165210108717,0.6000000000000001
355602286,28,0.4716923190982224,53.28035775747662,314,33033,53.71645595626478,0.6000000000000001
355651035,5,0.9237706546361664,40.86350520593578,241,33033,53.71505209459406,0.6000000000000001
355652342,29,0.4161410728246828,53.08018118112773,313,33035,53.716298390317434,0.6000000000000001
355703913,35,0.6526413300339183,51.01213855067431,301,33033,53.71627860227386,0.6000000000000001
37716639,9,0.7279446620199621,15.477447607024715,88,11168,17.774630986549255,0.6000000000000001
37716825,7,0.7733220287044706,14.87748987427949,85,11180,17.774640861828175,0.6000000000000001
37744730,12,0.5706368100565695,13.781716117171754,79,11183,17.774655211646404,0.6000000000000001
37745685,14,0.5087590995200645,15.558025827193887,89,11186,17.774617110308554,0.6000000000000001
37773644,7,0.728175032158568,16.595536584278534,94,11187,17.77469210366189,0.6000000000000001
37774136,10,0.6159873456477735,16.570504524336002,94,11187,17.77465910550609,0.6000000000000001
380436218,8,0.8319767681932956,13.241804835144194,75,11194,17.777961800125468,0.6000000000000001
37745770,8,0.6582279275044148,15.266370801376524,87,11186,17.773232999199763,0.6000000000000001
37749396,7,0.6844571856063272,12.930344698171211,74,11186,17.77463864621177,0.6000000000000001
37751660,2,1.0,5.559627537209963,31,11186,17.773244839103654,0.6000000000000001
37762662,10,0.6439002876705493,14.64978103621479,83,11175,17.774691008892205,0.6000000000000001
370325663,8,0.6476361434379634,23.01948539851105,133,16489,25.379180201082818,0.6000000000000001
370328324,22,0.46724658268721675,24.900956722342016,144,16488,25.37733902630339,0.6000000000000001
372817741,10,0.8129638341718087,16.351588046877396,93,9052,17.77799114295658,0.6000000000000001
372848247,23,0.44635769092929656,44.97412491217801,265,24992,49.60613340672057,0.6000000000000001
370236000,9,0.775928240116992,68.48789307322772,406,41331,78.4141513052034,0.6000000000000001
370281600,11,0.6967368644075681,23.023504540257136,133,16486,25.379038404426865,0.6000000000000001
370324073,16,0.524158148954901,24.159672578153277,140,16490,25.37912309191688,0.6000000000000001
370324466,6,0.7078233848566887,11.94295808553261,69,16477,25.379158337354056,0.6000000000000001
369603767,27,0.411268306688942,47.126484010533886,278,27618,49.604205451790676,0.6000000000000001
369706317,46,0.33289052141159814,77.26537093075035,458,44155,78.41676121862815,0.6000000000000001
369964134,15,0.5831699901486759,50.43158675398831,297,33034,53.71628172429996,0.6000000000000001
370233036,12,0.5851345106335303,22.269120820806165,129,16489,25.37882668733164,0.6000000000000001
382532460,10,0.6772995456652285,20.968049734908845,121,16545,24.904187463257585,0.6000000000000001
3836148,9,0.579015673319912,10.258189519892312,59,11116,17.776181752709817,0.6000000000000001
3836364,6,0.868365692230785,12.445704111023815,71,11128,17.774802758287933,0.6000000000000001
3806602,11,0.5276118443420399,15.901198221572031,91,11188,17.77618105561487,0.6000000000000001
380824767,13,0.4682925362823862,21.591611334823938,125,16544,24.90408197607485,0.6000000000000001
380827643,14,0.5398971154446589,22.026332454920976,127,16544,24.904073066111778,0.6000000000000001
380858160,13,0.5501797744233013,22.919376797623727,132,16545,24.904100053977345,0.6000000000000001
381855507,6,0.8950672227193216,11.254090999821074,65,16487,25.377377085149647,0.6000000000000001
381858453,9,0.6709469903860881,24.55936413138261,142,16489,25.377396071557314,0.6000000000000001
382219663,2,1.0,11.40119363476083,66,16419,25.284337772780646,0.6000000000000001
382304517,15,0.7425759845785025,24.870483465407233,144,16489,25.37742145242578,0.6000000000000001
382413530,16,0.42137886893742027,22.10009841659121,128,16490,25.379237223635755,0.6000000000000001
382416191,10,0.7910683587539912,22.861198889532034,132,16545,24.904275517013048,0.6000000000000001
382416402,15,0.5197591990473875,23.54867000346394,136,16545,24.90423692766217,0.6000000000000001
382472618,14,0.5504901230730351,24.138628067533546,139,16215,24.43862557470993,0.6000000000000001
372849495,35,0.3875488436666794,76.6394391364513,454,41384,78.41862255832848,0.6000000000000001
375059160,31,0.4278638166660873,63.10286707927003,374,39922,78.41685560613496,0.6000000000000001
375089653,25,0.4032432316554164,45.16831753507631,266,25406,49.60586179828306,0.6000000000000001
37716298,10,0.665640688875717,14.61911153918345,83,11186,17.774609738424715,0.6000000000000001
389527466,17,0.5207895528551914,23.44819584711604,136,16420,25.28288650492823,0.6000000000000001
389527948,11,0.5887704278358806,20.362094193601024,118,16418,25.282900455209074,0.6000000000000001
389628260,13,0.605698180006254,22.82912167599875,132,16485,24.90409097218526,0.6000000000000001
389751904,9,0.717309836869751,23.709320978589858,137,16545,24.903753737487023,0.6000000000000001
388179423,33,0.40236906564445074,52.519035582785136,310,33035,53.7162340852401,0.6000000000000001
389011260,5,0.9204227204555187,11.181849077501965,65,16486,25.379089503302566,0.6000000000000001
389087654,18,0.5428525278532548,23.5773985543658,136,16490,25.37735219182855,0.6000000000000001
389131517,10,0.6646422303604166,21.171862198892313,123,16488,25.377330001205564,0.6000000000000001
389752285,14,0.536318923857942,23.15656369855583,134,16544,24.903753357507412,0.6000000000000001
389756744,6,0.8626108965113832,42.247523618573496,249,33037,53.716790492223026,0.6000000000000001
3922529,11,0.6529791951290198,17.070685893744212,97,11187,17.776234933557134,0.6000000000000001
393490406,23,0.4019181206304694,44.513066473809886,262,24810,49.606166848826206,0.6000000000000001
3990380,8,0.6052039557302165,17.349865706324408,99,11187,17.77624903238393,0.6000000000000001
40043612,14,0.4971205896877774,17.45938717901845,99,11154,17.774656151350882,0.6000000000000001
40046362,7,0.7791431552425186,15.520600735959306,88,11187,17.774724515084472,0.6000000000000001
396721668,7,0.760045820298658,13.680656802169324,78,8842,17.77790326009881,0.6000000000000001
396721744,10,0.6351605274680124,15.736214733399038,90,8858,17.777894818590994,0.6000000000000001
396723074,6,0.7806461157802086,16.440391961551086,94,8925,17.777904911100904,0.6000000000000001
3990356,5,0.6948839909367233,6.7930258350590975,38,11188,17.776248773476254,0.6000000000000001
3965116,14,0.5157012301313054,16.66096985345007,95,11133,17.77624342489071,0.6000000000000001
396695653,10,0.5810888207197739,15.004297922948126,85,8805,17.7779301204896,0.6000000000000001
396720311,3,0.9500991308490403,12.947327455920004,74,8999,17.777908058738376,0.6000000000000001
396721425,22,0.4587933442822728,48.08403594617039,283,25361,49.606272644742376,0.6000000000000001
393964275,16,0.46979167858260995,22.106616544259623,128,16545,24.90381706881908,0.6000000000000001
393964361,10,0.625456723510517,23.708004257691073,137,16544,24.903809817541514,0.6000000000000001
394005654,9,0.7454482246012532,21.463602799055934,124,16482,25.37886367899864,0.6000000000000001
394494795,15,0.6647131337213844,23.10242483216939,134,16490,25.37735975975579,0.6000000000000001
393490564,15,0.570894647961579,17.438996903056932,99,8950,17.777887286170426,0.6000000000000001
393491843,18,0.5698326188448269,46.99782435113866,277,25462,49.60620849460315,0.6000000000000001
393962765,17,0.5766942513311557,22.616395464500783,131,16544,24.90386617047352,0.6000000000000001
393963749,15,0.5081071475494406,21.62611290965833,125,16545,24.903863076154266,0.6000000000000001
40047077,18,0.8909049529428611,16.833028418527874,96,11160,17.77468535622984,0.6000000000000001
40059019,4,0.953883511026274,8.626226872208463,49,11136,17.77467715267494,0.6000000000000001
40060706,10,0.5427916264010971,11.01515914615311,63,11169,17.774705300968435,0.6000000000000001
40083560,10,0.5886499723714248,16.896925427341102,96,11186,17.774695396818515,0.6000000000000001
40103277,7,0.772959322852252,14.4664113642757,82,11186,17.774710021376904,0.6000000000000001
40103287,2,0.9972896199282931,17.566379695850173,100,11185,17.774709244653877,0.6000000000000001
40182390,11,0.6852505098724799,15.009515359666011,85,11103,17.774734104913023,0.6000000000000001
401838575,4,0.9325975217917436,36.82806470987725,217,27489,49.60430010862319,0.6000000000000001
401838756,14,0.6042761583756863,45.71676571044168,269,27480,49.604352770723835,0.6000000000000001
401890220,8,0.8101042168236239,12.68901091969451,72,11330,17.77796162166078,0.6000000000000001
401985735,10,0.6212748287266114,20.91909407485423,121,16545,24.903785744715606,0.6000000000000001
401986029,17,0.4790993898280671,21.724648963843947,126,16545,24.90380852765975,0.6000000000000001
402026209,26,0.5844541100416658,23.738567909457743,137,16545,24.90383574463067,0.6000000000000001
402026350,21,0.39604544760813665,23.964947307060356,139,16543,24.903820003882174,0.6000000000000001
402028212,10,0.6652898456341716,21.85560206124569,126,16543,24.90424430373696,0.6000000000000001
402041756,13,0.5879105472560685,24.340344320097074,141,16544,24.904228566480924,0.6000000000000001
406353280,14,0.5218489873629074,17.20515506050947,98,11187,17.774589196708348,0.6000000000000001
406353865,3,0.9656710435628781,12.708131304874541,72,11170,17.774629384674427,0.6000000000000001
407581546,16,0.4745778552403497,23.499595954133383,136,16489,25.377345082810507,0.6000000000000001
408004431,2,1.0,6.574848604396948,37,11186,17.77322801755531,0.6000000000000001
408013652,8,0.6322988755094728,15.78579427057889,90,11186,17.774614318669137,0.6000000000000001
408016281,9,0.5208700906539343,13.5527297084584,77,11187,17.77626847607098,0.6000000000000001
408037026,10,0.5400089132640856,14.990225895531466,85,11187,17.776286425916624,0.6000000000000001
408047708,14,0.6403977315352303,16.88474290334716,96,11211,17.776399044236314,0.6000000000000001
404462097,4,0.9404928499610987,12.318129482397126,70,10858,17.776502181692194,0.6000000000000001
405428615,12,0.5592386499319574,19.757995389591315,114,16490,25.377392368851588,0.6000000000000001
405428895,16,0.4795575960219387,24.009338085397758,139,16487,25.37737052398211,0.6000000000000001
406351414,8,0.8767148011457435,16.355180767837965,93,11154,17.774597371392247,0.6000000000000001
402042483,10,0.8214310921195593,22.945978299102535,133,16544,24.90432724592847,0.6000000000000001
402103411,15,0.6297048397588267,25.06929181500118,145,16492,25.379010641933746,0.6000000000000001
402112759,15,0.46850863060140113,21.47251772409868,124,16545,24.90453236227495,0.6000000000000001
402128282,10,0.6419690725781131,21.396156999485356,124,16546,24.90598603527451,0.6000000000000001
402129242,14,0.6373123579453126,22.60309377433532,131,16542,24.904505212359254,0.6000000000000001
402129745,18,0.455791864426941,21.57949720636566,125,16544,24.905985392661933,0.6000000000000001
402129754,14,0.5571994957056262,23.41290767645387,135,16545,24.90598618428612,0.6000000000000001
402130354,13,0.6009908601948198,20.757294320237406,120,16544,24.904544130932663,0.6000000000000001
408049337,13,0.5644940321725369,16.42641456895126,94,11157,17.7763987857943,0.6000000000000001
408067963,10,0.5361500754850064,15.315306633850923,87,11173,17.77641122966088,0.6000000000000001
408069339,3,0.9875472888747827,14.279207816837925,81,11213,17.776453323112946,0.6000000000000001
408070719,7,0.8012568689516697,16.375042094371565,93,11213,17.77642565212227,0.6000000000000001
408083407,7,0.9067615590326206,10.687493516572204,61,11143,17.776417301884067,0.6000000000000001
408083839,9,0.6580757720918962,15.262536393438495,87,11160,17.776430876841914,0.6000000000000001
409137046,13,0.5277476656394327,22.267704364040583,129,16384,25.227360763684146,0.6000000000000001
410135251,15,0.49334774711858786,23.838648479762696,138,16428,25.37890203365623,0.6000000000000001
419016040,3,0.9768901908255095,14.462620554028945,82,10892,17.77512231927767,0.6000000000000001
419051315,13,0.6358196183232957,22.592083429961804,131,16545,24.904592241194223,0.6000000000000001
42074448,17,0.6600538861130951,16.802592056680624,96,10949,17.776198297655355,0.6000000000000001
421873120,13,0.5285489802077801,18.439966926903253,107,16487,25.377391724143536,0.6000000000000001
410153553,38,0.2609648447066433,24.51083321062174,142,16488,25.37748245521857,0.6000000000000001
410212351,14,0.5334574694491871,24.033143543876122,139,16490,25.378970799954004,0.6000000000000001
410253041,10,0.62873591892666,23.649584067704836,137,16488,25.377340962173776,0.6000000000000001
410255881,15,0.5823518268609232,23.807870622061728,138,16490,25.377293149004117,0.6000000000000001
439455229,8,0.7065029134000596,16.092946822608155,92,10983,17.776258540256094,0.6000000000000001
439460890,10,0.6312941743132114,15.494361566966745,88,11014,17.776266318196576,0.6000000000000001
439463902,10,0.6428540463490394,13.555462740965368,77,10979,17.776294131679606,0.6000000000000001
439466001,11,0.5935986591462978,15.141625117255899,86,11076,17.776308332020562,0.6000000000000001
410442002,13,0.59033934035662,20.578703811236437,119,16489,25.37725661182253,0.6000000000000001
412051524,14,0.63068849794254,24.26086048703678,140,16488,25.378906773156814,0.6000000000000001
41861999,26,0.516945254753649,48.995933932507114,289,27527,49.6042671295595,0.6000000000000001
41898474,5,0.9591378988291321,46.75713394645936,275,27614,49.604301162181855,0.6000000000000001
421937394,6,0.8279217312382141,11.133097172486714,64,16490,25.377343164984495,0.6000000000000001
425881596,32,0.3911391195652232,51.96092582566507,306,33033,53.716459310888695,0.6000000000000001
425883009,31,0.37755097426935336,53.305326943847376,314,33033,53.71643753936087,0.6000000000000001
469914390,2,1.0,1.1083487920839161,4,15274,23.950268393457463,0.6000000000000001
469933344,12,0.5519669397848781,15.108485791738303,87,13406,21.714103564598645,0.6000000000000001
441491515,4,0.8992435618943769,7.056977652523756,40,11138,17.776385940062028,0.6000000000000001
441493794,9,0.6065732156658783,14.33332739314892,82,11136,17.774995248228606,0.6000000000000001
44579241,13,0.5953961355502957,22.94472421222622,133,16491,25.379467657055102,0.6000000000000001
44624744,6,0.8204396582331461,16.302917609657015,94,16489,25.379408022608004,0.6000000000000001
439492792,10,0.7003761795723151,13.329124893977905,76,11077,17.776317278770875,0.6000000000000001
441056293,14,0.564034425124543,21.75030204225959,126,16545,24.90448737380666,0.6000000000000001
441193637,17,0.4818438602495638,19.257221495617614,111,16407,25.26010904127861,0.6000000000000001
441428637,6,0.8656454427496333,13.239920346841245,77,15936,24.593969210498017,0.6000000000000001
425938730,28,0.4576974047939393,49.59973704236609,293,33035,53.71644850205416,0.6000000000000001
426012953,34,0.34051521463110235,50.071615350795355,295,33034,53.716037664652504,0.6000000000000001
43362331,11,0.5692957836336816,22.990651246935613,133,16545,24.905981374005023,0.6000000000000001
434103832,12,0.6086116617359846,21.65987875750784,125,16545,24.904344694722568,0.6000000000000001
469933397,14,0.5630124668992114,20.664165271892443,120,16491,25.379462381578378,0.6000000000000001
469939293,9,0.7071239575823226,16.83729318802898,97,15806,23.860887526670012,0.6000000000000001
469939625,14,0.5022982548592149,23.963693704765546,139,16544,24.903958197716747,0.6000000000000001
469947160,6,0.8544454465228146,13.980616852973071,81,16544,24.904154103748624,0.6000000000000001
425883195,30,0.32733864980076377,51.737327127493245,305,33033,53.71647579459977,0.6000000000000001
425884565,30,0.4574525589757229,50.96929337294637,301,33034,53.71647376757619,0.6000000000000001
425931703,33,0.39409988076459035,51.76908587048342,305,33032,53.716274013181874,0.6000000000000001
425936552,6,0.9749757369233629,33.99699268984318,201,33029,53.71650188616263,0.6000000000000001
52315024,12,0.8035991836105622,22.583011742250847,131,16544,24.902433534185093,0.6000000000000001
52365497,14,0.512147702049806,23.88716153146993,138,16543,24.902431412166607,0.6000000000000001
52367601,15,0.46455739175883626,22.781631879912766,132,16264,24.508004703604,0.6000000000000001
52016952,13,0.6287180691383668,21.022251360922155,122,16490,25.37921564815133,0.6000000000000001
52077955,10,0.6182194922009328,14.773596885477218,86,16490,25.379216083777465,0.6000000000000001
52194213,25,0.4647553468245016,53.50653454720373,316,33034,53.71625256068046,0.6000000000000001
52257960,10,0.7051813435508646,19.148704686748715,111,16489,25.379271214814253,0.6000000000000001
469948126,16,0.5608787907267193,22.86808218554461,132,16345,24.620863635702335,0.6000000000000001
469966859,30,0.45264210736155386,51.0818270597706,301,33034,53.71647558458653,0.6000000000000001
469972461,20,0.5048068195832526,50.778872586666466,300,33033,53.716401962002465,0.6000000000000001
469980385,20,0.34511697699288535,20.553904558054,119,16490,25.37748571438192,0.6000000000000001
52286391,15,0.5202771148731548,23.423228981130478,135,16544,24.902377532361697,0.6000000000000001
52307802,33,0.39909757504700294,51.82615496108565,306,32791,53.38169683621754,0.6000000000000001
52314170,11,0.7610377053635752,39.242691871379975,232,33034,53.71622634578557,0.6000000000000001
52314627,8,0.7036715849994876,20.01496394182095,116,16541,24.90238856376118,0.6000000000000001
53894240,12,0.6410814503532943,16.149994374778544,94,16409,25.26542456903462,0.6000000000000001
53938270,18,0.3923736428053928,22.920956868757457,133,16304,25.271004091349823,0.6000000000000001
53976572,15,0.5041946963309203,23.88627618891087,138,16343,25.261287427892057,0.6000000000000001
55296811,29,0.4855519251524285,48.50196748112489,286,27857,51.057557384986694,0.6000000000000001
55400333,37,0.40244211041666045,75.00338952910761,445,39800,76.49090896341022,0.6000000000000001
55855870,6,0.7700370069998679,11.569410776704217,66,11226,17.77632020358942,0.6000000000000001
55856742,14,0.42467060809317925,12.617988371726597,72,11075,17.77631292576916,0.6000000000000001
55857030,11,0.5366118508392197,15.39712613264237,88,11226,17.776284661060345,0.6000000000000001
62221982,15,0.49255742208985276,22.280929720344375,129,16354,25.18928554870945,0.6000000000000001
62377610,9,0.682562595343454,18.998923801992532,110,16546,24.905987691631708,0.6000000000000001
63697276,16,0.5263324856801184,23.579385844203216,136,16546,24.904405012760435,0.6000000000000001
63697344,9,0.6629971413182604,21.95572711918021,127,16545,24.904398205723737,0.6000000000000001
60111124,16,0.6226386499821621,24.24889108364141,140,16147,25.189190332617727,0.6000000000000001
60369879,13,0.6071198468840694,24.257231823816483,140,16357,25.189186891380814,0.6000000000000001
60371639,8,0.7452277755757186,22.279482473015378,129,16355,25.189204489652184,0.6000000000000001
61981778,13,0.5332684692224882,22.22535125186141,129,16339,25.16426144491038,0.6000000000000001
63697556,16,0.427424264158873,24.340489814163448,141,16544,24.90437684956578,0.6000000000000001
65258169,13,0.569084239505028,22.457065905986838,130,16546,24.904313494484995,0.6000000000000001
66356538,14,0.5411972324269185,21.905861304540394,127,16545,24.90453588639957,0.6000000000000001
66357973,17,0.452182559725794,23.890610666498787,138,16543,24.9045043252745,0.6000000000000001
70744199,5,0.904967733238656,8.45272285188048,48,16527,24.90427375588206,0.6000000000000001
70744320,4,0.9465756787259952,24.115377759090734,139,16546,24.904274829231326,0.6000000000000001
70762901,4,0.8736622199712748,11.582060370892805,67,16543,24.904262118075167,0.6000000000000001
70763084,3,0.9814248635331869,3.981937617181302,21,16545,24.904284389257555,0.6000000000000001
66412048,27,0.3943489533279969,46.40275474699342,273,27770,49.60411858253997,0.6000000000000001
66435575,4,0.9429994621552584,45.004282187412855,265,27768,49.60418137277361,0.6000000000000001
66536204,10,0.6830864155772022,16.216610977304754,92,11074,17.776316573294025,0.6000000000000001
66550650,10,0.7408722988955899,16.797134480382056,96,11072,17.77628835980795,0.6000000000000001
70722627,2,1.0,4.516688483844746,25,16544,24.904182557515924,0.6000000000000001
70723644,9,0.7402155640932796,23.784772510438188,137,16546,24.904209744684522,0.6000000000000001
70723782,18,0.46797908328007765,23.480631026982792,136,16546,24.904227692201857,0.6000000000000001
70742137,17,0.47933678911461186,23.388967861769288,135,16546,24.904269966330503,0.6000000000000001
67544844,22,0.496800369112564,46.93342141641028,276,27768,49.60425704785507,0.6000000000000001
69747919,15,0.47121752332049915,21.341205589802712,123,16542,24.9022346921588,0.6000000000000001
69925764,14,0.6355875590810768,24.238460056041504,140,16546,24.90372284784553,0.6000000000000001
70420258,15,0.5520232068680381,23.529437818819133,136,15870,25.189178152315435,0.6000000000000001
70777408,13,0.5911216326616494,21.90289736868408,127,16546,24.904274705831085,0.6000000000000001
70785900,8,0.9126444416225314,22.770946957974047,132,16544,24.904300996136044,0.6000000000000001
70787947,17,0.48664064195928525,23.291772603363142,135,16544,24.904302168205504,0.6000000000000001
70788069,20,0.491981736770268,20.875159103901524,121,16546,24.90431573571277,0.6000000000000001
70774607,13,0.5962702260048925,19.84580143643757,115,16545,24.90420516816539,0.6000000000000001
70775391,17,0.47795163521200046,23.43207272076461,135,16545,24.90428904633609,0.6000000000000001
70775634,17,0.48673770096363844,22.787581323979566,132,16546,24.904284324996297,0.6000000000000001
70776480,14,0.5341672971936134,23.754175664981176,137,16545,24.904188466292,0.6000000000000001
66374862,26,0.5517444528954633,45.57365723755993,268,27771,49.6042145911872,0.6000000000000001
66399111,17,0.5974206049193871,44.281900187253314,261,27745,49.60413410582464,0.6000000000000001
66410290,17,0.5634829032486898,23.94200639191058,138,16545,24.90452726980311,0.6000000000000001
66411836,13,0.5753128830025734,48.78751885297174,287,27771,49.60417822536897,0.6000000000000001
70797827,17,0.46018102052495424,22.662609744523024,131,16546,24.904315052122,0.6000000000000001
70857782,16,0.4077547301981401,22.69038617644719,131,16545,24.90428283208621,0.6000000000000001
70858051,14,0.4628415454635768,22.826547009657133,132,16544,24.904313670504962,0.6000000000000001
7143936,3,0.9967666895334674,11.292922793282742,65,16543,24.904022846404587,0.6000000000000001
7186216,16,0.5520189148322686,22.71517864281259,131,16543,24.90405895890308,0.6000000000000001
7186505,13,0.5537760006786032,23.356867154979,135,16544,24.904074225608383,0.6000000000000001
75353219,9,0.5851744452833773,15.620502270865245,89,11187,17.77461664604425,0.6000000000000001
75353949,6,0.7144989015517619,14.02611917676677,80,11142,17.77466140633851,0.6000000000000001
75373928,10,0.7354375598455171,16.059449910910644,91,11135,17.774672130052295,0.6000000000000001
75377810,3,0.9584371734697279,10.845687881726917,62,11184,17.774685073573437,0.6000000000000001
76923707,16,0.48247119427453167,21.52476770567978,124,16546,24.903920283574735,0.6000000000000001
76987466,10,0.7177846633836723,19.310861577942887,112,16546,24.903926833566402,0.6000000000000001
80340568,14,0.570613961358179,23.615344615230242,137,16542,24.904235339291517,0.6000000000000001
80342205,15,0.5018674796512633,24.520887712412105,142,16545,24.904225256793325,0.6000000000000001
80427253,14,0.5383059059780204,22.512583152561774,130,16542,24.904275784302627,0.6000000000000001
77005811,9,0.7290407119392986,20.622096115334216,119,16543,24.90394319038478,0.6000000000000001
79172136,14,0.44564008473224426,21.063439849031738,122,16489,25.377274648979665,0.6000000000000001
79282952,14,0.49612382537144284,23.021784387036405,133,16489,25.37731729563734,0.6000000000000001
79325634,5,0.8636399428621663,13.09277661364331,76,16488,25.377337150037647,0.6000000000000001
79354962,6,0.7919102090979746,22.0065771445652,127,16488,25.377373052057237,0.6000000000000001
79395764,14,0.5228677837712449,22.767719000150237,132,16490,25.377384785324693,0.6000000000000001
79398126,7,0.7881168037233344,14.053833740403434,82,16490,25.37736848857662,0.6000000000000001
79403675,7,0.9852579836994155,20.249696784873095,117,16488,25.377356938779712,0.6000000000000001
79405368,15,0.568985845134361,22.82188942030507,132,16487,25.378781034830354,0.6000000000000001
79405578,4,0.9294277725076157,9.601182228364223,55,16491,25.378788375514887,0.6000000000000001
79424904,17,0.4556996544293881,23.6982696181135,137,16491,25.378802482723586,0.6000000000000001
79569274,14,0.43405597285542097,15.315463812934922,87,11750,17.777987902652512,0.6000000000000001
80080784,5,0.8787855021910438,21.60015854142648,125,15997,24.826591837597334,0.6000000000000001
80260513,6,0.891564921864908,19.69996553868532,114,16541,24.90415633473185,0.6000000000000001
80314959,14,0.5287416879617962,21.756898384031956,126,16542,24.90414249062178,0.6000000000000001
80339388,11,0.5471570244643723,20.473556415431858,118,16541,24.90415846420092,0.6000000000000001
80427281,7,0.9469156929990499,22.958443288395074,133,16542,24.904281466301654,0.6000000000000001
80427599,14,0.5507641873883405,23.680657983209358,137,16544,24.904283304266755,0.6000000000000001
80427634,19,0.5693657145357737,23.814002229005155,138,16544,24.904279827173923,0.6000000000000001
80430264,16,0.5215071006779898,23.61260501937886,136,16544,24.904280012972777,0.6000000000000001
92364863,10,0.5108819305651001,8.42201322959454,48,16280,25.07600681667509,0.6000000000000001
92442172,13,0.46589134577295743,20.960804064081458,121,16283,25.078787163791276,0.6000000000000001
92451349,15,0.4903443245125576,22.54410243089069,130,16391,25.24131523820097,0.6000000000000001
80430430,15,0.5356880567164843,20.96543831540248,121,16542,24.904303752385204,0.6000000000000001
80438267,14,0.5367875447308177,24.19309901636575,140,16544,24.904214270679404,0.6000000000000001
80438901,12,0.5879249670665233,21.072277160637896,122,16545,24.90425050820795,0.6000000000000001
80509361,20,0.47193278370800484,23.170906903248124,134,16545,24.904256511513267,0.6000000000000001
92452841,13,0.5594226815942294,17.05801730283929,99,16394,25.241324041527605,0.6000000000000001
92497469,9,0.7332220047185557,19.29975440934163,112,16351,25.178813652026975,0.6000000000000001
92706840,7,0.789594239831878,10.524786227820869,61,16391,25.241361288376993,0.6000000000000001
80510666,18,0.5825372864413875,23.712674298371667,137,16544,24.904349128283684,0.6000000000000001
8196402,15,0.7342740302084161,20.913413656242483,121,16396,25.25225891635023,0.6000000000000001
89002990,10,0.5736207758674006,23.18485605437718,134,16485,25.37928376974105,0.6000000000000001
89018360,14,0.6995784912435342,22.234843891837727,129,16490,25.379324342809014,0.6000000000000001
92196301,10,0.6572510694015575,24.58475318198157,142,16490,25.379190766006104,0.6000000000000001
92228046,12,0.5613578257459608,24.744488755586644,143,16491,25.379215482841573,0.6000000000000001
92258567,15,0.5032732870177109,22.28848069785772,129,15935,24.598180883988334,0.6000000000000001
92364700,12,0.5510543015309106,23.755181026486753,137,16367,25.201004845328725,0.6000000000000001
92731064,14,0.6308147341393514,24.43584095103097,141,15708,25.217766323742126,0.6000000000000001
92734713,17,0.4217473333222155,21.8164257113649,126,16423,25.28439243582784,0.6000000000000001
92994093,11,0.5550240759908821,16.157173183908753,92,11138,17.776617201892805,0.6000000000000001
92995003,5,0.9184429453466038,16.55438248394944,94,11138,17.776614667298418,0.6000000000000001
89020549,22,0.47077556623246686,24.718259852519395,143,16488,25.379376156940452,0.6000000000000001
89021585,22,0.47384107682854837,24.61400756519697,142,16491,25.379287341363124,0.6000000000000001
92130019,16,0.5240764054071956,19.5307174835948,113,16546,24.904337841585402,0.6000000000000001
92131593,10,0.6711621492598817,21.366793734157,124,16545,24.904377232805018,0.6000000000000001
98672920,12,0.5188603221345811,15.165006355019614,86,10992,17.774680790420916,0.6000000000000001
98678529,9,0.686965146861262,15.699717591211765,89,11076,17.774672791756984,0.6000000000000001
98665166,9,0.7659116420220478,16.87331130284315,96,10949,17.774669460881796,0.6000000000000001
98666609,15,0.5483827036014214,16.00524071970517,91,11075,17.774644382227507,0.6000000000000001
98666650,12,0.5614954651345887,15.899677977084593,91,11044,17.77464678224578,0.6000000000000001
98672854,6,0.9136982538383654,14.898349988503242,85,11076,17.77467699667841,0.6000000000000001
97475019,12,0.5194937779165315,15.600006073444774,89,11058,17.776386405723315,0.6000000000000001
9788918,17,0.4821905744077428,21.32117025821435,123,16546,24.904587474685286,0.6000000000000001
98609758,8,0.7803372970486412,11.785892585135798,67,11074,17.773259735608235,0.6000000000000001
98659013,16,0.40549188343042,15.738590377171477,90,10977,17.773268648365274,0.6000000000000001
9699512,13,0.648966358112054,22.026683411545037,127,16546,24.90451626902086,0.6000000000000001
97409519,11,0.8013191270953907,23.61138090438044,136,15758,24.764154216979023,0.6000000000000001
97410755,10,0.6522163855318491,17.85997718609883,103,16356,25.189117756977794,0.6000000000000001
97469879,8,0.7210242461734155,9.916641203374184,57,11057,17.776372135533165,0.6000000000000001
