,n_cadences,sigma_ppm,tau_gp_days,tau_celerite2_days,cdpp_1.0h_ppm,cdpp_2.0h_ppm,cdpp_4.0h_ppm,scatter_ratio_halves,acf_lag1
count,188.0,188.0,188.0,188.0,188.0,188.0,188.0,188.0,188.0
mean,19672.005319148935,2638.8648737378685,0.00998819017043671,1.6476192452679777,1778.546499804105,1442.682958745081,869.1629158107052,1.0122413663893801,0.09011337534469459
std,8375.797384339055,11491.79800068376,0.015557426211663375,21.31133968789963,10561.068717098373,8295.620409270769,4939.6756316908195,0.05655614910684459,0.23803302829179943
min,11589.0,265.4889590833436,0.0027777489431173308,6.229412679223081e-08,51.02792790345549,34.13185851344955,19.46224466593029,0.9009889714644458,-0.01829370535216087
25%,17185.0,693.4734698398107,0.005555477977168266,0.0161617130159737,139.5367971500207,98.82372013931263,63.302674970310406,0.9849760754144212,-0.0008125309531840738
50%,17573.0,1067.3914183656566,0.005555580819077477,0.02251930847354746,222.14564052411038,153.74649848351217,98.06224449353306,1.006902479979504,0.0052730473577543135
75%,17579.0,1551.0815672223082,0.009722171717498895,0.055829416296095155,348.07255469062784,262.3815308906793,181.89947786112438,1.0246276068285796,0.02277636753661586
max,47073.0,154363.5521038328,0.09444449361808438,292.2868156064048,120003.85385151264,84295.0430336731,51186.349991857795,1.5632310192479117,0.9992735194217042
